decade,year,title,term,category,line_text,first_tech_position,first_tech_category
2000,2001,15 minutes,television,communication,"How you go out on a limb for somebody is by giving her a number of an Immigration lawyer.  Here, here's a number of an Immigration lawyer.  That's how you help her. But you can't get involved in her like that.  You're gonna jeopardize your career, your life and you're gonna jeopardize my case.  And lemme give you another piece of advice.  Maybe you don't watch TV but I'll let you in on a little secret - the whole fuckin' world watches television.  And when you get out there, they know your face.  And the little fame, the little fuckin' itty bitty fame that I get in this city makes it a lot easier for my job.  And I get more done because of it.",0.674347158218126,communication
2000,2001,15 minutes,tv,communication,"How you go out on a limb for somebody is by giving her a number of an Immigration lawyer.  Here, here's a number of an Immigration lawyer.  That's how you help her. But you can't get involved in her like that.  You're gonna jeopardize your career, your life and you're gonna jeopardize my case.  And lemme give you another piece of advice.  Maybe you don't watch TV but I'll let you in on a little secret - the whole fuckin' world watches television.  And when you get out there, they know your face.  And the little fame, the little fuckin' itty bitty fame that I get in this city makes it a lot easier for my job.  And I get more done because of it.",0.674347158218126,communication
2000,2001,15 minutes,tv,communication,I don't even watch TV.,0.8636363636363636,communication
2000,2001,15 minutes,phone,communication,Answer the phone.,0.6470588235294118,communication
2000,2001,15 minutes,phone,communication,Don't worry about the damn phone.  I won't answer it.,0.5094339622641509,communication
2000,2001,15 minutes,television,communication,Million?!  The killer gets one million dollars for a television interview?,0.7162162162162162,communication
2000,2001,15 minutes,phone,communication,"Take your eyes off her, Oleg!  Look.  It wasn't my fault you two were caught.  It's his fault.  Trying to get the bank clerk's phone number?!  I wasn't going to wait!!!",0.7559523809523809,communication
1960,1968,2001: a space odyssey,computer,computational,"I'm sorry, Dave, but in accordance with sub-routine C1532/4, quote, When the crew are dead or incapacitated, the computer must assume control, unquote. I must, therefore, override your authority now since you are not in any condition to intel- ligently exercise it.",0.42641509433962266,computational
1960,1968,2001: a space odyssey,phone,communication,"I'm terribly sorry. I was just on my way down to meet you. I saw your ship dock and I knew I had plenty of time, and I was on my way out of the office when, suddenly, the phone rang.",0.9395604395604396,communication
1960,1968,2001: a space odyssey,phone,communication,"Yes. Well, for one thing, whenever you phone the base, all you can get is a recording which repeats that the phone lines are temporarily out of order.",0.26,communication
1960,1968,2001: a space odyssey,device,computational,"Well, not really. At first glance, black would suggest something sun-powered, but then why would anyone deliberately bury a sun- powered device?",0.9513888888888888,computational
1960,1968,2001: a space odyssey,phone,communication,"Well, I'll tell you why I ask. You see, I've got a girl who works in the Auditing Department of the Territorial Administrator and I haven't been able to get her on the phone for the past week or so, and with all these stories one hears, I'm a little concerned about her.",0.6222222222222222,communication
1980,1982,48 hrs.,tv,communication,"Yeah, too bad.  They were real nice lookin' too...In bed together, hardly any clothes one watching TV...",0.9519230769230769,communication
1980,1982,48 hrs.,phone,communication,You missed ... Luther took a taxi to the hotel across the street. Made a phone call.,0.8690476190476191,communication
1980,1982,48 hrs.,phone,communication,"If we come outta this joint with Ganz' phone number, or a dead Indian, or anything else useful, then you could turn the other way for half an hour while I get laid...",0.23493975903614459,communication
1980,1982,48 hrs.,phone,communication,Who'd you call on the phone back at the booking station?,0.39285714285714285,communication
1980,1982,48 hrs.,tv,communication,"It might pay to reexamine a few of your more primitive notions.  I was in bed with a girlfriend watching TV last week, Jack, and one thing we know about me is I happen not to be a lesbian ... Now, if this Indian's girlfriend got upset when you came looking for him, it could just be she's still vulnerable to him.",0.3354632587859425,communication
1990,1997,the fifth element,radio,communication,"I'm sorry to have to resort to such methods, but we heard about your good luck on he radio and we need the tickets to Fhloston.",0.6692913385826772,communication
1990,1997,the fifth element,phone,communication,"She's not my bride, she's my fare. She's looking for this Vito Cornelius. According to the phone guide he lives here.",0.7777777777777778,communication
1990,1997,the fifth element,radio,communication,"They've been blaring out your name on the radio for the last hour, blockhead!",0.5454545454545454,communication
1990,1997,the fifth element,radio,communication,"I didn't come here to play Dumbo on the radio. So tomorrow between 5 and 7 give yourself a hand, that clear pal?",0.35714285714285715,communication
1990,1997,the fifth element,machine,computational,But I don't know love... I'm like a machine programmed to save other people's lives but never to have one of my own.,0.3103448275862069,computational
1990,1997,the fifth element,screen,computational,You get that off the screen?,0.75,computational
1990,1997,the fifth element,screen,computational,Sometimes you can't learn everything from a screen..sometimes it's better to ask someone who has experience..,0.4036697247706422,computational
1990,1997,the fifth element,phone,communication,Who gives a shit! I didn't come here to listen to music! Listen up instead of running off at the mouth! The batteries on my phone are almost gone.,0.8493150684931506,communication
1990,1997,the fifth element,screen,computational,Really? Maybe I can get you on my screen and see you at last!,0.5573770491803278,computational
1990,1999,8mm,phone,communication,Why haven't you called?  Why don't you answer your phone?,0.8947368421052632,communication
1990,1999,8mm,phone,communication,"I'm okay.  Please, honey, I can't explain.  Don't use the phone, just pack a bag and get out.  I'm on my way.  I'll be back at the house in three hours.  Call me from the hotel when you get there",0.29743589743589743,communication
1990,1999,8mm,machine,computational,I promised him to Machine.,0.6923076923076923,computational
1990,1999,8mm,phone,communication,"There's nothing there, you brain- dead cunt.  Think about it.  There's absolutely no way in this world to connect us to anything.  I want you to hang the phone up, and if you call me about this again I'm going to send a friend of mine out there and have him crack you open with a fucking rib spreader.",0.5116279069767442,communication
1990,1999,8mm,machine,computational,Machine's in?,0.0,computational
1990,1999,8mm,machine,computational,Machine.,0.0,computational
1990,1999,8mm,machine,computational,"Files are mostly by state and year of disappearance.  We try to keep the children and adults separate. No eating or smoking in here, but there's a coffee machine in the hall.",0.8850574712643678,computational
1990,1999,8mm,telephone,communication,"Few days ago, I was contacted by a couple living in Philadelphia, a doctor and his wife.  What happened was they picked up a young girl hitchhiking off 81, which heads into Philadelphia, started up a conversation with this girl, she looked homeless, seemed about eighteen maybe.  They convinced her to let them buy her a meal in the city.  Nice kid, mature, didn't have much to say, but they got a sense she's a runaway, so all through dinner the doctor's working on her, trying to convince her that at the very least she should pick up a telephone.  Not surprisingly, she ate her food, excused herself...  That's the last they saw her.  The reason they came to me for help, the reason I'm coming to you, is we had a friend of mine in the department work up a sketch...  They want to see if I can I.D. this girl, somehow pass along a message to let the parents know the kid's alive, doing alright.",0.600891861761427,communication
1990,1999,8mm,machine,computational,"There wasn't nobody around.  This place was a shit-hole.  I backed up the car to the door and we carried her in, like groceries.  Dino made her eat a bunch of pills, we laid out the plastic, put film in the camera and Machine went to work.",0.9121338912133892,computational
1990,1999,8mm,screen,computational,"Fuck you then, you want to know?  I talked her up, told her how beautiful she was, told her she was gonna be a star.  I told her I was gonna get her a screen test, and while I'm doing that, I got her a soda and dropped a mickey.  When it was dark enough, I rang Dino and told him it was go time, I put her in the trunk of my car and we went and we fucking did it.  That's what happened.  She's dead.  She's been dead a long fucking time.  Nobody fucking cares!",0.3282608695652174,computational
1990,1999,8mm,machine,computational,"So... you brought Dino in, and he brought Machine.  And, one day, a girl walked into your office because you had an ad in the paper for models.  And she never walked out.",0.24705882352941178,computational
1990,1999,8mm,phone,communication,"Okay, we'll come back to that.  So, six years ago a guy contacts you, through the classifieds, over the phone, however he does it.  It's Longdale, looking for a snuff film. And you, entrepreneur that you are, tell him you can hook him up.",0.4369747899159664,communication
1990,1999,8mm,machine,computational,Who is Machine?,0.4666666666666667,computational
1990,1999,8mm,machine,computational,I'm trying to figure that out myself.  I have to see Machine without his mask.,0.6794871794871795,computational
1990,1999,8mm,machine,computational,"Nobody knows his name.  That's his thing.  He always wears a mask.  You never see his face.  He calls himself ""Machine,"" that's what they call him.  Machine.",0.7070063694267515,computational
1990,1999,8mm,computer,computational,"First of all, basement sales like tonight aren't gonna last much longer.  It's too risky, one, and two, everything's going on the internet.  Anyone with a computer and enough patience can find anything he wants.  It's heaven for those degenerate chicken-hawks. They're swapping pictures back and forth as fast as their modems can zap 'em.  But, there's still some weird shit under the counter where I work sometimes.  No one knows where it comes from.  That's local underground, where information spreads by word of mouth.  Those are zombies, hardcore junkies.  Their hands are permanently pruned.  They go out in the sun they don't burn, they blister.  Other than that, all I know about is the mail. Classified ads in the paper with hidden codes.  Secret couriers. Credit card orders to dummy corporations.  Interstate wire transfers.  Revolving P.O. boxes. But, if you're asking me who do you go to to get illegal shit... who knows?  That's the whole point -- the seller stays as far away from the buyer as possible, and vice versa, and cops can't trace the deal.  There's ways to do it so nobody knows who anybody is.",0.13839285714285715,computational
1990,1999,8mm,internet,computational,"First of all, basement sales like tonight aren't gonna last much longer.  It's too risky, one, and two, everything's going on the internet.  Anyone with a computer and enough patience can find anything he wants.  It's heaven for those degenerate chicken-hawks. They're swapping pictures back and forth as fast as their modems can zap 'em.  But, there's still some weird shit under the counter where I work sometimes.  No one knows where it comes from.  That's local underground, where information spreads by word of mouth.  Those are zombies, hardcore junkies.  Their hands are permanently pruned.  They go out in the sun they don't burn, they blister.  Other than that, all I know about is the mail. Classified ads in the paper with hidden codes.  Secret couriers. Credit card orders to dummy corporations.  Interstate wire transfers.  Revolving P.O. boxes. But, if you're asking me who do you go to to get illegal shit... who knows?  That's the whole point -- the seller stays as far away from the buyer as possible, and vice versa, and cops can't trace the deal.  There's ways to do it so nobody knows who anybody is.",0.13839285714285715,computational
1990,1999,8mm,phone,communication,"You've got Penthouse, Playboy, Hustler, etc.  Nobody even considers them pornography anymore.  Then, there's mainstream hardcore.  Triple X.  The difference is penetration. That's hardcore.  That whole industry's up in the valley. Writers, directors, porn stars. They're celebrities, or they think they are.  They pump out 150 videos a week.  A week.  They've even got a porno Academy Awards.  America loves pornography.  Anybody tells you they never use pornography, they're lying.  Somebody's buying those videos.  Somebody's out there spending 900 million dollars a year on phone sex.  Know what else?  It's only gonna get worse.  More and more you'll see perverse hardcore coming into the mainstream, because that's evolution.  Desensitization.  Oh my God, Elvis Presley's wiggling his hips, how offensive!  Nowadays, Mtv's showing girls dancing around in thong bikinis with their asses hanging out.  Know what I mean?  For the porn-addict, big tits aren't big enough after a while.  They have to be the biggest tits ever.  Some porn chicks are putting in breast implants bigger than your head, literally.  Soon, Playboy is gonna be Penthouse, Penthouse'll be Hustler, Hustler'll be hardcore, and hardcore films'll be medical films. People'll be jerking off to women laying around with open wounds. There's nowhere else for it to go.",0.43156320119670905,communication
1990,1999,8mm,phone,communication,"I think about it everyday.  But, every time the phone rings... every single time, I still think it's her.",0.45714285714285713,communication
1990,1999,8mm,tv,communication,"I didn't think there were private detectives anymore, except on TV.",0.9552238805970149,communication
1990,1999,8mm,phone,communication,"Alright.  May I have your phone number, area code first?",0.4642857142857143,communication
1980,1988,a nightmare on elm street 4: the dream master,phone,communication,"Great, you wouldn't happen to know his phone number?",0.75,communication
1980,1989,a nightmare on elm street: the dream child,phone,communication,You had me scared on the phone.  What's wrong with the baby?,0.4166666666666667,communication
1990,1997,affliction,computer,computational,"You got yourself a computer, Alma.",0.5588235294117647,computational
1990,1997,affliction,tv,communication,"The only difference between me and that Clemens on TV is luck, shit luck.",0.6986301369863014,communication
1990,1997,affliction,phone,communication,"You get the hell out of my house now, asshole. And know this -- you are going to be a lucky asshole if I haven't got you fired before the day is out. I can do it with one phone call, and I'm pissed enough to do it now!",0.7844036697247706,communication
1990,1997,affliction,television,communication,Doing your fucking job. I know. I watch television too.,0.7272727272727273,communication
1990,1997,affliction,phone,communication,"I said, 'Next time, phone ahead.'",0.6060606060606061,communication
1990,1997,affliction,phone,communication,"Whitehouse. Next time, phone ahead.",0.6571428571428571,communication
1990,1997,affliction,phone,communication,Is there something wrong with the phone?,0.85,communication
1990,1997,affliction,tv,communication,"A lesson in work and its rewards. You'll thank me for this one day.  Sally, turn off that TV!",0.967741935483871,communication
1990,1997,affliction,tv,communication,"Yeah, brother, look, I was calling cause -- has there been anything on TV in Boston about a hunting accident with a guy named Twombley, Evan Twombley?",0.47333333333333333,communication
1990,1997,air force one,television,communication,"Romeo Tango Zulu, copy One the television, graphics of the First Family against the Presidential Seal.",0.30392156862745096,communication
1990,1997,air force one,phone,communication,"Up on the upper deck is the cockpit and the Mission Communication Center. The MCC, as we call it, can place clear and secure phone calls to anywhere on earth.  We're linked to a network of military and civilian satellites and ground stations.  We could run the country or run a war from there if we had to.",0.4084967320261438,communication
1990,1997,air force one,network,computational,"Up on the upper deck is the cockpit and the Mission Communication Center. The MCC, as we call it, can place clear and secure phone calls to anywhere on earth.  We're linked to a network of military and civilian satellites and ground stations.  We could run the country or run a war from there if we had to.",0.4084967320261438,communication
1990,1997,air force one,television,communication,"Sir, the Speaker of the House attacked this administration on national television.  You can't afford to leave that hanging.",0.5772357723577236,communication
1980,1982,airplane ii: the sequel,computer,computational,We've blown the computer!  Elaine!  Set course change!,0.2962962962962963,computational
1980,1982,airplane ii: the sequel,radio,communication,That's the way I want it.  Just turn the radio on and go.,0.7192982456140351,communication
1980,1982,airplane ii: the sequel,computer,computational,We're computer locked and the manual navigation unit is down.,0.09836065573770492,computational
1980,1982,airplane ii: the sequel,computer,computational,He tried to disconnect ROK.  It gassed him.  That computer is running this ship and we're heading right for the sun.,0.43103448275862066,computational
1980,1982,airplane ii: the sequel,computer,computational,"But, darling, they've offered me a chance to head up the computer analysis division for the Jupiter probe.",0.5377358490566038,computational
1980,1982,airplane ii: the sequel,computer,computational,For the best little computer officer on the Mercury mission.,0.3333333333333333,computational
1980,1982,airplane ii: the sequel,machine,computational,"Captain, the coffee machine is jammed and I don't like it.",0.3448275862068966,computational
1980,1982,airplane ii: the sequel,computer,computational,That damn computer has taken over.  I'm getting out.,0.19230769230769232,computational
1980,1980,airplane!,radio,communication,It's the little room at the front of the plane where the pilots sit. But that's not important right now. The first officer is ill and the Captain would like someone with flying experience to help him with the radio. Do you know anything about planes?,0.836,communication
1980,1988,alien nation,ai,computational,Ss'ai k'ss?  Perfect.,0.14285714285714285,computational
1980,1988,alien nation,ai,computational,Ss-ai!,0.5,computational
1980,1988,alien nation,network,computational,"They had months in quarantine to develop the plan.  Porter, with his chemistry background, must have somehow come up with the formula for the drug.  Hubley manufactured it -- at the refinery.  Strader, through the nightclub, established a distribution network.  And Harcourt--",0.9130434782608695,computational
1980,1988,alien nation,signal,communication,"Nice signal, dickwad!",0.23809523809523808,communication
1980,1988,alien nation,ai,computational,"That is exactly so.  It is like your name... Sykes.  I'm sure it doesn't bother you at all that it sounds like ""ss'ai k'ss"", two words in my language which mean ""excrement"" and ""cranium"".",0.6149732620320856,computational
1980,1986,aliens,data,computational,PDT'S.  Personal-Data Transmitters. Every adult colonist had one surgically implanted.,0.19767441860465115,computational
1980,1986,aliens,computer,computational,"All right, the area's secured. Let's go in and see what their computer can tell us.  First team head for operations. Hudson, see if you can get their CPU on line.  Hicks, meet me at the south lock by the up-link tower...",0.2818181818181818,computational
1980,1986,aliens,signal,communication,"Twelve meters.  Man, this is a big fucking signal.  Ten meters.",0.6825396825396826,communication
1980,1986,aliens,signal,communication,This signal's weird...must be some interference or something. There's movement all over the place...,0.05,communication
1980,1986,aliens,data,computational,"Look, I can see where this is going.  But I'm telling you those things exist.  Back on that planetoid is an alien ship and on that ship are thousands of eggs.  Thousands. Do you understand?  I suggest you find it, using the flight recorder's data.  Find it and deal with it -- before one of your survey teams comes back with a little surprise...",0.7014492753623188,computational
1980,1984,amadeus,machine,computational,"'Course you would. You belong here, my boy, not the snobby Court. You could do anything you felt like here - the more fantastic the better! That's what people want, you know: fantasy. You do a big production, fill it with beautiful magic tricks and you'll be absolutely free to do anything you want. Of course, you'd have to put a fire in it, because I've got the best fire machine in the city and a big flood - I can do you the finest water effects you ever saw in your life. Oh, and a few trick animals. You'd have to use those.",0.7056603773584905,computational
1980,1981,an american werewolf in london,radio,communication,Have you read the papers today? Have you listened to the radio or television?,0.7402597402597403,communication
1980,1981,an american werewolf in london,television,communication,Have you read the papers today? Have you listened to the radio or television?,0.7402597402597403,communication
1980,1981,an american werewolf in london,screen,computational,Rendezvous in Rome starring Jack Goodman and Debbie Klein. The love affair that shocked Europe! See torrid lovemaking at its most explicit! See Jack and Debbie expose their lust in the sacred halls of the Vatican! Never has the screen dared...,0.9382716049382716,computational
1980,1981,an american werewolf in london,telephone,communication,He's on the telephone.,0.5454545454545454,communication
1930,1932,american madness,phone,communication,Get Mrs. Dickson on the phone.,0.8,communication
1930,1932,american madness,data,computational,Here's the data on the Clyde deal.,0.3235294117647059,computational
1930,1932,american madness,telephone,communication,"Yeah.  I got an idea. Come on, let's get to a telephone.",0.8214285714285714,communication
2000,2000,american psycho,phone,communication,"The question is do you like it, Courtney? And will you blow off a fucking phone call from your sad excuse for a boyfriend to eat there tonight.",0.5174825174825175,communication
2000,2000,american psycho,phone,communication,"No! Listen, don't you know who I am? I'm not Davis, I'm Patrick Bateman! I talk to you on the phone all the time! Don't you recognize me? You're my lawyer.",0.6064516129032258,communication
2000,2000,american psycho,machine,computational,"Wait. Stop. You don't seem to understand. You're not really comprehending any of this. I killed him. I did it, Carnes. I'm Patrick Bateman. I chopped Owen's fucking head off. I tortured dozens of girls. The whole message I left on your machine was true.",0.932806324110672,computational
2000,2000,american psycho,machine,computational,"Well, there's a message on his answering machine saying he went to London.",0.5540540540540541,computational
2000,2001,antitrust,phone,communication,Prob'ly waiting by the phone for Outpost to call. We'll leave it for him?,0.3150684931506849,communication
2000,2001,antitrust,tv,communication,When's Brian coming for the TV?,0.9032258064516129,communication
2000,2001,antitrust,digital,computational,And the kid who wrote Skywire -- then gave it away? They're calling him the digital Robin Hood.,0.8,computational
2000,2001,antitrust,machine,computational,"Cause he was a liar. And I hated him.  ""Get your head out of that machine, wise up to the real world."" The more he mocked me the deeper I went. Cause if being savvy meant being like him --  Guess that's why I'm kind of clueless, even now. Didn't cultivate my conniving side. 'Not sure I even have one.",0.21926910299003322,computational
2000,2001,antitrust,machine,computational,No. I just went deeper into the machine. Preferred being the geek to having to explain. Lying would've been worse.,0.2807017543859649,computational
2000,2001,antitrust,phone,communication,"You'd have to start practically from scratch. But this is all you'd be working on. No marketing meetings, no product seminars. We can't waste the time. Half the Valley's working on convergence. So're media conglomerates, cable companies, phone companies. 'Can't finish second, Milo. There is no second... Now what would you like to ask me?",0.7020648967551623,communication
2000,2001,antitrust,tv,communication,"Among other things... We know convergence is the real super-highway: all the PC's, TV's, phones, etc. linked together. Why cram it into a cable if you can use the whole sky?",0.4797687861271676,communication
2000,2001,antitrust,internet,computational,Low enough to relay internet traffic.,0.5405405405405406,computational
2000,2001,antitrust,digital,computational,Milo? Gary Boyd. I'm hoping you and your friend can come up here. We've made some amazing strides in digital convergence. I'd love to show them to you.,0.6688741721854304,computational
2000,2001,antitrust,app,computational,Your app kind of blew mine out of the water.,0.11363636363636363,computational
2000,2001,antitrust,phone,communication,Tell me you're not calling on your car phone?!,0.8478260869565217,communication
2000,2001,antitrust,data,computational,"You'd have to design a graphic interface to make the data pop. Maybe some audio, too. To tie it all in to Gary. How long would that take you?",0.375886524822695,computational
2000,2001,antitrust,digital,computational,"It's how on-line services push logos they wanna sell you. You don't ask for 'em, they just appear. 'Have to work on it somewhere besides my office or my house. And then the quality of the broadcast wouldn't exactly be digital, that's 12 months away.",0.8755020080321285,computational
2000,2001,antitrust,network,computational,He's got 12 satellites up. He's got dishes on top of 21. He's building this --  mega-network for Skywire. Let's use it.,0.7142857142857143,computational
2000,2001,antitrust,device,computational,"Time-Warner has a 40 per cent stake in Gary's set-top device. That also takes out CNN.  ""GE joins Outpost in new venture,"" which means NBC is out. ""Disney joins Outpost,"" ABC is out. ""Outpost and Newscorp in new deal,"" Fox is out. Any of these places could have a mole. Or all of 'em.  It's like a a continuous loop. We can go to some alternative press place that 1,000 people read, get them and us killed. But anything big enough for this is a parent of or a subsidiary to something Gary's got a finger in!",0.10650887573964497,computational
2000,2001,antitrust,network,computational,"Yeah, they dig stuff like this.  ""CBS News has partnered with Outpost Information Systems in a cable news network due to launch Fall of 2001.""",0.7464788732394366,computational
2000,2001,antitrust,data,computational,We could cross-reference a data base on media ownership. But not on our own computers. Not even at home.,0.25961538461538464,computational
2000,2001,antitrust,tv,communication,"The mainstream media. TV, or a newsmagazine.",0.5,communication
2000,2001,antitrust,machine,computational,"I'm cool. They didn't touch the machine. Or my disks. Probably didn't know what they were. So, you a Moonie yet?  Milo?",0.2689075630252101,computational
2000,2001,antitrust,phone,communication,"And your phone messages. You wanna do what you do, it's not a crime.",0.1323529411764706,communication
2000,2001,antitrust,digital,computational,"#21. Way behind schedule. It's top- secret, but everybody knows it's a digital broadcast space. They see the dishes on top, the fiber optics going in.",0.47333333333333333,computational
1990,1997,austin powers: international man of mystery,television,communication,"Virtucon's main interest is in cable television, but they do have a subterranean construction division, yes. How did you know?",0.29365079365079366,communication
1990,1997,austin powers: international man of mystery,phone,communication,"Hello, Austin. This is Basil Exposition, Chief of British Intelligence.  You're Austin Powers, International Man of Mystery, and you're with Agent Mrs. Kensington. The year is 1967, and you're talking on a picture phone.",0.9727272727272728,communication
1990,1997,austin powers: international man of mystery,phone,communication,"Good morning, luv, who are you on the phone with?",0.7755102040816326,communication
1990,1997,austin powers: international man of mystery,device,computational,"Let me guess. The floss is garotte wire, the toothpaste contains plastic explosives, and the toothbrush is the detonation device.",0.9457364341085271,computational
1990,1997,austin powers: international man of mystery,phone,communication,"Yes, we've had it retrofitted with a secure cellular phone, an on-board computer, and a Global Geosynchronous Positioning Device. Oh, and finally, this.",0.34868421052631576,communication
1990,1997,austin powers: international man of mystery,computer,computational,"Yes, we've had it retrofitted with a secure cellular phone, an on-board computer, and a Global Geosynchronous Positioning Device. Oh, and finally, this.",0.34868421052631576,communication
1990,1997,austin powers: international man of mystery,device,computational,"Yes, we've had it retrofitted with a secure cellular phone, an on-board computer, and a Global Geosynchronous Positioning Device. Oh, and finally, this.",0.34868421052631576,communication
1990,1997,austin powers: international man of mystery,machine,computational,"People have to tell me these things. I've been frozen for thirty years, throw me a bone here.  OK, no problem. Here's my second plan. Back in the Sixties I had a weather changing machine that was in essence a sophisticated heat beam which we called a ""laser.""  Using this laser, we punch a hole in the protective layer around the Earth, which we scientists call the ""Ozone Layer."" Slowly but surely, ultraviolet rays would pour in, increasing the risk of skin cancer. That is, unless the world pays us a hefty ransom.",0.34622823984526113,computational
1990,1998,the avengers,telephone,communication,Ask not for whom the telephone rings ...,0.525,communication
1980,1984,bachelor party,phone,communication,The phone made me do it!,0.16666666666666666,communication
1980,1984,bachelor party,phone,communication,"Well, the first month it's great. The second month things calm down a little. By the third month you're looking through your old girlfriends' phone numbers; by the fourth month you're numb; by the fifth month, hopefully the football season starts.",0.5748987854251012,communication
1990,1991,backdraft,phone,communication,You guys ought to try picking up a phone once in awhile.,0.625,communication
2000,2000,bamboozled,tv,communication,"C'mon, why not?  The Monkees had a show.  Look at all that other junk that's on TV.  We got underground cult following.",0.6722689075630253,communication
2000,2000,bamboozled,tv,communication,"I have this concept for a TV pilot. There's no guarantee it will get made but regardless, you'll still make some money.",0.2184873949579832,communication
2000,2000,bamboozled,tv,communication,"Our guest today is Pierre Delacroix. He is the creator of the highly controversial TV show MANTAN. Let's get right into it.  You have been called by some in the community a traitor, a sellout, an Uncle Tom. Why does your show generate such feelings?",0.3333333333333333,communication
2000,2000,bamboozled,tv,communication,"Ya first bad move.  Projects been done.  That's one of the problems now, everything, movies, TV, are set in the urban jungle, da hood. That's so tired.  Mantan's Millennium Minstrel Show should be set on a plantation.  In Alabama.",0.4043478260869565,communication
2000,2000,bamboozled,television,communication,"The point being that him, the networks don't want Black people on television unless they are buffoons.",0.6470588235294118,communication
2000,2000,bamboozled,tv,communication,So they can be on TV.,0.8571428571428571,communication
2000,2000,bamboozled,television,communication,"Peerless, I didn't raise a buffoon. We have enough of those on television already.",0.7682926829268293,communication
2000,2000,bamboozled,tv,communication,"This is a TV show, not a music video.",0.2702702702702703,communication
2000,2000,bamboozled,television,communication,"Before we begin, I want to thank you for coming on my show for your first television interview.  You could have chosen Mike Wallace, Barbara Walters, Jane Pauley, whatnot but you're here.",0.39572192513368987,communication
2000,2003,basic,phone,communication,Old friend. Haven't talked to him in -- 911. Can I use your phone?,0.9090909090909091,communication
2000,2003,basic,phone,communication,Your phone number?,0.2777777777777778,communication
2000,2003,basic,phone,communication,Christ... Remind me to thank Bill for mentioning that on the phone --,0.8840579710144928,communication
2000,2006,black snake moan,phone,communication,I can't get Rae on the phone. She's not at home... none of her friends seen her anywhere.,0.25842696629213485,communication
2000,2006,black snake moan,phone,communication,Somethin' wrong with ya phone? Been callin' the last few days.,0.3870967741935484,communication
2000,2006,black snake moan,phone,communication,Stolen phone cards and two-ways is what you sayin'.,0.13725490196078433,communication
1980,1982,blade runner,machine,computational,You got a machine on it yet?,0.35714285714285715,computational
1980,1982,blade runner,data,computational,"There wasn't much left of him, so we can't be sure.  But bio- chemical data and morphology records of the Nexus-6 were reported missing.  Going on the possibility they might try to infiltrate we send Holden in to run Voight-Kampff tests on the new employees.  Guess he found himself one.",0.24738675958188153,computational
1980,1982,blade runner,data,computational,"Nexus designated Pris:  incept data December 13 2017, competitive, programmed to provide pleasure for long term spacers.",0.25833333333333336,computational
1980,1982,blade runner,phone,communication,"Don't leave here.  Don't open the door, don't answer the phone.",0.9047619047619048,communication
1980,1982,blade runner,robot,computational,"A humanoid robot is like any other machine, it can be a benefit or a hazard.  If it's a benefit, it's not our problem.",0.09322033898305085,computational
1980,1982,blade runner,machine,computational,"A humanoid robot is like any other machine, it can be a benefit or a hazard.  If it's a benefit, it's not our problem.",0.09322033898305085,computational
1980,1982,blade runner,computer,computational,"All pertinent information is being fed into your departmental computer, an Esper 231 -- I believe -- and a photo over-lay packet is being produced.",0.4217687074829932,computational
1980,1982,blade runner,machine,computational,The machine works.  She is.,0.14814814814814814,computational
1980,1982,blade runner,machine,computational,"If she is, the machine works.",0.5172413793103449,computational
1980,1982,blade runner,machine,computational,"Like you said, Mr. Deckard, a machine can be a hazard.  The Voight-Kampff scale is a machine, isn't it?",0.2912621359223301,computational
1990,1999,blast from the past,computer,computational,He has a computer?,0.5,computational
1990,1999,blast from the past,computer,computational,He's gone to check your answers on his computer.,0.8125,computational
1990,1999,blast from the past,television,communication,Watching television in color.,0.3103448275862069,communication
1990,1999,blast from the past,computer,computational,You don't have a computer in your cabin?,0.425,computational
1990,1999,blast from the past,radio,communication,"Yeah, yeah. Okay.  Give me the roast and watch your step.  I'll come back for the radio.",0.9318181818181818,communication
1980,1986,blue velvet,radio,communication,Yes it's me!!! Frank is on his way up to Dorothy's apartment.  Oh no. Frank has a radio and is hearing everything we say!!  Detective Williams. Hurry. I'm in the apartment. Hurry. I'm hiding in the back bedroom.,0.3886255924170616,communication
1980,1986,blue velvet,phone,communication,The phone. What did you hear on the phone. Tell me. Word for word.,0.06060606060606061,communication
1980,1986,blue velvet,phone,communication,"I saw you come in, talk on the phone. Get undressed.",0.5961538461538461,communication
1980,1986,blue velvet,tv,communication,I don't know why we have to watch TV.,0.918918918918919,communication
1990,1999,the boondock saints,tv,communication,On TV ya always get that asshole that jumps behind the couch.,0.04918032786885246,communication
1990,1999,the boondock saints,tv,communication,Just like on TV.,0.8125,communication
2000,2004,the bourne supremacy,computer,computational,...this is Conklin's computer.,0.7,computational
2000,2004,the bourne supremacy,phone,communication,Alexanderplatz. 30 minutes. Under the World Clock. Alone. Give her your phone.,0.9230769230769231,communication
2000,2004,the bourne supremacy,digital,computational,"We're looking at all Berlin outbound. Good news is, every train station in Berlin has thirty to forty fixed, digital security cameras. Common feed.",0.7414965986394558,computational
1940,1942,casablanca,phone,communication,What is the meaning of that phone call?,0.717948717948718,communication
1940,1942,casablanca,radio,communication,Get me the Radio Tower!,0.4782608695652174,communication
1940,1942,casablanca,phone,communication,Put that phone down!,0.45,communication
2000,2000,cast away,phone,communication,"Your calendar, your cell phone, your whoo pig sooey hat, some pictures of that ketch you wanted.",0.2604166666666667,communication
2000,2000,cast away,machine,computational,"My last chapter's in there, and the damn machine's jammed.",0.7068965517241379,computational
2000,2000,cast away,digital,computational,Digital laser readers.  Wow.  Terrific.,0.0,computational
2000,2000,cast away,digital,computational,Digital laser readers.,0.0,computational
1990,1999,the cider house rules,telephone,communication,"If Homer wanted to know what was happening here, he could pick up a telephone and call us.",0.7555555555555555,communication
1990,1999,the cider house rules,radio,communication,Ah-ha.  So what is that--a radio?,0.8181818181818182,communication
1990,1999,the cider house rules,screen,computational,The screen is enormous! Imagine King Kong up *there*! Have you seen a lot of movies here?,0.0449438202247191,computational
2000,2003,confidence,internet,computational,Big.Com. That Internet thing.,0.4827586206896552,computational
2000,2003,confidence,phone,communication,"I know it's policy, but...  The thing is... It's our first anniversary and we're only in town for the weekend. It's a very, very special night for my wife and I. This ring is my gift to her and I think she's going to really love it. I can give you phone numbers to call for people who'll vouch. I can send you I.D. later...",0.7678018575851393,communication
2000,2003,confidence,phone,communication,"You guy's are not working with me here. I just got off the phone with my boss. After he got done ripping me a new Lincoln Tunnel size asshole, he let me know exactly how little I'm welcome back if we come up short. And now here you guys are, WASTING MY FUCKING TIME!",0.22180451127819548,communication
1990,1998,croupier,phone,communication,What are you laughing at? Who was that on the phone?,0.8846153846153846,communication
1970,1974,dark star,computer,computational,"Pinback, I have a computer reading of nine five seven seven.",0.3,computational
1970,1974,dark star,data,computational,False data can act only as a distraction. Therefore. I shall refuse to perceive you.,0.07142857142857142,computational
1970,1974,dark star,data,computational,You are false data.,0.7368421052631579,computational
1970,1974,dark star,data,computational,You have no proof that it was correct data.,0.8837209302325582,computational
1970,1974,dark star,data,computational,I have no proof that it was false data.,0.8717948717948718,computational
1970,1974,dark star,data,computational,...you may be doing so on the basis of false data.,0.9,computational
1970,1974,dark star,data,computational,"And you wouldn't want to explode on the basis of false data, would you?",0.7746478873239436,computational
1970,1974,dark star,data,computational,What I'm getting at is this: the only experience that is directly available to you is your sensory data. And this data is merely a stream of  electrical impulses which stimulate your computing center.,0.495,computational
1970,1974,dark star,radio,communication,Talby was in the air lock. You blew him out of the ship. I'm going after him. Turn on his helmet radio so I can contact him.,0.782258064516129,communication
1970,1974,dark star,computer,computational,I need a computer reading on a fail- safe mark.,0.19148936170212766,computational
1970,1974,dark star,computer,computational,"Sorry to interrupt your lunch, sir, but I'm in the Computer Room, and I think I've located the malfunction. The scanner shows it to be some sort of fault in the communications laser, down by the Emergency Air Lock. Can't pinpoint it exactly, but I'm going down there with a starsuit and try to find it.",0.16887417218543047,computational
1970,1974,dark star,computer,computational,"Lieutenant Doolittle, I'm getting a definite malfunction on one of the closed-circuit computer systems...",0.819047619047619,computational
1990,1990,dark angel,phone,communication,Sure you wanna be havin' this conversation over the phone?,0.896551724137931,communication
1990,1990,dark angel,phone,communication,"They lifted my wallet to make it look like a robbery.  But there's a bug in my computer keyboard, a tap on the phone and a mike in the light fixture.",0.7449664429530202,communication
1990,1990,dark angel,computer,computational,"They lifted my wallet to make it look like a robbery.  But there's a bug in my computer keyboard, a tap on the phone and a mike in the light fixture.",0.7449664429530202,communication
1990,1990,dark angel,computer,computational,"A nuclear airburst wipes out every record of every kind in every computer east of the Rockies, and you want me to find some woman you met when you were seven, whose last name you don't even know... Maybe if you could give me something more on her...anything you can remember, some detail...",0.22413793103448276,computational
1990,1990,dark angel,phone,communication,"He got the car in a trade for his old pick-up and some food...no bill of sale or nothing.  It was right after the pulse so all the DMV records were wiped.  So we don't get anything on the seller.  Except I actually managed to find this guy, six hours on the phone... Say thank you.",0.9181494661921709,communication
1990,1990,dark angel,tv,communication,Don't believe everything you hear on TV.,0.925,communication
1990,1999,detroit rock city,phone,communication,Coming dad.  I'll call you. Soon as we get a phone. Bye.,0.8035714285714286,communication
1990,1999,detroit rock city,radio,communication,"Whoa, easy, Trip, this is radio, not ""Taxi Driver."" Now listen up cause this next part is crucial. Stay on the line so we can get your full name, information, and...",0.15757575757575756,communication
2000,2001,donnie darko,machine,computational,I have the power to build a time machine.,0.8048780487804879,computational
2000,2001,donnie darko,tv,communication,I don't think so. It's like a TV station. And they're tuned into mine and no one else's.,0.3409090909090909,communication
2000,2001,donnie darko,television,communication,I don't own a television.,0.56,communication
1990,1999,drop dead gorgeous,tv,communication,I'm gonna be on TV! Just like Diane Sawyer.,0.37209302325581395,communication
1930,1933,duck soup,telephone,communication,"You know, I'd be lost without a telephone.  Now - where were we? Oh, yes - I just made you Secretary of War.  The first thing you do is buy ammunition -- you buy it from me and I get 10% commission.",0.16161616161616163,communication
1980,1980,the elephant man,machine,computational,"Mmmm. Hodges, Pierce come closer. Mr. Hill, take hold of the rope please. It's a machine accident. I expect you'll be seeing a good deal of this.",0.5586206896551724,computational
2000,2004,eternal sunshine of the spotless mind,phone,communication,Tonight. Just to test out the phone lines.,0.7142857142857143,communication
2000,2004,eternal sunshine of the spotless mind,phone,communication,Tonight. Just to test out the phone lines and all.,0.6,communication
2000,2004,eternal sunshine of the spotless mind,phone,communication,"Well, I'm there. I hide in the back as much as is humanly possible. You have a cell phone? I need to quit right this minute. I'll call in dead.",0.5874125874125874,communication
2000,2004,eternal sunshine of the spotless mind,phone,communication,"On the couch. Dark. Quiet. I wondered if I had made a terrible mistake. I almost reached for the phone about a thousand times. I thought I could take it back, erase it, explain I had momentarily lost my mind. Then I told myself we weren't happy. That was the truth. That what we were was safe. It was unfair to you and to me to stay in a relationship for that reason. I thought about Clementine and the spark when I was with her, but then I thought what you and I had was real and adult and therefore significant even if it wasn't much fun. But I wanted fun. I saw other people having fun and I wanted it. Then I thought fun is a lie, that no one is really having fun; I'm being suckered by advertising and movie bullshit... then I thought maybe not, maybe not. And then I thought, as I always do at this point in my argument, about dying.",0.11561382598331346,communication
2000,2004,eternal sunshine of the spotless mind,screen,computational,It's not erasing. He's off the screen.,0.8157894736842105,computational
1990,1993,even cowgirls get the blues,tv,communication,"Now, now. Don't get exasperated. I realize that you've always avoided all but the most rudimentary involvements with men, and I might add, you've been wise. Heterosexual relationships seem to lead only to marriage. For men, marriage is a matter of efficient logistics: The male gets his food, bed, laundry, TV, pussy, offspring and creature comforts all under one roof, where he doesn't have to dissipate his psychic energy thinking about them too much, then he is free to go out and fight the battles of life, which is what existence is all about. But for a woman marriage is surrender.",0.5229982964224872,communication
1990,1993,even cowgirls get the blues,tv,communication,"Shit O dear, that's enough to make me asthmatic. The nerve of those twits. What do they know about female odor? Don't interrupt. Here's my concept. My ranch out West? It's a beauty ranch. Oh, it's got a few head of cattle for atmosphere and tax purposes. But it's a beauty ranch, a place where unhappy women -- divorcees and widows, mainly -- can go to lose weight, remove wrinkles, change their hair styles and pretty themselves up for the next disappointment. My ranch is named the Rubber Rose, after the Rubber Rose douche bag, my own invention, and bless its little red bladder, the most popular douche bag in the world. So get this. It's on the migratory flight path of the whooping cranes. The last flock of wild whooping cranes left in existence. Well, these cranes stop off at my little pond -- Siwash Lake, it's called -- twice a year, autumn and spring, and spend a few days each time, resting up, eating, doing whatever whooping cranes do. I've never seen them, understand, but I hear they're magnificent. Very big specimens -- I mean, huge mothers -- and white as snow, to coin a phrase, except for black tips on their wings and tail feathers, and bright red heads. Now, whooping cranes, in case you didn't know it, are noted for their mating dance. It's just the wildest show in nature. It's probably the reason why birdwatching used to be so popular with old maids and deacons. Picture these rare, beautiful, gigantic birds in full dance -- leaping six feet off the mud, arching their backs, flapping their wings, strutting low to the ground. Dears, it's overwhelming. And picture the birds doing their sex dance on TV. Right there on the home screen, creation's most elaborate sex ritual -- yet clean and pure enough to suit the Pope. With lovely Sissy Hankshaw in the foreground. In a white gown, red hood attached, and big feathery sleeves trimmed in black. In a very subdued imitation of the female whooping crane, she dance/walks over to a large nest in which there sits a can of Yoni Yum. And a can of Dew. Off-camera, a string quartet is playing Debussy. A sensuous voice is reading a few poetic lines about courtship and love. Are you starting to get it? Doesn't it make the hair on your neck stand up and applaud? My very goodness gracious! Grandiose, lyrical, erotic and Girl Scout- oriented; you can't top it. I've hired a crew of experts from Walt Disney Studios, the best wildlife cinematographers around. You're my eternal favorite. Princess Grace herself couldn't be better, not even if she had your personality which she doesn't; Anyway, dear, I'm out of photography now and into water colors. Ah how circuitous conversation is! We're back at the beginning. The exact man I've wanted you to meet is my artist the watercolorist.",0.5912223431265868,communication
1990,1993,even cowgirls get the blues,screen,computational,"Shit O dear, that's enough to make me asthmatic. The nerve of those twits. What do they know about female odor? Don't interrupt. Here's my concept. My ranch out West? It's a beauty ranch. Oh, it's got a few head of cattle for atmosphere and tax purposes. But it's a beauty ranch, a place where unhappy women -- divorcees and widows, mainly -- can go to lose weight, remove wrinkles, change their hair styles and pretty themselves up for the next disappointment. My ranch is named the Rubber Rose, after the Rubber Rose douche bag, my own invention, and bless its little red bladder, the most popular douche bag in the world. So get this. It's on the migratory flight path of the whooping cranes. The last flock of wild whooping cranes left in existence. Well, these cranes stop off at my little pond -- Siwash Lake, it's called -- twice a year, autumn and spring, and spend a few days each time, resting up, eating, doing whatever whooping cranes do. I've never seen them, understand, but I hear they're magnificent. Very big specimens -- I mean, huge mothers -- and white as snow, to coin a phrase, except for black tips on their wings and tail feathers, and bright red heads. Now, whooping cranes, in case you didn't know it, are noted for their mating dance. It's just the wildest show in nature. It's probably the reason why birdwatching used to be so popular with old maids and deacons. Picture these rare, beautiful, gigantic birds in full dance -- leaping six feet off the mud, arching their backs, flapping their wings, strutting low to the ground. Dears, it's overwhelming. And picture the birds doing their sex dance on TV. Right there on the home screen, creation's most elaborate sex ritual -- yet clean and pure enough to suit the Pope. With lovely Sissy Hankshaw in the foreground. In a white gown, red hood attached, and big feathery sleeves trimmed in black. In a very subdued imitation of the female whooping crane, she dance/walks over to a large nest in which there sits a can of Yoni Yum. And a can of Dew. Off-camera, a string quartet is playing Debussy. A sensuous voice is reading a few poetic lines about courtship and love. Are you starting to get it? Doesn't it make the hair on your neck stand up and applaud? My very goodness gracious! Grandiose, lyrical, erotic and Girl Scout- oriented; you can't top it. I've hired a crew of experts from Walt Disney Studios, the best wildlife cinematographers around. You're my eternal favorite. Princess Grace herself couldn't be better, not even if she had your personality which she doesn't; Anyway, dear, I'm out of photography now and into water colors. Ah how circuitous conversation is! We're back at the beginning. The exact man I've wanted you to meet is my artist the watercolorist.",0.5912223431265868,communication
1990,1997,event horizon,computer,computational,The Event Horizon's computer think's it's 2034.,0.425531914893617,computational
1990,1997,event horizon,radio,communication,"It was the ship's maiden voyage, to test the drive. The Event Horizon moved to safe distance using ion thrusters. They received the go-ahead to activate the gravity drive.  And the ship vanished from all our scopes. No radar contact, no enhanced optical, no radio contact of any kind. They disappeared without a trace.  Until now.",0.7818181818181819,communication
1990,1997,event horizon,data,computational,"It's not bullshit, it's the only conclusion the data supports...",0.75,computational
1990,1997,event horizon,radio,communication,"The antennae array's completely fried, we've got no radio, no laser, no highgain... No one's going to be coming to help us.",0.42276422764227645,communication
1990,1997,event horizon,computer,computational,Not according to the computer.,0.7,computational
2000,2005,fantastic four,machine,computational,"He couldn't generate enough power for the machine to reach critical mass. Yet another mistake for ""Mr. Fantastic.""",0.3684210526315789,computational
2000,2005,fantastic four,machine,computational,To help you. I've run every test known to man. And they all yield the same result: the machine is ready.,0.8365384615384616,computational
2000,2005,fantastic four,machine,computational,"Ben, I've been crunching the numbers on the machine. I think if we can rework the power settings...",0.4444444444444444,computational
2000,2005,fantastic four,machine,computational,The machine works. And Vic's gone Mister Hyde on us --,0.07407407407407407,computational
2000,2005,fantastic four,data,computational,"He was going to take away all my data, equipment --",0.6470588235294118,computational
2000,2005,fantastic four,machine,computational,"If we can build a machine to re-create the storm, we can reverse the polarity --",0.225,computational
2000,2005,fantastic four,machine,computational,But I'm not done with the machine --,0.7222222222222222,computational
2000,2005,fantastic four,data,computational,"He's working round the clock. But the data needs to be tested, analyzed before --",0.4691358024691358,computational
1980,1982,fast times at ridgemont high,television,communication,"Well, for one, I read. I don't watch as much television as you. I'm trying to feel things more. I'm learning a lot about people.",0.3515625,communication
1980,1982,fast times at ridgemont high,television,communication,"Will you just relax, mon? He's not gonna kill us. My father is a television repairman. He's got all kinds of tools. I can fix-this car.",0.48148148148148145,communication
1980,1982,fast times at ridgemont high,tv,communication,Romance in Ridgemont? We don't even get cable TV.,0.9387755102040817,communication
1980,1982,fast times at ridgemont high,phone,communication,How about your phone number?,0.5357142857142857,communication
1980,1982,fast times at ridgemont high,phone,communication,My other question is... can-I-have your-phone-number-so-I-can-ask-you out-sometime?,0.4819277108433735,communication
1990,1998,fear and loathing in las vegas,television,communication,IN VIETNAM! ON THE GODDAMN TELEVISION!,0.7105263157894737,communication
1990,1998,fear and loathing in las vegas,radio,communication,Fuck the car. They should make these things with a goddamn FM radio.,0.9117647058823529,communication
1990,1998,fear and loathing in las vegas,phone,communication,"She really flipped over you. The only way I could get rid of her was by saying you were taking me out to the desert for a showdown -- that you wanted me out of the way so you could have her all to yourself.  I guess she figures you won. That phone message wasn't for me, was it?",0.8705035971223022,communication
1990,1998,fear and loathing in las vegas,radio,communication,"Back the tape up. I need it again! Let it roll! Just as high as the fucker can go! And when it comes to that fantastic note where the rabbit bites its own head off, I want you to THROW THAT FUCKING RADIO INTO THE TUB WITH ME!",0.88,communication
1990,1998,fear and loathing in las vegas,radio,communication,I want that fucking radio!,0.7692307692307693,communication
1990,1998,fear and loathing in las vegas,radio,communication,"Of course, I'm your attorney, I'll give you all the time you need, at my normal rates: $45 an hour -- but you'll be wanting a cushion, so, why don't you just lay one of those $100 bills down there beside the radio, and fuck off?",0.9122807017543859,communication
1990,1998,fear and loathing in las vegas,phone,communication,"One phone call every day. Just tell us what you've seen. Don't worry if it doesn't add up, that's our problem.",0.03636363636363636,communication
1980,1982,frances,screen,computational,But I'm the one up there on the screen.,0.8205128205128205,computational
2000,2009,friday the 13th,phone,communication,It's dead. Try the pay phone.,0.7931034482758621,communication
2000,2009,friday the 13th,phone,communication,"Ha! You wily oriental! The phone was ""Mr. Watson, come in here, I need you."" ""What hath God wrought"" was the telegraph.",0.226890756302521,communication
2000,2009,friday the 13th,telephone,communication,That was the telephone.,0.5652173913043478,communication
1990,1996,from dusk till dawn,tv,communication,"Other places have beds, they also have cable TV, a gym, room service...",0.6338028169014085,communication
1990,1996,from dusk till dawn,machine,computational,"Dad, when I called the machine to check our messages there was one from Bethel Baptist. Mr. Franklin said he wouldn't permanently replace you until we came back. He said when we come home, if you still feel the same way --",0.1036036036036036,computational
1990,1996,from dusk till dawn,television,communication,"-- see this, television!",0.5416666666666666,communication
1990,1996,from dusk till dawn,radio,communication,"I heard it on the radio. We gotta get our asses into Mexico tonight. Carlos is gonna meet us tomorrow morning at a rendezvous on the other side, then Carlos and his boys will escort us to El Ray and --",0.08955223880597014,communication
1990,1996,from dusk till dawn,tv,communication,"Yeah, I saw the border. Through binoculars from on top of a high building. That's about as close as I risked getting. What's the TV say?",0.9485294117647058,communication
1990,1997,g.i. jane,phone,communication,"It's hard to find time to sleep, Royce.  Much less keep up with my phone life.",0.8589743589743589,communication
1990,1997,g.i. jane,radio,communication,"Managed to activate the ELB.  If you just radio base and let them know, they'll fix on that.  Oh, and make sure they send a helo with a winch -- door's blocked by a reef.  Over.",0.23728813559322035,communication
1990,1997,g.i. jane,radio,communication,"All right, fire-and-evade maneuvers. Drop everything but weapons and the PRC radio -- we're gonna be high speed, low drag all the way to the link-up site.  Ready?",0.47530864197530864,communication
1990,1998,godzilla,computer,computational,The network is on an intranet. It's a direct feed into our computer system.,0.7866666666666666,computational
1990,1998,godzilla,network,computational,The network is on an intranet. It's a direct feed into our computer system.,0.7866666666666666,computational
1990,1998,godzilla,network,computational,Our network covers the Ranger games.,0.1111111111111111,computational
1990,1998,godzilla,phone,communication,"You just left me without a phone call, a letter, nothing. All this time. Yeah, I guess I'm still a little mad.",0.24545454545454545,communication
1990,1999,galaxy quest,computer,computational,Shit! I'm doing it! I'm repeating the damn computer!,0.8269230769230769,computational
1990,1999,galaxy quest,online,computational,"We'd better get everybody online.  And Kyle, Stop downloading porn.  Your frame rate is unacceptable.",0.25742574257425743,computational
1990,1999,galaxy quest,internet,computational,"It's been the subject of an extremely heated debate on the internet for years. Many believe that is a matter collapser, a bomb capable of destroying all matter in the universe in a chain reaction lasting 13 seconds.",0.2744186046511628,computational
1990,1999,galaxy quest,machine,computational,"Commander, do you have a camera?  I'd die to see this in person... All they showed on T,V was a machine here, and a wall here... I don't know why they didn't show the whole thing.",0.5363128491620112,computational
1990,1999,galaxy quest,tv,communication,"... But I want you to know that I am not a complete braincase, okay? I understand completely that It's just a TV show. There is no ship, there is no Beryllium Sphere, no diagital conveyor... I mean, obviously it's all just a-",0.4888888888888889,communication
1990,1999,galaxy quest,television,communication,"It's a television show. Okay? That's all. It's just a bunch of fake sets, and wooden props, do you understand?",0.06363636363636363,communication
1990,1999,galaxy quest,online,computational,"Commander, as I was saying... In ""The Quasar Dilemma"", you used the auxiliary of deck b for Gamma override. But online blueprints indicate deck b is independent of the guidance matrix, so we were wondering where the error lies?",0.4933920704845815,computational
1990,1999,galaxy quest,computer,computational,"Computer, what about our engines? Why don't we have power?",0.0,computational
1990,1999,galaxy quest,computer,computational,"I just can't believe it. Any of it!  Look at this room!.. They designed it based on the Tuaran Pleasure ship from ""historical document"" thirty seven.  Oh and wait, wait, listen to this!  Computer?",0.9540816326530612,computational
1990,1999,galaxy quest,digital,computational,The digital conveyer?  You mean I'm going to get diced into cubes and sorted up there in a thousand pieces?,0.037383177570093455,computational
1990,1999,galaxy quest,digital,computational,Of course... We'll just zap him up with the digital conveyor!,0.7213114754098361,computational
1990,1999,galaxy quest,digital,computational,...The digital conveyor.,0.2916666666666667,computational
1990,1999,galaxy quest,device,computational,The lost footage. At the convention. The mysterious device in our last episo--historical document.,0.5306122448979592,computational
1990,1999,galaxy quest,digital,computational,"Jason, we're going to use the digital conveyer to get you out of there.",0.4225352112676056,computational
1990,1999,galaxy quest,signal,communication,"All right... here's the plan:  First, Fred, we need a diversion to clear those things out of the compound, then Gwen, Alex, Fred and I go down to get the sphere.  Any of those things come back, give a signal. Guy, you set up a perimeter.",0.8481012658227848,communication
1990,1999,galaxy quest,computer,computational,"Computer, do we have a replacement Beryllium sphere onboard?",0.0,computational
1990,1999,galaxy quest,computer,computational,"Computer, can it be repaired?",0.0,computational
1990,1999,galaxy quest,computer,computational,On the show I talk to the computer and repeat what it says. So that's what they built.,0.3023255813953488,computational
1990,1999,galaxy quest,computer,computational,Let me try.  Computer?  Computer?...,0.3611111111111111,computational
1990,1999,galaxy quest,device,computational,"Then tell me one thing... What does it do, the device? The Omega 13.",0.6911764705882353,computational
1990,1999,galaxy quest,device,computational,Deliver the device now or I will destroy your ship.,0.23529411764705882,computational
1990,1999,galaxy quest,digital,computational,Sections of rooms made of plywood. Our Beryllium Sphere was painted wire and plaster. The digital conveyor was Christmas lights... Decorations.  It's all a fake.  I'm not him...  I'm a nothing. A nobody.,0.4433497536945813,computational
1990,1999,galaxy quest,device,computational,Then how did he find out about the device?,0.8333333333333334,computational
1990,1999,galaxy quest,signal,communication,"Wherever a distress signal sounds among the stars, we'll be there, this fine ship, this fine crew. Never give up, never surrender!",0.15384615384615385,communication
1990,1999,galaxy quest,signal,communication,"I'm trying Commander... Everything's a blur, but as long as I stay locked to that vox signal...",0.9052631578947369,communication
1990,1999,galaxy quest,signal,communication,What kind of signal?,0.65,communication
1990,1999,galaxy quest,signal,communication,"All right, Gwen, Alex, Fred, follow me.  Guy, set up the perimeter. Tommy, you keep a lookout, make a signal if they come back.",0.8031496062992126,communication
1990,1999,galaxy quest,device,computational,"Well, it's... This was a device we...  discovered on an alien planet.  We don't know what it does either.",0.23809523809523808,computational
1990,1995,get shorty,screen,computational,"That's half a movie, with holes in it. Maybe forty minutes of screen time. You don't even have a girl, a female lead, and on top of that, there's no one to sympathize with, you don't have a good guy.",0.31155778894472363,computational
1990,1995,get shorty,tv,communication,"I produce feature motion pictures, no TV. You mentioned Grotesque, that happened to be Grotesque Part II that Karen Flores was in. She starred in all three of my Slime Creatures releases you might have seen.",0.18357487922705315,communication
1990,1995,get shorty,machine,computational,"They don't want to deposit yours and have it bounce. That annoys them. So your dear friend Dick Allen's been calling, leaving messages on your machine, but you never get back to him. I happen to be in Vegas on another matter, and Dick asks me as a favor would I look you up. I follow you over here, see you in the window with this woman, looks a lot like that actress Karen Flores, was in Grotesque, except she's not blond anymore...",0.3302540415704388,computational
1990,1995,get shorty,phone,communication,I know who he works for. Where's your phone.,0.8636363636363636,communication
1990,1995,get shorty,tv,communication,"He's doing the same thing you did to him, playing Letterman on TV.",0.9545454545454546,communication
1990,1995,get shorty,phone,communication,Definitely not Martin. Movie stars never pick up the check. They have no idea what things cost. Most of them don't know their zip code and a lot don't even know their own phone number.,0.9293478260869565,communication
1990,1995,get shorty,tv,communication,"Tomorrow, I see on the TV weather, it's gonna be nice and warm. You won't need the coat.",0.26136363636363635,communication
1990,1995,get shorty,tv,communication,"Yeah, well I turned off the set. I used the remote control thing and laid it on the floor. You know what could've happened? The dog came in and stepped on it, turned the TV back on.",0.9392265193370166,communication
1990,1995,get shorty,tv,communication,"When I came upstairs, you stayed to finish your drink. I told you to turn off the TV when you were through.  Come to think of it, I also told you you could sleep in the maid's room.",0.4530386740331492,communication
2000,2002,ghost ship,radio,communication,"Arctic Warrior, Arctic Warrior, Arctic Warrior. This is United States Coastguard Station North Island. Your radio check is affirmative. Over.",0.7659574468085106,communication
2000,2002,ghost ship,radio,communication,"I didn't touch the fucking radio!  Ever occur to you there's somebody else on that boat, skipper?",0.27835051546391754,communication
2000,2002,ghost ship,radio,communication,I didn't touch the fucking radio.,0.8181818181818182,communication
2000,2002,ghost ship,radio,communication,"Take it easy, willya? What about the radio?!",0.8409090909090909,communication
2000,2002,ghost ship,radio,communication,"The radio. Oh, yeah, the radio.",0.12903225806451613,communication
2000,2002,ghost ship,radio,communication,The radio!,0.4,communication
2000,2002,ghost ship,radio,communication,She take a radio?,0.6470588235294118,communication
2000,2002,ghost ship,radio,communication,He's not on deck and I can't raise him on the radio.,0.8846153846153846,communication
2000,2002,ghost ship,radio,communication,The ah... the radio's out.,0.5384615384615384,communication
2000,2002,ghost ship,signal,communication,"I'll call us in. Dodge, see how many signal flares you can scrounge up.  Keep an eye on him.",0.40217391304347827,communication
2000,2002,ghost ship,radio,communication,Just before I heard him yell there was somebody on the radio.,0.9016393442622951,communication
2000,2002,ghost ship,radio,communication,I been watching it for close to an hour and it hasn't moved. I can't raise it on the radio either. Makes me think it might be in trouble.,0.6204379562043796,communication
2000,2001,ghost world,computer,computational,She understands what you're going through and she really wants to help you. She says that job at Computer Station is still available if you want it.,0.6554054054054054,computational
2000,2001,ghost world,computer,computational,"Well, Maxine thinks she can get you a sales job at Computer Station. Normally you have to have references and at least two years of experience, but she thinks she can convince them.",0.281767955801105,computational
2000,2001,ghost world,phone,communication,Oh -- please - don't let me interrupt finish your phone call.,0.819672131147541,communication
2000,2001,ghost world,radio,communication,"Was it Bosnia? I forget...  It's so sad, the tragedy of an entire country eloquently captured in the face of one little boy.  A Soul/Funk song starts up on the radio that catches her attention. She goes over and turns it up.",0.7142857142857143,communication
2000,2001,ghost world,phone,communication,"Oh I love to cook. I guess most women wouldn't invite a man over on the first date, but I believe you should trust your instincts. When I talked to you on the phone you just seemed so... I don't know... harmless. Ready for ice cream?",0.6824034334763949,communication
2000,2001,ghost world,machine,computational,"Shh, it's his answering machine...  We hear the indistinct traces of a musical message followed by a faint BEEP.",0.21428571428571427,computational
2000,2001,ghost world,machine,computational,Let the machine get it. I have no desire to talk to anyone who would be calling me...,0.09411764705882353,computational
2000,2001,ghost world,data,computational,"C'mon Seymour, I'm trying to collect data here! Don't you want me to find you your perfect dream girl?",0.3627450980392157,computational
2000,2001,ghost world,phone,communication,Did you remember to pay the phone bill?,0.717948717948718,communication
1990,1996,the ghost and the darkness,device,computational,Meant to ask you- the railroad car trap. Your idea?  Excellent notion- I used the same device myself once.,0.8207547169811321,computational
1980,1989,ghostbusters ii,telephone,communication,This is my address and telephone number. Will you call me?,0.39655172413793105,communication
1980,1989,ghostbusters ii,machine,computational,"Brings back a lot of sweet memories, doesn't it?  There's our old cash machine.  And the dry cleaners we used to go to.  And the old video store.  We really had some good times, didn't we?",0.3776595744680851,computational
1980,1989,ghostbusters ii,device,computational,"I received this information from an alien.  I was at the Paramus Holiday Inn, I was having a drink in the bar when he approached me and started talking.  Then he must have used some sort of ray or a mind control device because he made me follow him to his room and that's where he told me about the end of the world.",0.6708860759493671,computational
1980,1989,ghostbusters ii,television,communication,Pleasure to meet you.  I've seen you on television.,0.7843137254901961,communication
1980,1989,ghostbusters ii,signal,communication,"Now if you don't want to be the --  -- fifth person ever to die in meta-shock from a planar rift, I suggest you get down behind that desk and don't move until we give you the signal ""Stabilize -- All Clear.""",0.8454106280193237,communication
1980,1986,ghostbusters,tv,communication,You know you shouldn't leave your TV on so loud when you go out.  That creep down the hall phoned the manager.,0.3090909090909091,communication
1980,1986,ghostbusters,data,computational,"I'm worried, Ray.  It's getting crowded in there.  And all my recent data points to something big on the bottom.",0.6160714285714286,computational
2000,2000,gladiator,device,computational,AGH!  Please!  He's having a secret device constructed for the circus. The brass craftsmen are working overtime.,0.32142857142857145,computational
1960,1967,the graduate,phone,communication,Could I make one phone call first?,0.5,communication
1960,1967,the graduate,phone,communication,"Look -- I'll give you ten dollars for a dime -- I'll give you twenty -- for God's sake, will you let me use that phone?",0.9495798319327731,communication
1960,1967,the graduate,phone,communication,Mr. McCleery -- do you have some change? I need to use the phone?,0.9076923076923077,communication
1930,1932,grand hotel,telephone,communication,"Now listen to me. The others are getting suspicious of you. I was on the telephone to Amsterdam today, they think you're scared.",0.5703125,communication
1930,1932,grand hotel,machine,computational,"Oh -- I was ambitious then -- ambition was in my blood -- no rest, no stopping. We were drilled like little soldiers -- We danced in the school of the Imperial Ballet, in St. Petersburg. I was little and slim but hard as diamond -- a duty machine -- No rest, no stopping. And then -- I became famous and whoever is famous is alone... But why should I be telling you this? Last night I did not know you at all -- who are you, really? -- I do not even know your name.",0.513978494623656,computational
1930,1932,grand hotel,phone,communication,All you have to do is phone for it.,0.6285714285714286,communication
1990,1990,the grifters,computer,computational,Come take a look. An entire-suite of main-frame computer.,0.8421052631578947,computational
1990,1990,the grifters,computer,computational,"Every once in a while, a major change comes through. We have seven seconds to take advantage, put our buy order, our sell order, into the computer in New York before the Tokyo data comes in.",0.7263157894736842,computational
1990,1990,the grifters,data,computational,"Every once in a while, a major change comes through. We have seven seconds to take advantage, put our buy order, our sell order, into the computer in New York before the Tokyo data comes in.",0.7263157894736842,computational
1990,1990,the grifters,computer,computational,"One of those computer geniuses, isn't it?",0.3170731707317073,computational
1990,1998,halloween h20: 20 years later,phone,communication,They said on the phone you were assigned to the Meyers case.,0.2833333333333333,communication
1990,1995,halloween: the curse of michael myers,tv,communication,You've been watching too much TV.,0.9090909090909091,communication
1990,1995,halloween: the curse of michael myers,radio,communication,It was her voice.  On the radio.  It was Jamie.  Calling for me.,0.40625,communication
1970,1971,"happy birthday, wanda june",television,communication,"More nerve than the doctor, I must admit.  He hasn't been home for two days.  Has he suddenly lost interest in sleep and color television--and the violin?",0.8246753246753247,communication
1970,1971,"happy birthday, wanda june",phone,communication,A telegram--a phone call might have helped.,0.32558139534883723,communication
1970,1971,"happy birthday, wanda june",computer,computational,"Chinese maniacs and Russian maniacs and American maniacs and French maniacs and British maniacs have turned this lovely, moist, nourishing blue-green ball into a doomsday device.  Let a radar set and a computer mistake a hawk or a meteor for a missile, and that's the end of mankind.",0.7137809187279152,computational
1970,1971,"happy birthday, wanda june",device,computational,"Chinese maniacs and Russian maniacs and American maniacs and French maniacs and British maniacs have turned this lovely, moist, nourishing blue-green ball into a doomsday device.  Let a radar set and a computer mistake a hawk or a meteor for a missile, and that's the end of mankind.",0.7137809187279152,computational
1970,1979,hardcore,tv,communication,Big threat. TV would ream you.,0.4,communication
1970,1979,hardcore,tv,communication,"I don't blame you, Niki. Really I don't. It's this culture, where everything's based on sex, sold on sex...  ...magazines, music, TV. It's destroying everything. Buy this 'cause of sex, use this 'cause of sex. Kids think it's normal. They think they're supposed to talk dirty, wear scanty clothes...",0.43478260869565216,communication
1970,1979,hardcore,tv,communication,I don't see why I must justify myself to you. I don't care about the things you do. I don't care what's happening in New York or Los Angeles. I don't care about movies or TV. I don't care who's on Johnny Carson.,0.8104265402843602,communication
1970,1971,harold and maude,tv,communication,"Oh, <u>yes</u>? Well, that's all right. I've got a brother who's a real cut-up, too. I'll never forget the time we had this old TV set with no parts in it. Well, Tommy stuck his head behind it and started giving a newscast before the whole family. We were all hysterical. And here's little Tommy pretending to be Walter Cronkite.",0.3890577507598784,communication
1970,1971,harold and maude,computer,computational,"Yes, that's good planning. Tell me, are you a regular, Candy, in this computer club?",0.8333333333333334,computational
1970,1971,harold and maude,device,computational,Scared? Swimming underwater with that oxygen device of yours. I was petrified.,0.5769230769230769,computational
1970,1971,harold and maude,machine,computational,"Oh, it's only a machine, Harold. It's not as if it were <u>alive</u>, like a horse or a camel. We may live in a machine age, but I simply can't treat them as equals.  Of course, the age has its advantages.",0.07804878048780488,computational
1970,1971,harold and maude,phone,communication,"Harold, please! I'm on the phone.",0.8181818181818182,communication
1970,1971,harold and maude,radio,communication,"Well, thank you. Eh, officer, you might turn off the radio. Saves the battery.",0.6794871794871795,communication
2000,2004,hellboy,tv,communication,I thought you liked being on TV.,0.90625,communication
2000,2004,hellboy,tv,communication,It is. You got yourself on TV again.,0.75,communication
1980,1987,hellraiser,phone,communication,We'll get you a phone as long as you promise to stay put.,0.2807017543859649,communication
1980,1987,hellraiser,telephone,communication,First things first. You can have a telephone when we've talked. Do you know who did this to you?,0.3645833333333333,communication
2000,2000,high fidelity,screen,computational,"To me, it would mean that you're a liar.  You saw it twice.  Once with Laura -- oops -- once with me and Dick.  We had that conversation about the possibilities of the guy making ammo off-screen in the Fourteenth Century.",0.8506787330316742,computational
2000,2000,high fidelity,computer,computational,"Shut up. ""Let's Get It On,"" Marvin Gaye, from Let's Get It On. ""Airbag,"" Radiohead, from OK Computer.",0.9108910891089109,computational
2000,2000,high fidelity,television,communication,I have a television.,0.45,communication
2000,2000,high fidelity,television,communication,That is perverse.  Do not tell anyone you don't own fucking Blonde on Blonde.  What about Television?,0.8910891089108911,communication
2000,2000,high fidelity,phone,communication,"Yeah, I'm fine.  I'm off the phone.",0.8285714285714286,communication
2000,2000,high fidelity,phone,communication,"We are not talking jokey understatement here, Rob.  We're talking actionable harassment.  Ten phone calls a night, hanging around outside my house...",0.6308724832214765,communication
2000,2000,high fidelity,phone,communication,"You kind of have to start with Elvis Costello, but where? ""Motel Matches?"" ""I Want You?"" ""I Hope You're Happy Now?"" ""Green Shirt?"" His records should be sealed in cases that say ""in case of vicious betrayal, smash glass."" ""Where Did You Sleep Last Night,"" sure, but by Robert Johnson or by Nirvana?  Maybe a Liz Phair track.  There are a couple to get angry at instead of being angry with. Some devil's advocate stuff.  The Silver Jews could be good when you're ready to start putting it all behind you...  But I think we're getting ahead of ourselves there.  Ah.  Dylan. Bob fucking Dylan.  Now Bob Dylan would --The phone rings.  He pulls off his headphones and picks it up but says nothing.",0.8917748917748918,communication
2000,2000,high fidelity,tv,communication,I'm going to drink this bottle of wine watch TV and go to bed.  Then tomorrow I'll get up and go to work.,0.42857142857142855,communication
1940,1940,his girl friday,phone,communication,"Certified and everything. Got it right here in my wallet... What? No, he's not here -- I'm in a phone booth.",0.8888888888888888,communication
1940,1940,his girl friday,phone,communication,Thanks. I'll phone Hildy right away to get that story.,0.24074074074074073,communication
1940,1940,his girl friday,phone,communication,We're going to take him over to my private office.  Where's our phone?,0.9142857142857143,communication
1940,1940,his girl friday,radio,communication,"Attagirl! Why, they'll be naming streets after you -- Hildy Johnson Street! There'll be statues of you in the parks, Hildy. The radio'll be after you -- the movies!  By tomorrow morning I'll betcha there's a Hildy Johnson cigar! I can see the billboards now. Light up with Hildy Johnson!",0.445993031358885,communication
1940,1940,his girl friday,phone,communication,"You keep out of this. Bruce, suppose you examine Mr. Burns in his office. I'll get my bag and go over to the Press Room in the Criminal Courts Building. You phone me as soon as Mr. Burns has given you his check. Then I'll go get the interview and you phone Mother that we're taking the six o'clock train.  And no tricks, Walter!",0.47865853658536583,communication
1940,1940,his girl friday,phone,communication,He's on my phone. He just called me.,0.3055555555555556,communication
1940,1940,his girl friday,phone,communication,Hold the phone!,0.6,communication
1940,1940,his girl friday,phone,communication,"Phone for you, Hildy.",0.0,communication
1940,1940,his girl friday,phone,communication,You're not going to phone anybody where I am.,0.4444444444444444,communication
1940,1940,his girl friday,phone,communication,You can't get him on the phone. He's out duckshooting now.,0.43103448275862066,communication
1940,1940,his girl friday,phone,communication,Get the Governor on the phone!,0.8,communication
2000,2003,house of 1000 corpses,tv,communication,I just pictured the tire sitting in a chair watching TV.,0.9464285714285714,communication
2000,2003,house of 1000 corpses,radio,communication,Turn that fucking radio off!,0.6428571428571429,communication
2000,2003,house of 1000 corpses,phone,communication,"Huh? Oh, hi. You really don't have a phone?",0.8604651162790697,communication
2000,2003,house of 1000 corpses,phone,communication,Can't Tiny drive us to a phone?,0.8064516129032258,communication
2000,2003,house of 1000 corpses,phone,communication,"Excuse me, may I please use your phone?",0.8461538461538461,communication
2000,2003,house of 1000 corpses,radio,communication,Wait... quiet. Turn off the radio.,0.8235294117647058,communication
2000,2003,house of 1000 corpses,tv,communication,"Oh, you mean on TV.",0.8421052631578947,communication
2000,2003,house of 1000 corpses,phone,communication,"Hey, maybe the guy with the tow truck could drive us to a phone.",0.90625,communication
2000,2003,house of 1000 corpses,tv,communication,"No, I can't say that I ever seen 'em before...  ...he looks familiar, is he on TV?",0.9634146341463414,communication
2000,2001,human nature,screen,computational,That goddamn Neanderthal? I'm the one who gave him the idea for the combination bug spray-sun screen! Did you know that?!,0.7768595041322314,computational
1960,1961,the hustler,machine,computational,"It's a machine gun. This guy told me when I came to the big city I'd have to have a machine gun, so I bought one.  Where do you get the money? To pay for all this? I mean the liquor, and the groceries, and the rent?",0.03255813953488372,computational
1950,1953,invaders from mars,telephone,communication,That's Ed.  Ed works with the Bell Telephone switching division.,0.546875,communication
1950,1953,invaders from mars,phone,communication,Stay here.  I'm going to make a phone call.,0.7441860465116279,communication
1950,1953,invaders from mars,phone,communication,Jimmy's father is on the phone.  I wonder if you'd take the call.,0.38461538461538464,communication
1990,1996,independence day,signal,communication,"If anything goes wrong I'll have to think quickly, adjust the signal, who knows?",0.775,communication
1990,1996,independence day,signal,communication,I've worked with embedded loading. They're communicating with a hidden signal. They're going to attack...,0.6761904761904762,communication
1990,1996,independence day,signal,communication,That signal. It's a countdown.,0.16666666666666666,communication
1990,1996,independence day,signal,communication,Remember I told you that the signal hidden within our satellite signal is slowly recycling down to extinction.,0.2636363636363636,communication
1990,1996,independence day,signal,communication,"Strange thing is, if my calculations are right it'll be gone in approximately seven hours anyway. The signal reduces itself every time it recycles. Eventually it will disappear. Are you listening?",0.5204081632653061,communication
1990,1996,independence day,signal,communication,I've got a lock on the signal pattern. We can filter it out.,0.38333333333333336,communication
1990,1996,independence day,signal,communication,"Yes, because the analog signal has a definite sequential digital patterns embedded within it. When I find the exact binary sequence and I apply a phase reversed signal to that calculated spectra analyzer I built you last Christmas, we should be able to block out the overlay completely...",0.08333333333333333,communication
1990,1996,independence day,digital,computational,"Yes, because the analog signal has a definite sequential digital patterns embedded within it. When I find the exact binary sequence and I apply a phase reversed signal to that calculated spectra analyzer I built you last Christmas, we should be able to block out the overlay completely...",0.08333333333333333,communication
1990,1996,independence day,signal,communication,No. The good news is I found the problem and it's not our equipment. There's some weird signal embedded within the satellite feed.,0.676923076923077,communication
1990,1996,independence day,signal,communication,Yes. I can use he signal to triangulate her exact position in the White House.,0.23076923076923078,communication
1990,1996,independence day,phone,communication,"She always keeps her portable phone listed, for emergencies. Sometimes it's just her first initial, sometime her nickname...",0.24193548387096775,communication
1990,1996,independence day,phone,communication,"This, pops, is every phone book in America.",0.4883720930232558,communication
1990,1996,independence day,television,communication,The television said they've started with the looting already. Vultures.,0.056338028169014086,communication
1990,1996,independence day,radio,communication,I'll see how they're doing with the radio transmitter.,0.6666666666666666,communication
1990,1996,independence day,radio,communication,The helicopter never arrived at Nellis and there's been no radio contact.,0.8082191780821918,communication
1990,1996,independence day,machine,computational,"Please, you're not buying into any of this nonsense, are you? We don't have the manpower or the resources to launch that kind of a campaign.  Not to mention that this whole cockamamie plan is dependent on a machine that no one in the world is qualified to operate.",0.7840909090909091,computational
1980,1987,innerspace,data,computational,Come on...look at her. Don't you know anything about women?... The data is skewed. We might as well go with instinct...,0.5630252100840336,computational
1980,1987,innerspace,data,computational,Your data must be bad. Everyone can't be lying all the time.,0.08333333333333333,computational
1980,1987,innerspace,phone,communication,Not who. A data bank. Just keep your ear to the phone and don't make a sound.,0.6233766233766234,communication
1980,1987,innerspace,data,computational,Not who. A data bank. Just keep your ear to the phone and don't make a sound.,0.6233766233766234,communication
1980,1987,innerspace,phone,communication,Good. Get to a phone.,0.7142857142857143,communication
1980,1987,innerspace,data,computational,"Think of the scientific data we'll gain. Come on, lets get out of here.",0.3380281690140845,computational
1980,1987,innerspace,phone,communication,...I need to make a phone call.,0.6451612903225806,communication
1980,1987,innerspace,computer,computational,A chip. Goes in a computer.,0.6666666666666666,computational
1990,1999,the insider,tv,communication,"There's Dad, on TV.",0.8421052631578947,communication
1990,1999,the insider,phone,communication,"Oh, it's real selective... about as hard to get a hold of as the Manhattan phone book.",0.872093023255814,communication
1990,1999,the insider,television,communication,"I am? You pay me to go get guys like Wigand, to draw him out. To get him to trust us, to get him to go on television. I do. I deliver him. He sits. He talks. He violates his own fucking confidentiality agreement. And he's only the key witness in the biggest public health reform issue, maybe the biggest, most-expensive corporate-malfeasance case in U.S. history. And Jeffrey Wigand, who's out on a limb, does he go on television and tell the truth? Yes. Is it newsworthy? Yes. Are we gonna air it? Of course not. Why? Because he's not telling the truth? No. Because he is telling the truth. That's why we're not going to air it. And the more truth he tells, the worse it gets!",0.15657311669128507,communication
1990,1999,the insider,radio,communication,"""Tortious interference""? Sounds like a disease caught by a radio.",0.9076923076923077,communication
1990,1999,the insider,computer,computational,That computer has everything...,0.16129032258064516,computational
1990,1999,the insider,television,communication,"""60 Minutes,"" the television show?",0.5294117647058824,communication
1990,1999,the insider,phone,communication,"""I'm Lowell Bergman, I'm from '60 Minutes.'"" You know, you take the ""60 Minutes"" out of that sentence, nobody returns your phone call. Maybe Wigand's right. Maybe I'm hooked. What am I hooked on? The rush? ""60 Minutes""? What the hell for? Infotainment. It's so fucking useless, all of it.",0.4270833333333333,communication
1990,1999,the insider,radio,communication,"Do me a favor, will you? Spare me, for God's sake. Get in the real world. What do you think? I'm going to resign in protest? To force it on the air? The answer is ""no."" I don't plan to spend the end of my days wandering in the wilderness of National Public Radio.  That decision I've already made.",0.8653198653198653,communication
1990,1999,the insider,tv,communication,"No. We don't do that.  You've seen ""60 Minutes"" and Mike Wallace. So you know our reputation for integrity and objectivity. You also know we are the highest-rated, most-respected, TV-magazine news show in America.",0.8450704225352113,communication
1990,1999,the insider,robot,computational,"I greased the rails for a guy who wanted to say yes. I helped him to say yes. Alright. You're not a robot, Jeff! That's all. You got a mind of your own, don't you?",0.6134969325153374,computational
1990,1999,the insider,network,computational,"...to a network, probably, we're all commodities.  To me? You are not a commodity. What you are is important.",0.07339449541284404,computational
1990,1999,the insider,internet,computational,"The internet said you did graduate work in Wisconsin, then went to UC La Jolla with Professor... Marcus?",0.038461538461538464,computational
1990,1999,the insider,television,communication,The seven CEOs of Big Tobacco... they got up in front of Congress that time... it was on television...,0.8725490196078431,communication
1990,1999,the insider,phone,communication,"I'm Lowell Bergman. We spoke on the phone, remember?",0.6923076923076923,communication
1990,1999,the insider,phone,communication,"No, you can.  Tell him to get on the fucking phone!",0.8823529411764706,communication
1990,1999,the insider,phone,communication,"Alright, now listen to me. I want you -- I want you to tell him, in these words: get on the fucking phone...!",0.9174311926605505,communication
1990,1999,the insider,phone,communication,"No, no. Don't call the police!  Just tell him I'm on the phone with you... My name is Lowell Bergman... Just tell him that.",0.4634146341463415,communication
1990,1999,the insider,device,computational,"A delivery device for nicotine. Put it in your mouth, light it up, and you're gonna get your fix...",0.1111111111111111,computational
1990,1999,the insider,device,computational,A delivery device for nicotine.,0.3548387096774194,computational
1990,1999,the insider,machine,computational,There an echo in here? Your objection's been recorded. She typed it into her little machine over there. It's on the record. So now I'll proceed with my deposition of my witness. Does it act as a drug?,0.42,computational
2000,2003,intolerable cruelty,phone,communication,"I'm sorry. That was unkind and -- but, we changed our minds.  Did you really mean what you said on the phone. It wasn't because you found out about Rex?",0.6776315789473685,communication
2000,2003,intolerable cruelty,device,computational,He would invite these girls home from the staple factory to our condominium in Palm Springs. He had a device he called the Intruder.,0.7727272727272727,computational
1930,1934,it happened one night,phone,communication,No. He's been trailed twenty-four hours a day since this thing started. He can't even get a phone call we don't know about.,0.7479674796747967,communication
1930,1934,it happened one night,phone,communication,But it's King Westley on the phone.,0.8285714285714286,communication
1930,1934,it happened one night,phone,communication,Phone for help?  We're right in the middle of nowhere. There isn't a town within ten miles of here.,0.0,communication
1930,1934,it happened one night,phone,communication,Holy Smokes! You'll never get out yourself! Better phone for some help.,0.7183098591549296,communication
1930,1934,it happened one night,phone,communication,You ain't gonna stick me for no phone calls. You can go down to the Sheriff's office.,0.3764705882352941,communication
1930,1934,it happened one night,telephone,communication,Can I use your telephone? I want to talk to New York.,0.2830188679245283,communication
1930,1934,it happened one night,phone,communication,"Oh, boy! What a yarn! What a yarn!  Get me Hank on the phone. Gotta hold up the morning edition.",0.5729166666666666,communication
1930,1934,it happened one night,machine,computational,That's all right. I got a couple of machine guns in my suitcase. I'll let you have one of them.,0.37894736842105264,computational
1990,1991,jfk,phone,communication,There were no phone records.,0.5,communication
1990,1991,jfk,phone,communication,"Then how the hell did you get in the Warren Commission, Dean?  Except through the phone records in the Dallas jail?",0.7130434782608696,communication
1990,1991,jfk,phone,communication,"Swishes.  They swish, y'know.  Young fags, you know.  They'd come into my bureau needing help, no bread, and I'd say, hey man, I ain't Rockefeller, who gonna back you up?  These cornmuffins go to the phone and dial...",0.9216589861751152,communication
1990,1991,jfk,phone,communication,"You tell them the day after the assassination you were called on the phone by this ""Clay Bertrand"" and asked to fly to Dallas and be Lee Oswald's layer.",0.45394736842105265,communication
1990,1991,jfk,data,computational,"I don't know if it's coincidence, but Oswald had a top security clearance and knew about the U2 program from his days at Atsugi Air Base in Japan.  Six months after he arrives in Russia, Francis Gary Powers' U2 spy flight goes down in Russia.  That plane was untouchable. Powers hinted that Oswald could've given the Russians enough data to hit it.  As a direct result, the peace summit between Khrushchev and Eisenhower failed.  I can't help thinking of that book Seven Days In May, maybe someone in our military didn't want the Peace Conference to happen, maybe Oswald was part of that.  It gets weirder.",0.5495049504950495,computational
1990,1991,jfk,tv,communication,"I told your uncle I never met a lawman who wasn't a punk.  You too, Bill, even if you're family.  He's a big shot businessman.  I seen him on the TV news a lot with all the other big shots.  A fag, you know.  Goes by another name down here.",0.6083333333333333,communication
1990,1991,jfk,tv,communication,Did you take a good look at the TV when they had Oswald?,0.5714285714285714,communication
1990,1991,jfk,phone,communication,"I wonder about the Williams'.  Just where did the first description of Oswald come from at 12:44?  No one knows.  They claimed it was Brennan's, but his description came after 1 P.M.  Who called?  Somehow the FBI's been tapping the Williams' and picks up a call between Bell Helicopter and Janet's phone, an unidentified voice saying ""We both know who's responsible.""  Who called?  Why's the Bureau been tapping them?",0.7146282973621103,communication
1990,1991,jfk,radio,communication,"Finally they shuttle him to a radio factory in Minks where he lives as high on the hog as he ever has - he's given 5,000 rubles, a roomy apartment with a balcony, has affairs with local girls.",0.15625,communication
1990,1991,jfk,tv,communication,"That's right.  When I saw him on TV, I was shocked.  I said to my family, ""that was the man I saw in the truck.""",0.29464285714285715,communication
1990,1991,jfk,tv,communication,"Well so do I, goddammit!  So do I! I had a life too, y'know - I had a life, too.  But you just can't bury your head in the sand like some ostrich, goddammit, Elizabeth!  It's not just about you - and your well- being and your two cars and your kitchen and your TV and ""I'm jes fine honey.""  While our kids grow up into a shithole of lies!  Well, I'm not ""fine"" about that, I'm angry. My life is fucked, Liz!  And yours is, too!  And if you don't want to support me I can understand that but don't you go start making threats of taking the children away.",0.4719710669077758,communication
1990,1991,jfk,phone,communication,"I'll take them up to my mother's if it'll make you feel better.  Spend a week.  I'll change the locks, the phone lines, I'll even get a bodyguard, all right?  Elizabeth, get a hold of yourself.",0.5544041450777202,communication
1990,1991,jfk,phone,communication,Just a crank making phone calls. Happens a dozen times a day at the office.,0.26666666666666666,communication
1990,1991,jfk,radio,communication,"One shooter.  One spotter on a radio. Maybe three teams.  I'd say these were professional riflemen, chief, serious people.  Hunters...  patient. It takes skill to kill with a rifle, that's why there's been no execution of an executive with one in 200 years... ""3-2-1...  green!""  Or else ""Abort!  Abort!""",0.10197368421052631,communication
1990,1991,jfk,television,communication,Pictures like this don't show up on television!,0.7659574468085106,communication
1990,1991,jfk,signal,communication,"I knew the man 20 years.  That's him.  The way he walked... arms at his side, military, the stoop, the haircut, the twisted left hand, the large class ring.  What was he doing there?  If anyone had asked him, he'd probably say ""protection"" but I'll tell you I think he was giving some kind of ""okay"" signal to those hoboes - they're about to get booked and he's telling 'em it's gonna be okay, they're covered.  And in fact they were - you never heard of them again.",0.6437768240343348,communication
1990,1991,jfk,phone,communication,"Yet on November 22, 1963 - the day of the President's murder - our police report says he pistol-whipped you with a .357 Magnum.  But the police report says you had an argument over the phone bill. Here, take a look at it.  Now, does a simple argument over phone bills sound like a believable explanation to you?",0.594855305466238,communication
1990,1997,jackie brown,machine,computational,"I'm gonna sell the other two tonight. This group of Koreans in Koreatown have started a Neighborhood Watch kinda thing. And they want a few weapons so the neighborhood niggas know they mean business. So I'm gonna sell 'em my two machine guns tonight. Only problem, I ain't never dealt with these Koreans before. Now I ain't worried. Asians are by and large real dependable. They don't want no trouble. You might argue about price, but you ain't gotta worry about them shootin' you in the back. But I got me kind of a rule. Never do business with nobody you ain't never done business with before without backup. That's why I need you, backup.",0.35725429017160687,computational
1990,1997,jackie brown,machine,computational,"Well, it ain't so much a problem a a situation. Remember I sold those three M-60 machine guns outta the five I got?",0.7043478260869566,computational
1990,1997,jackie brown,tv,communication,"Hey, c'mon in, man. I was just -- you know -- smokin' a fatty, watchin' TV.",0.96,communication
1990,1997,jackie brown,machine,computational,How old is that machine gun shit?,0.48484848484848486,computational
1990,1997,jackie brown,machine,computational,"I'm still scared as a motherfucker, Ordell. They talkin' like they serious 'bout me doin' that machine gun time.",0.8482142857142857,computational
1990,1997,jackie brown,phone,communication,On the phone I told him I have the ten thousand he put up for your bond. I could bring the money and the papers for him to sign. Walk out and call the Sheriff's department.,0.040697674418604654,communication
1990,1997,jackie brown,phone,communication,I'm waiting for the phone.,0.7692307692307693,communication
1990,1997,jackie brown,signal,communication,"So you come out with her Robinson's/May bag, go meet Sheronda. Simone peeks out, waits for my man Louis here to give her a signal nobody's watchin'. She leaves the store, gets in her car -- mission accomplished.",0.5829383886255924,communication
1990,1997,jackie brown,tv,communication,"Oh, I dunno. Watching TV.",0.88,communication
1990,1997,jackie brown,machine,computational,"I got me five M-60 machine guns. These came straight from the Gulf War. I sold me three of them so far, twenty grand a piece.",0.152,computational
1990,1997,jackie brown,phone,communication,"I call your office, she better answer the phone.",0.875,communication
1990,1997,jackie brown,machine,computational,Possession of unregistered machine guns.,0.675,computational
1990,1997,jackie brown,tv,communication,Not if your ambition is to get high and watch TV.,0.9387755102040817,communication
1990,1990,jacob's ladder,phone,communication,"What? You want the Plaza? Don't be foolish. Here. Take this, too.  This is my place on Prince Street. It's got my phone, everything. Call if you need me ... but you won't. Everything's gonna work out. You just get outta town as fast as you can. The New York police can be effective when they want to be.",0.37623762376237624,communication
1990,1990,jacob's ladder,machine,computational,I have some ice from the machine.,0.7575757575757576,computational
2000,2001,jason x,robot,computational,Robot huh?,0.0,computational
1970,1975,jaws,radio,communication,That's it! Radio in for help!,0.3793103448275862,communication
1970,1975,jaws,radio,communication,Let's call in -- we can radio and have a big boat here in an hour...,0.35294117647058826,communication
1970,1975,jaws,radio,communication,What do we do? Get some help? Radio in?,0.7692307692307693,communication
1970,1975,jaws,machine,computational,"Out there is a Perfect Engine, an Eating Machine that is a miracle of evolution -- it swims and eats and that's all. Look at that! Those proportions are correct.  I know sharks.",0.23163841807909605,computational
1970,1975,jaws,tv,communication,"Depth-finder, fathometer, sonar, closed-circuit TV -- fore and aft -- RDF, single side band...  And two loose nuts behind the wheel.",0.36363636363636365,communication
1970,1975,jaws,phone,communication,"Polly told me to tell you there's a scout troop in Avril Bay doing the mile swim for their Merit Badges. I couldn't call them in, there's no phone out there.",0.8980891719745223,communication
1970,1975,jaws,television,communication,"Like those Cousteau specials on television? I think it's for the kids, but I love them.",0.367816091954023,communication
1970,1975,jaws,radio,communication,I just wanted to know if you were all right... the Coast Guard let me use their radio. Is Chief Brody there?,0.7407407407407407,communication
1970,1975,jaws,radio,communication,"Hell, in the old days we went out with good charts, good sounding lead, and a damn good compass. Nowadays, these kids are afraid to go out without depth finders, radar, radio, electric toothbrush, every stupid thing...",0.7752293577981652,communication
2000,2007,juno,tv,communication,"Like I'd marry you! You would be the meanest wife of all time. And anyway, I know you weren't bored that day because there was a lot of stuff on TV. The Blair Witch Project was on Starz, and you were like, ""Oh, I want to watch this, but we should make out instead. La la la.""",0.5272727272727272,communication
2000,2007,juno,machine,computational,A Pilates machine?,0.5555555555555556,computational
1990,1993,kalifornia,tv,communication,"Can you believe thirty bucks for this room... for what? A lumpy mattress, that crummy TV and a crapper.",0.8349514563106796,communication
1990,1993,kalifornia,phone,communication,What did he sound like on the phone?,0.8333333333333334,communication
1990,1993,kalifornia,phone,communication,"Right, I talked to you on the phone. They say it's a torch job, that sound like your boy?",0.33707865168539325,communication
1990,1992,knight moves,phone,communication,What in the hell do you think you're doing?  Slamming down the phone in the middle of the trace.,0.65625,communication
1990,1992,knight moves,computer,computational,I want you to feed every street in this grid into your computer.,0.859375,computational
1990,1992,knight moves,phone,communication,You weren't mad at him for picking up the phone?,0.875,communication
1990,1992,knight moves,phone,communication,I was thinking about leaving the phone line open so you could hear her die -- but I've decided it's better if you don't know exactly when I kill her. Good-bye Peter.,0.2,communication
1990,1992,knight moves,phone,communication,"No you haven't.  And even if you had it doesn't matter.  Who would you tell? The police don't believe you, and you've just used your only phone call.",0.9261744966442953,communication
1990,1992,knight moves,computer,computational,Have computer search for anyone that's used that opening against me.  There can't be more than a handful.,0.047619047619047616,computational
1990,1992,knight moves,data,computational,"Can we correlate data?  Look for specific things, like player's ages... stuff like that?",0.19318181818181818,computational
1990,1992,knight moves,data,computational,Sure.  We've got a modem line hooked up with the data base in New York.,0.6901408450704225,computational
1990,1992,knight moves,computer,computational,This is a printout from the hotel computer for all the messages logged to your room.  Here's one at 9:04 pm.  It says:  From Debi.  Please call me at home.,0.21935483870967742,computational
1990,1992,knight moves,computer,computational,Our computer went on the fritz again. David came up to fix it.,0.06451612903225806,computational
1990,1992,knight moves,phone,communication,"This isn't going to be like the phone book, is it?",0.64,communication
1990,1994,léon,tv,communication,Yeah... There's a lot on TV.,0.8928571428571429,communication
1990,1998,labor of love,phone,communication,"Don't wait by the phone.  If he's really been walking this whole time, he's out of our jurisdiction...",0.17647058823529413,communication
1990,1995,leaving las vegas,tv,communication,"Years ago, in LA, I turned a trick on Sunset and Western. The guy was polite and didn't argue about the price. He parked his car and I took him to a house that I had an arrangement with. A fat Mexican woman was watching a TV and I told him to give her the twenty for the room. There were three or four small naked children playing on the floor and we had to step over them to get into the room. The room had a bed and a dresser. He lay on his back on the bed and I put a rubber on him and sucked him for a while until he was hard and then I eased on to him. About twenty minutes later there was a knock on the door and it was the woman saying our time was up. I felt kind of guilty because he hadn't come and I offered to reason with the woman and get another ten minutes, but he said it was all right and began dressing. When we were ready to leave the room he stopped me and... hugged me and kissed me on the cheek. He gave me an extra hundred as a tip and went back to his car. I remember being relieved that I wouldn't have to work again that evening.",0.2104265402843602,communication
1990,1995,leaving las vegas,tv,communication,I'll be back home around three. If you're back by then we can watch TV or something... I guess what I'm saying is... that I hope you are back when I get home. Please be careful.,0.384180790960452,communication
1990,1995,leaving las vegas,tv,communication,Then come.  I'm going to change. Watch TV. I'll be half an hour.,0.609375,communication
2000,2001,legally blonde,network,computational,A) He's an old man with a really big penis. B) She never told me I was fat. And C) Victoria Principal sells on that network.,0.9354838709677419,computational
2000,2001,legally blonde,network,computational,"She married an old man, she's made a living on telling women they're too fat, she hawks her crap on the Home Shopping Network...",0.921875,computational
2000,2001,life as a house,phone,communication,"I mean, but did you both go camping on weekends?  Listen to music?  Masturbate together?  Talk on the phone?",0.9444444444444444,communication
2000,2001,life as a house,computer,computational,"Oh, well...those are...I mean, we don't get to keep our work.  I could maybe ask them if you could choose one.  But, you know, frankly George, you were the best. Computer models can't begin to match the beauty you gave yours.  They're a part of this firm.  They inspire me.  I go out there and sometimes just stare at something I've designed.  It amazes me. I would miss that too much.  Look, I may be going out on a limb, but you go out there and look them over, every single one of them and pick the one you like the best and take it with you. Just run it by me first, just in case, you know...but I'm sure it'll be okay.",0.26003210272873195,computational
2000,2001,life as a house,computer,computational,"This isn't me.  We can show clients endless options, change anything in a matter of hours on the computer.  But you won't change.",0.751937984496124,computational
2000,2001,life as a house,phone,communication,"If you had a stupid phone or I could use your truck, mom would give me some money.",0.24390243902439024,communication
2000,2001,life as a house,computer,computational,You can't promise me anything!  You don't have anything to promise!  You live in a garage!  You don't have cable!  You're not hooked up to the internet because you don't even own a computer!  You don't have a job!,0.8497652582159625,computational
2000,2001,life as a house,internet,computational,You can't promise me anything!  You don't have anything to promise!  You live in a garage!  You don't have cable!  You're not hooked up to the internet because you don't even own a computer!  You don't have a job!,0.8497652582159625,computational
2000,2001,life as a house,phone,communication,I don't have a phone.,0.7142857142857143,communication
2000,2001,life as a house,phone,communication,"What was I supposed to do?  When you didn't show up Saturday, I tried to call. Your phone isn't working.",0.8076923076923077,communication
2000,2001,life as a house,television,communication,The biggest waste of time since television.,0.7441860465116279,communication
2000,2003,the life of david gale,radio,communication,We get the games on the radio sometimes.,0.6,communication
2000,2003,the life of david gale,radio,communication,"You're the one who said that boneyard's the only way we're getting out of here. We're gonna join all the rest of 'em soon enough. Jangle Leg, Biscuit, Goldmouth, Poker Face, Cookie, Radio -- yes sir, pick a plot and start digging...",0.7844827586206896,communication
2000,2003,the life of david gale,radio,communication,"What about you, Radio?",0.7272727272727273,communication
2000,2003,the life of david gale,radio,communication,"Don't worry about that. Hey, fellas, this here is my mama. These are some of my friends. That's Willie, there's Poker Face, Radio, Cookie, Goldmouth, Biscuit, Jangle Leg.",0.7294117647058823,communication
2000,2003,the life of david gale,radio,communication,"You should have come by last night, Radio. You woulda had yourself some fun.",0.47368421052631576,communication
1970,1976,logan's run,machine,computational,Are you too startled? Am I too removed from your ken?  I'm neither machine nor man... but a perfect fusion of the two... and better than either.  No human sculptor could match this greatness... don't you agree?,0.319047619047619,computational
1970,1976,logan's run,machine,computational,"He's the one. You too. I remember. He was in a hurry. Just a face job. Dark hair, I said. Then he killed Doc and you grabbed me -- and the machine blew up and I ran... I ran.",0.7988505747126436,computational
1990,1997,lost highway,phone,communication,Where's your phone? I have to call another taxi.,0.2708333333333333,communication
1990,1997,lost highway,tv,communication,How could I miss it? The TV won't quit with that stuff.,0.45454545454545453,communication
1930,1937,lost horizon,radio,communication,Not even a radio?,0.6470588235294118,communication
1930,1937,lost horizon,machine,computational,"We have reason. It is the entire meaning and purpose of Shangri-La. It came to me in a vision, long, long, ago. I saw all the nations strengthening, not in wisdom, but in the vulgar passions and the will to destroy. I saw their machine power multiply until a single weaponed man might match a whole army. I foresaw a time when man, exulting in the technique of murder, would rage so hotly over the world that every book, every treasure, would be doomed to destruction. This vision was so vivid and so moving that I determined to gather together all the things of beauty and culture that I could and preserve them here against the doom toward which the world is rushing.  Look at the world today! Is there anything more pitiful?  What madness there is, what blindness, what unintelligent leadership! A scurrying mass of bewildered humanity crashing headlong against each other, propelled by an orgy of greed and brutality. The time must come, my friend, when this orgy will spend itself, when brutality and the lust for power must perish by its own sword. Against that time is why I avoided death and am here, and why you were brought here. For when that day comes, the world must begin to look for a new life. And it is our hope that they may find it here. For here we shall be with their books and their music and a way of life based on one simple rule: Be Kind.  When that day comes, it is our hope that the brotherly love of Shangri-La will spread throughout the world.  Yes, my son, when the strong have devoured each other, the Christian ethic may at last be fulfilled, and the meek shall inherit the earth.",0.141439205955335,computational
1990,1997,men in black,radio,communication,"No. The aliens organized, all of them, and tried a coup. They made it seem like a radio show afterwards.",0.7884615384615384,communication
1990,1997,men in black,radio,communication,The radio show?,0.26666666666666666,communication
2000,2002,minority report,data,computational,"No... we have the two previsions from the twins right here, but...  ... I can't pull up any data from the female.  Probably just a glitch.",0.6666666666666666,computational
2000,2002,minority report,data,computational,"Huh, we don't seem to have her data.",0.8611111111111112,computational
2000,2002,minority report,data,computational,Show me just Agatha's data stream.,0.6470588235294118,computational
2000,2002,minority report,data,computational,That's right.  It's a combined data stream based on all three previsions.,0.4246575342465753,computational
2000,2002,minority report,screen,computational,"Nothing... she grabbed me, and then there was an image on the screen...",0.8732394366197183,computational
2000,2002,minority report,radio,communication,Then take her to Radio Shack.,0.5862068965517241,communication
2000,2002,minority report,data,computational,"I did find it.  It was inside of Agatha all this time.  So the question is, why would someone want this erased from the data file?",0.9230769230769231,computational
2000,2002,minority report,data,computational,"I know.  He came to me, told me about the missing data stream.  He was concerned that you might find it.",0.4807692307692308,computational
2000,2002,minority report,phone,communication,"I don't wanna say over the phone, but I think we may be chasing the wrong man.",0.34615384615384615,communication
2000,2001,made,phone,communication,"Phone, room service, mini-bar. Any additional expense. If you need anything you can push the button marked 'Concierge', and they'll be able to help you.",0.0,communication
2000,2001,made,phone,communication,I'm on the phone.,0.6470588235294118,communication
2000,2001,made,phone,communication,How'd you unlock my phone?,0.7692307692307693,communication
1990,1992,malcolm x,phone,communication,Don't answer the phone. It's all right. It's all right. Nothing is gonna happen to anybody.,0.18681318681318682,communication
2000,2004,man on fire,phone,communication,[We page him and he calls back on this cell phone.],0.8627450980392157,communication
2000,2004,man on fire,machine,computational,[The number you use at the bank machine.],0.7804878048780488,computational
2000,2004,man on fire,phone,communication,[He called me on the cell phone to set a time and location for the switch.],0.3466666666666667,communication
2000,2004,man on fire,tv,communication,An autosequestra. Kalfus arranged for Pinta to be taken to a safehouse. I'm sure he thought she'd sit there for three days eating pizza and watching TV. It didn't work out that way. Everything got fucked up when I killed the cops and Tazinari saw an opportunity.,0.5687022900763359,communication
1950,1955,marty,television,communication,"Well, we're back to that, huh? I say to you, ""What do you feel like doing tonight?"" And you say to me, ""I don't know, what do you feel like doing?"" And then we wind up sitting around your house with a coupla cansa beer, watching Sid Caesar on television. Well, I tell you what I feel like doing. I feel like calling up this Mary Feeney. She likes you.",0.6923076923076923,communication
1950,1955,marty,phone,communication,"Marty, your mother wants you onna phone.",0.85,communication
1970,1970,mash,telephone,communication,"And if it isn't, why don't we call Washington on your telephone? You tell your story, we'll tell ours.",0.5294117647058824,communication
1970,1970,mash,phone,communication,We've got too many wounded for us to handle now! Get on the phone right away and...,0.7228915662650602,communication
1940,1941,meet john doe,radio,communication,"How many people do you think we've talked to already, outside the radio, I mean?",0.825,communication
1940,1941,meet john doe,radio,communication,Uh-huh. To carry out the principles you talked about in your radio speech.,0.8243243243243243,communication
1940,1941,meet john doe,radio,communication,"Tomorrow night, before a crowd of fifteen thousand people, and talking over a nation-wide radio hook-up, John Doe will announce the formation of a third party.",0.5660377358490566,communication
1940,1941,meet john doe,radio,communication,"Money?  Well, I'm glad to hear somebody admit it. Do you suppose you could write a radio speech that would put that fellow over?",0.6484375,communication
1940,1941,meet john doe,radio,communication,"Darling, there are so many complaining political speeches. People are tired of hearing nothing but doom and despair on the radio. If you're going to have him say anything, why don't you let him say something simple and real, something with hope in it? If your father were alive, he'd know what to say.",0.40863787375415284,communication
1940,1941,meet john doe,radio,communication,"Yeah, I don't know. I simply can't get it to jell!  I created somebody who's gonna give up his life for a principle, hundreds of thousands of people are gonna listen to him over the radio and, unless he says something that's, well, that's sensational, it's just no good!",0.674074074074074,communication
1940,1941,meet john doe,radio,communication,"Well, what about it?  Let them see him!  We'll go them one better. They can also hear him.  You own a radio station, Mr. Norton. Why not put him on the air?",0.6538461538461539,communication
1940,1941,meet john doe,radio,communication,"All right. You're walking alongnot a nickel in your jeansfree as the windnobody bothers youhundreds of people pass yuh by in every line of businessshoes, hats, automobiles, radio, furniture, everything. They're all nice, lovable people, and they let you alone. Is that right?",0.6357142857142857,communication
1940,1941,meet john doe,radio,communication,"Just like you said on the radio, Mr. Doe.",0.6341463414634146,communication
1940,1941,meet john doe,radio,communication,Go down to the office and arrange for some radio time.,0.7962962962962963,communication
1940,1941,meet john doe,radio,communication,"Well, that's a cinch. I know somebody that'll give you five thousand dollars just to get up on the radio and tell the truth.",0.7983870967741935,communication
1940,1941,meet john doe,radio,communication,"Well, when you get up on the radio, all you have to do is say the whole thing's a frame-up. Make you a hero sure as you're born!",0.2265625,communication
1990,1997,metro,phone,communication,Maybe we can get a throw phone in there.,0.625,communication
1990,1997,metro,phone,communication,"You got 7 hostages in there, 1 of them's wounded -- We don't know how bad it is -- The guy ripped the phone out -- SWAT said he's got a gun to the head of a female hostage. If SWAT makes entry now, you're gonna lose 1 hostage, maybe 2. I gotta go in. Maybe I can see what's going on in there.",0.3493150684931507,communication
1990,1997,metro,phone,communication,I'll tell him. Where does he live. We'll get him on the phone right now.,0.7777777777777778,communication
1990,1997,metro,machine,computational,"It's not just the particles man, it's the whole fucking machine, this is how they get assassins to operate. It's been this way since the cuban missile crisis.",0.35443037974683544,computational
1990,1997,metro,phone,communication,Well he's a little fucking agitated -- he ripped the phone out.,0.8412698412698413,communication
1990,1997,metro,tv,communication,I was going to catch the last half on TV.,0.926829268292683,communication
1990,1994,mighty morphin power rangers,signal,communication,"By bouncing ultra-high frequencies off one of the network satellites, I can send a long-range pulsar signal to within TWO FEET of the Rangers coordinates.",0.6558441558441559,communication
1990,1994,mighty morphin power rangers,network,computational,"By bouncing ultra-high frequencies off one of the network satellites, I can send a long-range pulsar signal to within TWO FEET of the Rangers coordinates.",0.6558441558441559,communication
2000,2001,monkeybone,tv,communication,"Oh yeah. There's just one thing I don't get. ""Monkeybone Creator Awakens from Coma"" that's a big story! That's front page news! But I can't find a <u>word</u> of coverage in this stinkin' rag! <i></i> Hey. Don't I have a TV show?",0.9650655021834061,communication
2000,2001,monkeybone,phone,communication,I left my phone number in your undies. Try not to lose it in traffic.,0.14492753623188406,communication
1990,1998,my mother dreams the satan's disciples in new york,phone,communication,"I just need to use the phone, lady.",0.6571428571428571,communication
1990,1998,my mother dreams the satan's disciples in new york,phone,communication,"And there was this number on my phone bill that I didn't recognize.  Calls made at three and four in the morning.  So, I called the number ... and a woman answered.  And I ... I hung up.  So, then I followed him.  Just like in the movies.  And I found out that he has a wife and a little girl living in Brooklyn.  We had been going together for almost a year.",0.08913649025069638,communication
1930,1939,mr. smith goes to washington,phone,communication,"Yes, yes--phone, phone--  A--an outrage, pet--an outrage--I'll look into this--  Hello--Joe!--What!--No! Not really! Terrible!",0.07936507936507936,communication
1930,1939,mr. smith goes to washington,phone,communication,That infernal phone!,0.7,communication
1930,1939,mr. smith goes to washington,machine,computational,"Yes! He's about to blow the whole machine to smithereens--and *you with it*, Mr. Governor!",0.37777777777777777,computational
1930,1939,mr. smith goes to washington,signal,communication,"--And it is in my power to confer a very signal honor upon you. In my official capacity, therefore, I--",0.39805825242718446,communication
1930,1939,mr. smith goes to washington,signal,communication,"No. No. A signal service to the State. Yes, indeed. And not only that but-- uh--I've heard of your excellent work in leading and guiding our youth--",0.06756756756756757,communication
1930,1939,mr. smith goes to washington,machine,computational,That's why I say Miller--Horace Miller. He jumped through hoops for the machine before we moved him up to the bench. He'll take orders.,0.5333333333333333,computational
1930,1936,mr. deeds goes to town,phone,communication,"Tonight, maybe.  I'll phone him at noon.  Oh, my lunch hour. I'm a stenographer, you know. Mary Dawson.",0.21359223300970873,communication
1930,1936,mr. deeds goes to town,phone,communication,"Close that door.  Will you get Mrs. Cedar on the phone, please?",0.7777777777777778,communication
1930,1936,mr. deeds goes to town,phone,communication,"Fine. I'll talk to her. Give me the phone, quick. She's the only one I'm going to talk to from now on.",0.35294117647058826,communication
1930,1936,mr. deeds goes to town,phone,communication,"Miss Dawson on the phone, sir.",0.6333333333333333,communication
1930,1936,mr. deeds goes to town,telephone,communication,But she's on the telephone,0.6296296296296297,communication
1930,1936,mr. deeds goes to town,telephone,communication,"Madame Pomponi is on the telephone, sir.",0.625,communication
1930,1936,mr. deeds goes to town,phone,communication,What do you mean? I remember everything!  Hand me my pants - I wrote her phone number on a piece of paper.,0.6886792452830188,communication
1990,1999,mystery men,television,communication,It's on the television.,0.5217391304347826,communication
1990,1999,mystery men,tv,communication,Looking for... the TV Guide.,0.6785714285714286,communication
1990,1999,mystery men,machine,computational,"But, Doc... where's the machine guns?",0.6486486486486487,computational
2000,2000,next friday,phone,communication,"This my baby.  I feel like a new nigga in this car.  I get mo' phone numbers rollin' this, than I ever did on the bus.",0.5338983050847458,communication
2000,2000,next friday,phone,communication,"Don't worry about it, man.  Get the phone.",0.8571428571428571,communication
1990,1995,nick of time,tv,communication,On TV.,0.5,communication
1990,1995,nick of time,radio,communication,"Hey, would you look at this crazy car? Everybody has their own radio. What do you think of that?",0.65625,communication
1950,1955,the night of the hunter,screen,computational,I'm givin' you to the count of three to get out that screen door; then I'm a-comin' across this kitchen shootin'!,0.4690265486725664,computational
1980,1984,a nightmare on elm street,phone,communication,"No television, forget the homework, no phone calls.",0.7647058823529411,communication
1980,1984,a nightmare on elm street,television,communication,"No television, forget the homework, no phone calls.",0.7647058823529411,communication
1930,1939,ninotchka,telephone,communication,"Count d'Algout, there have been several telephone...",0.7692307692307693,communication
1930,1939,ninotchka,radio,communication,Radio! What is radio?,0.0,communication
1930,1939,ninotchka,radio,communication,Let's turn on the radio.,0.75,communication
1930,1939,ninotchka,radio,communication,Not radio. Let's have music that's just for ourselves.,0.07407407407407407,communication
1930,1939,ninotchka,radio,communication,A wonderful idea! Radio or records?,0.5142857142857142,communication
1930,1939,ninotchka,telephone,communication,I have a better suggestion. Let's forget that the telephone ever rang. I never heard that you are Yakushova... you are Ninotchka... my Ninotchka...,0.3401360544217687,communication
1930,1939,ninotchka,telephone,communication,The telephone is ringing.,0.16,communication
1930,1939,ninotchka,radio,communication,"It helps. It has ever since King David wooed Bathsheba with the harp. As I am not so fortunate as to have my harp at hand, I shall turn on the radio.",0.959731543624161,communication
1930,1939,ninotchka,telephone,communication,"This morning three Soviet agents arrived. I overheard a telephone conversation with Mercier, the jeweler. Your Highness, they are going to sell them!",0.37583892617449666,communication
1990,1995,nixon,phone,communication,He left his White House phone number in his hotel room.,0.43636363636363634,communication
1990,1995,nixon,television,communication,"That's what geopolitics is about -- the whole world linked by self interest ... You tell me, Ron, how the hell I can explain that on television to a bunch of simple-minded reporters and weeping fucking mothers!",0.6333333333333333,communication
1990,1995,nixon,tv,communication,"No one understands! -- even my own men.  What do you think the Communists respond to?  Honesty, liberal guilt, soul-wringing crap, fathers on TV crying?  Hell no!  I understand the Communist mind, I've studied it for thirty years.  They grasp ""realpolitik"" better than any of us, right, Henry?",0.48464163822525597,communication
1990,1995,nixon,tv,communication,"One of the fathers was on the TV saying, ""My child was not a bum.""  And it's playing like gangbusters.  Hell, Hoover told me one of the girls was a nymph.",0.19480519480519481,communication
1990,1995,nixon,television,communication,"Who the fuck are they?  Bob, are you working on revoking the Posts's television license?  Good.",0.7263157894736842,communication
1990,1995,nixon,tv,communication,"I asked him, ""Lyndon, what would you do, on a scale of one to ten?""  And he said, ""Bomb the shit out of Hanoi, boy!  Bomb them where they live."" ... John, do you think I was too soft on TV?",0.9841269841269841,communication
1990,1995,nixon,television,communication,The girls will grow up.  They only know you from television anyway.,0.7313432835820896,communication
2000,2000,nurse betty,television,communication,Listen! I saw 'Chloe' and 'Lonnie' on T.V. They're television characters.,0.6986301369863014,communication
2000,2000,nurse betty,phone,communication,"No, I do not want any goddamn... what was all that shit on the phone about the new Buicks?",0.7,communication
2000,2000,nurse betty,phone,communication,I ran back in to get the phone.,0.8064516129032258,communication
2000,2000,nurse betty,television,communication,"ON TELEVISION!!  Cut the shit, will you!",0.075,communication
2000,2000,nurse betty,phone,communication,"Hey, how 'bout a card for me? What is that?  ""Please call if you have any information on David Ravell."" This is my phone number! How many of these have you given out?",0.6927710843373494,communication
2000,2000,nurse betty,phone,communication,"...so, we'll hit the library first and fan out from there. They've got all the L.A. phone books, plus medical directories...  We're not gonna let him hide from you any more, okay? I'm making this my personal mission.",0.3888888888888889,communication
2000,2000,nurse betty,phone,communication,"Let me tell you something. In our business you can't put food on the table if your phone doesn't ring. The guys who get the calls are good -- not flashy, just good. They get in, they get out. Nobody knows a goddamn thing. Understand? Boom, boom, boom. Three in the head and you know they're dead.",0.28040540540540543,communication
2000,2000,nurse betty,television,communication,It'll be like live television! Let's live on the edge a little. You and I can break the mold here!,0.19387755102040816,communication
2000,2000,nurse betty,phone,communication,"Names, a phone number, something...  Listen, Ballard told me that the guy who brought the missing car down from Detroit was murdered, but do you see him doing anything about it? If Ballard wasn't such a stubborn ass, I wouldn't have to be breaking in here...",0.03488372093023256,communication
1980,1982,an officer and a gentleman,phone,communication,"I'm not finished. I'll only be in port one week a month and when I'm here you'd never catch me playing daddy with you 'cause it's not who I am. Like I told you on the phone, you I'd be better off in that state school back in Virginia.",0.7136752136752137,communication
2000,2002,panic room,phone,communication,"Close?  Are you insane?  We're nowhere near close!  Fuck this, I'll make an anonymous phone call on Monday, they'll find the floor safe, and I'll inherit the shit.  Little piece of it, anyway, it's better than nothing.",0.3944954128440367,communication
2000,2002,panic room,phone,communication,Cell phone.,0.45454545454545453,communication
2000,2002,panic room,phone,communication,"Oh, that phone call...",0.4090909090909091,communication
2000,2002,panic room,phone,communication,"Reinforced steel core walls.  Buried phone line, completely separate, not connected to the house's main line and never exposed throughout the house's infrastructure or outside the house -- you can call the police; nobody can cut you off. Your own ventilation system, complete with oxygen scrubber, so you've got plenty of fresh air for as long as you like.  And a bank of video monitors --",0.09511568123393316,communication
2000,2002,panic room,phone,communication,"This is it?  I told you on the phone, I have to be moved in in two weeks.  Sarah, please don't bounce that here.",0.2767857142857143,communication
2000,2002,panic room,phone,communication,"Different phone line, I never hooked it up!",0.23255813953488372,communication
2000,2002,panic room,phone,communication,"The phone works.  Hey, I hooked up the phone.",0.08888888888888889,communication
1990,1995,panther,telephone,communication,"Okay now, er, Huey, so what's your telephone number?",0.6730769230769231,communication
1990,1995,panther,phone,communication,"Judge, hold on, is your phone safe?",0.6857142857142857,communication
1980,1989,pet sematary,tv,communication,"He can if He wants to. He can do anything, just like Inspector Gadget on TV. But I have to keep things ready for him, that's what I think. I've got his picture and I'm going to sit in his chair--",0.37435897435897436,communication
2000,2003,pirates of the caribbean,signal,communication,"That signal is over a thousand feet high, which means it can be seen for two hundred leagues in every direction.  The entire Royal Navy is out to sea looking for me -- do you think there is even a chance they could miss it?",0.02242152466367713,communication
2000,2003,pirates of the caribbean,signal,communication,"It's a signal.  If we resist, it won't just be death.  There'll be torture as well.",0.08433734939759036,communication
2000,2003,pirates of the caribbean,signal,communication,"Go to the opposite end of the island, and signal the ship.  I'll keep 'em busy.",0.5316455696202531,communication
1990,1999,plastic man,network,computational,You're right.  Place a call to our friends at the network and to Mr. Joplin at the E.P.A.,0.5617977528089888,computational
1990,1999,plastic man,machine,computational,"To put is simply, the nanobot inside you is a microscopic machine encoded with information like a strand of messenger R.N.A. that is programmed to synthesize your molecules with the polyisoprenes of the assembler fluid, rebuilding your entire organic system on a molecular level.",0.2078853046594982,computational
1930,1931,platinum blonde,telephone,communication,That's a good idea - telephone the police. The number is Spring 3100. Get a couple of cops over and we can have a rubber of bridge.,0.16030534351145037,communication
1930,1931,platinum blonde,telephone,communication,May I use your telephone?,0.6,communication
1990,1998,pleasantville,tv,communication,"No you can't, Jen! It's a new TV. It doesn't work without a remote.",0.44776119402985076,communication
1990,1998,pleasantville,tv,communication,Weil great. You can watch TV upstairs.,0.6842105263157895,communication
1990,1998,pleasantville,tv,communication,This is TV pal. They don't fool around.,0.20512820512820512,communication
1990,1998,pleasantville,tv,communication,"You know, we didn't call any TV repair.",0.7435897435897436,communication
1990,1998,pleasantville,tv,communication,Yeah. TV busted?,0.375,communication
1990,1998,pleasantville,tv,communication,TV repair?,0.0,communication
1990,1998,pleasantville,tv,communication,TV repair.,0.0,communication
2000,2002,punch-drunk love,phone,communication,"No I'm sorry, now I have to get off the phone....",0.8163265306122449,communication
2000,2002,punch-drunk love,phone,communication,Lena I'm so sorry. I'm so sorry that I left you at the hospital..... I called a phone sex line. I called a phone sex line before I met you and then these four blond brothers came after me and you got hurt and I'm sorry -- and I had to leave because I don't want you to get hurt again and now I'm here and I'm back and I have a lot of pudding that I can redeem in six to eight weeks and if you give me that much time I can get enough miles to fly with you wherever you have to go if you have to travel for your job because I don't want to be anywhere without you.....can you please let me redeem the mileage?,0.13179571663920922,communication
2000,2002,punch-drunk love,phone,communication,Can I write down my address and phone number for you?,0.6037735849056604,communication
2000,2002,punch-drunk love,phone,communication,Did you have my home phone number?,0.6176470588235294,communication
2000,2002,punch-drunk love,telephone,communication,"That's fine. Can I have a telephone number, area code first on where we can call you back?",0.28888888888888886,communication
2000,2002,punch-drunk love,phone,communication,You made a phone call and you said you'd help a girl out and then you didn't....I'm here to get the money.,0.10377358490566038,communication
2000,2002,punch-drunk love,phone,communication,I'm just talking on the phone to you and standing.,0.48,communication
2000,2002,punch-drunk love,phone,communication,"Shut up, just put him on the phone, it doesn't matter, just shut up --",0.4142857142857143,communication
2000,2000,quills,signal,communication,Now give the signal.,0.65,communication
1990,1999,rko 281,screen,computational,Where did he go? He hasn't had a screen credit in four years--,0.532258064516129,computational
1990,1999,rko 281,radio,communication,How long have we spent casting our minds about the world when the answer to our prayers was right here under our noses -- every single day in the newspapers and on the radio -- waiting for us in that ridiculous castle! Waiting for--!,0.721030042918455,communication
1990,1999,rko 281,radio,communication,I told you! Where? Grauman's? El Capitan? Or did Radio City come crawling back?,0.620253164556962,communication
1990,1999,rko 281,radio,communication,"What do you want me to do, Orson? Radio City won't premiere the picture. Louella threatened them with some bullshit about",0.2809917355371901,communication
1980,1980,raging bull,tv,communication,"I'm pulling out of next Wednesday's TV bout 'cause I can't make the weight. I'm fighting at light heavyweight, and I still can't make the weight.",0.2482758620689655,communication
1980,1980,raging bull,telephone,communication,"Ok, all right. Telephone's in the hall. Dial his number.",0.26785714285714285,communication
1980,1980,raging bull,phone,communication,"What do I say to him? Call him up on the phone and say, ""Joey, I'm sorry about that little trouble we had. How about havin' dinner?"" Is that what I say?",0.26973684210526316,communication
1980,1980,raging bull,tv,communication,Tryin' to get this fuckin' TV to work. Paid all this money for it and still can't get a station a mile away. And Mr. Wizard here ain't no help.,0.1888111888111888,communication
1950,1954,rear window,phone,communication,Oh -- that phone call!  I gave them your number -- hope you don't mind.,0.15492957746478872,communication
1950,1954,rear window,phone,communication,"There's no point in taking unnecessary chances.  Give me the phone book, Lisa.",0.782051282051282,communication
1950,1954,rear window,phone,communication,Suppose Mrs. Thorwald's wedding ring was among the jewelry he has in the handbag.  During that phone conversation he held up three rings -- one with a diamond -- one with a big stone of some kind -- and one plain gold band.,0.4260089686098655,communication
1950,1954,rear window,phone,communication,"He had it hidden in the dresser! Well, at least it was in there. He took it out, went to the phone and called somebody long distance. -- His wife's jewelry was in the handbag. And something about it worried him. He was asking somebody advice over the phone.",0.36186770428015563,communication
1950,1954,rear window,phone,communication,Phone number?,0.0,communication
1950,1955,rebel without a cause,television,communication,You watch too much television.,0.6333333333333333,communication
2000,2000,reindeer games,radio,communication,Radio said.,0.0,communication
2000,2000,reindeer games,radio,communication,Radio said negative five.,0.0,communication
2000,2000,reindeer games,phone,communication,"You go in with five, you're either leaving an alarm free or an exit free. Someone hits an alarm, you're fucked. Someone gets to a phone, gets outside, 'cross the street, whatever, you're fucked. You need six.  Six is me.",0.5909090909090909,communication
2000,2000,reindeer games,tv,communication,"Nick, here's what we're gonna do. In the spirit of the season, I'm going to give you a chance. I understand you're unhappy. Right outta the lockup, here against your will, it's the holidays and there's reruns on TV.  So we're gonna have a contest.",0.8582995951417004,communication
1990,1992,reservoir dogs,tv,communication,"No, it wasn't Pam Grier, Pam Grier was the other one. Pam Grier made the movies. Christie Love was like a Pam Grier TV show, without Pam Grier.",0.8111888111888111,communication
1990,1992,reservoir dogs,tv,communication,"It's not the black Beverly Hills, it's the black Palos Verdes. Anyway, this chick, Elois, was a man-eater- upper. I bet every guy who's ever met her has jacked off to her at least once. You know who she looked like? Christie Love. 'Member that TV show ""Get Christie Love""? She was a black female cop. She always used to say ""You're under arrest, sugar.""",0.6912181303116147,communication
1990,1992,reservoir dogs,signal,communication,"Mr. Brown stays in the car. He's parked across the street till I give him the signal, then he pulls up in front of the store.",0.624,communication
1990,1992,reservoir dogs,machine,computational,"It hurts. It hurts her. It shouldn't hurt. Her pussy should be Bubble-Yum by now. But when this cat fucks her, it hurts. It hurts like the first time. The pain is reminding a fuck machine what is was like to be a virgin. Hence, ""Like a Virgin.""",0.7377049180327869,computational
2000,2001,scary movie 2,phone,communication,"Well, we never made it official, so I guess we were technically never really boyfriend and girlfriend, but I was seeing him in school. I saw him at the mall about six months ago and I was too nervous to introduce myself so I followed him to his car, and jotted down the license plate number. It was registered to his mother, so I went to her house. She was so nice. I mean, she seemed like she would be nice 'cuz I never really spoke to her. I just waited til she went to work then I climbed in through her window and borrowed her phone book. I say borrowed because I'm going to give it back one day. But anyway, I called everyone in it til I found her son. He wasn't home when I called so I left this message how much in love I was with him. I was, and how I wanted to have his children. Just really opening up, and he never called back. I'd call and call, and anyway, six months and two restraining orders later I just decided I deserved better. What about you? Do you have a boyfriend?",0.5374493927125507,communication
2000,2001,scary movie 2,computer,computational,"Actually, I was going to say let me have your computer if you die.",0.696969696969697,computational
2000,2001,scary movie 2,screen,computational,That means more screen time for us.,0.45714285714285713,computational
2000,2001,scary movie 2,machine,computational,"What do you know about it?!... Listen, the ghost is too powerful. The only chance we have is to use this machine.  I need you to go get the others and meet us upstairs.",0.625,computational
1990,1994,serial mom,tv,communication,"It's a cool idea, Misty! Let's make a gore movie about Mom! Better yet, a TV series!",0.8809523809523809,communication
1990,1994,serial mom,tv,communication,"TV, man! Farrah Fawcett's interested in playing my mother!",0.0,communication
1990,1994,serial mom,tv,communication,You mean for TV or print?,0.52,communication
1990,1994,serial mom,computer,computational,"I know this sounds weird, Mr. Sutphin, but the Department of Motor Vehicle's computer shows only one blue station wagon registered to a parent of any of Mr. Stubbins' pupils.",0.4425287356321839,computational
1990,1994,serial mom,phone,communication,"Sorry, ma'am.  We're investigating obscene phone calls and mail threats to a certain Mrs. Dottie Hinkle.",0.41346153846153844,communication
1990,1994,serial mom,telephone,communication,"Mrs. Hinkle, did you ever receive obscene telephone calls?",0.7241379310344828,communication
1990,1994,serial mom,telephone,communication,Mrs. Wilson from the telephone company. I understand you're having problems with obscene calls.,0.22105263157894736,communication
1990,1994,serial mom,tv,communication,Just the damn cable TV company. You know how they are. Did you hear about Dottie Hinkle?,0.22727272727272727,communication
1940,1943,the seventh victim,telephone,communication,There is a very simple way. Got a telephone book?,0.6938775510204082,communication
1940,1943,the seventh victim,machine,computational,"Bella Romari	If I were not seated, I would embrace you in three movements like a sonata.  Ah, my wonderful one. Fly with me tonight. We will take your coffee machine and live with the gypsies.",0.8229166666666666,computational
1980,1989,"sex, lies, and videotape",television,communication,"Yeah, I guess it is. My mother is a complete Anglophile, anything British makes her drool like a baby. She probably heard the name in some movie. She's a prisoner of public television now.",0.9202127659574468,communication
1980,1989,"sex, lies, and videotape",television,communication,Television?,0.0,communication
1980,1989,"sex, lies, and videotape",television,communication,Have you ever been on television?,0.6666666666666666,communication
1980,1989,"sex, lies, and videotape",phone,communication,"He's not getting a phone, he doesn't like talking on the phone.",0.30158730158730157,communication
1980,1989,"sex, lies, and videotape",phone,communication,He doesn't have a phone.,0.75,communication
1980,1989,"sex, lies, and videotape",phone,communication,There's a phone here.,0.47619047619047616,communication
1980,1989,"sex, lies, and videotape",machine,computational,I wish you'd get an answering machine.,0.7894736842105263,computational
1970,1975,shivers,phone,communication,"Rog, I gotta talk serious to you. Really. Listen. Ya listening? OK. I want you to come into this with me. To tell the honest-to-God truth, I'm lonely.  All Hobbes ever did was run around getting money and phone me in the middle of the night. He wanted you in anyway. That's why we were gonna get together, the three of us. We would have enough to keep us going for at least five years, even with inflation.",0.5049261083743842,communication
1980,1981,shock treatment,network,computational,I am in Farley's employ -- and...  ...we're discussing a network deal.,0.8142857142857143,computational
1980,1981,shock treatment,tv,communication,Farley is already a TV winner as we shall see.  Dentonvile will run forever now that his interest has embraced mental hygiene.,0.15873015873015872,communication
1980,1981,shock treatment,tv,communication,With Fast Food Farley at the helm it'll be TV dinners from now on.,0.6515151515151515,communication
2000,2004,sideways,tv,communication,A lot of TV. I was a regular on a couple of series. And lately I've been doing a lot of commercials. National mostly.,0.07692307692307693,communication
2000,2004,sideways,phone,communication,Let me use your phone.,0.7272727272727273,communication
2000,2004,sideways,machine,computational,The chick digs you. She lit up like a pinball machine when she heard your novel was getting published.,0.45098039215686275,computational
2000,2004,sideways,computer,computational,I went on Monday. But I spent most of the time helping him with his computer.,0.8831168831168831,computational
2000,2004,sideways,phone,communication,He had to make a phone call.,0.6071428571428571,communication
2000,2002,signs,tv,communication,Listen Bo. This is very important. Everything people have written about in science books is going to change. The history of the world's future is on the TV right now. We need to record this so you can show your children this tape and say you were there...  For your children Bo.,0.5503597122302158,communication
2000,2002,signs,tv,communication,"For the kids protection. All they were doing was watching TV from five a.m. I felt like they were getting obsessed like you said. They should be playing furry, furry rabbit or tea party or something right?",0.28292682926829266,communication
2000,2002,signs,signal,communication,We might lose the signal.,0.72,communication
2000,2002,signs,machine,computational,What kind of machine can bend a stalk of corn over without cracking it?,0.18309859154929578,computational
2000,2002,signs,signal,communication,You'll lose the signal!,0.6956521739130435,communication
2010,2010,simone,computer,computational,"Oh, no.  The fan club is real.  But they were worshipping computer code -- ones and zeros.",0.6444444444444445,computational
2010,2010,simone,tv,communication,"-- Forgive me, Mr. Taransky.  I'm just trying to understand.  All these films, TV appearances, magazine covers, internet interviews, publicity photos, snapshots from her childhood -- all fake.  This is fake, this is fake -- fake, fake, fake, all fake.",0.3147410358565737,communication
2010,2010,simone,internet,computational,"-- Forgive me, Mr. Taransky.  I'm just trying to understand.  All these films, TV appearances, magazine covers, internet interviews, publicity photos, snapshots from her childhood -- all fake.  This is fake, this is fake -- fake, fake, fake, all fake.",0.3147410358565737,communication
2010,2010,simone,screen,computational,"No!  Whatever talent Simone has comes from me -- me!  Me!  I swear, as God is my judge.  You don't know what I've been through.  Tens of thousands of mind-numbing hours in front of that screen, nights without end, and look what it's cost me.  Why do you think I've been wearing these?  I may have done irreparable harm to my eyesight, and why?  To extract and refine the infinite nuances of a human being -- a human soul.  Don't you see?  I made Simone!",0.4105960264900662,computational
2010,2010,simone,radio,communication,"But you don't understand.  She'll always be there -- at some party, on some magazine cover, some song on the radio, up on some screen.",0.8134328358208955,communication
2010,2010,simone,screen,computational,"But you don't understand.  She'll always be there -- at some party, on some magazine cover, some song on the radio, up on some screen.",0.8134328358208955,communication
2010,2010,simone,screen,computational,"As I've tried to explain to you, Elaine.  Simone isn't like any other actress you've ever known. She's about the work and only the work -- lives for the work.  She wants all the money up there...  ... on the screen where it belongs. She'd work for scale except I know you only respect people you pay a fortune.",0.6709677419354839,computational
2010,2010,simone,tv,communication,"I know it's embarrassing to admit it, mom, but when I think about it -- honestly, I haven't.  I mean, it feels like I have.  I know more about her than members of my own family.  She's even in my dreams. But I realized, going back through my diary, they were all TV appearances, near misses at parties, second-hand rumor, gossip on the internet.  I've never actually seen Simone up close, touched her, been in her physical presence.  Have you?",0.5936794582392777,communication
2010,2010,simone,internet,computational,"I know it's embarrassing to admit it, mom, but when I think about it -- honestly, I haven't.  I mean, it feels like I have.  I know more about her than members of my own family.  She's even in my dreams. But I realized, going back through my diary, they were all TV appearances, near misses at parties, second-hand rumor, gossip on the internet.  I've never actually seen Simone up close, touched her, been in her physical presence.  Have you?",0.5936794582392777,communication
2010,2010,simone,screen,computational,"Because, you have to understand, Frank, these interviews -- none of this is real.  Who I am on screen and who I really am are two totally different people.",0.6129032258064516,computational
2010,2010,simone,screen,computational,I'm not even sure I deserve it. After tonight I'll have almost as much screen time on your show as I do in my movies.  How is that healthy for a performer?,0.45806451612903226,computational
2010,2010,simone,computer,computational,"It can -- with my new computer code, you and me, we can do it together.",0.30985915492957744,computational
2010,2010,simone,screen,computational,Good and bad.  They think that's what caused this.  Me eye tumor. Microwaves from the screen.  It's the size of a grapefruit.  Heavy too.,0.6277372262773723,computational
2010,2010,simone,computer,computational,"-- Eight years ago.  In that whole time, I never left my computer.",0.8636363636363636,computational
2010,2010,simone,phone,communication,Dinner?  Dinner's difficult.  A phone call?,0.7441860465116279,communication
2010,2010,simone,screen,computational,Those things can be dangerous. Staring at a screen all day -- you miss what's going on outside in the real world.  You can lose yourself. You should get out more.  How are you going to meet boys?,0.22564102564102564,computational
2010,2010,simone,internet,computational,"I saw her picture on the, er... internet.  You really didn't notice anything -- unusual?",0.36363636363636365,computational
2010,2010,simone,screen,computational,"Our leaders aren't presidents anymore -- they're pop stars and screen idols.  If Woodward and Bernstein were alive today, they'd be right here in Hollywood with me.",0.38414634146341464,computational
2010,2010,simone,device,computational,Is it a jamming device?,0.6956521739130435,computational
2010,2010,simone,digital,computational,"See beyond that irrational allegiance to flesh and blood. -- See that with the rise in price of a real actor and the fall in price of a fake, the scales have tipped in favor of the fake.  -- See that if the performance is genuine, it doesn't matter if the actor is real.  Once a performance is committed to film, the blood and bones are gone anyway.  Only the spirit, the illusion remains. Besides, what's real anymore? These days most actors have digital work done to them so it's a gray area.",0.9068825910931174,computational
2010,2010,simone,computer,computational,"Mr. Taransky, we both know I was nothing without you.  I was computer code -- ones and zeros.",0.6559139784946236,computational
2000,2002,slash,phone,communication,It gets worse. He's cut all the phone lines.,0.7272727272727273,communication
2000,2006,slither,radio,communication,"Oh, shit! I hope she ain't a police radio aficionado. If so, I apolog",0.5217391304347826,communication
1970,1977,smokey and the bandit,machine,computational,That's a Texas bubble gum machine on your back porch.,0.49056603773584906,computational
2000,2006,smokin' aces,phone,communication,Have them mobilized. I'll phone security and have the elevators locked down and stairwells secured. We need to keep Israel sequestered in that penthouse.,0.16993464052287582,communication
2000,2006,smokin' aces,phone,communication,Spotter on the lake confirmed Israel. Penthouse level. There was apparently a fisticuffs with some prostitutes. He wasn't involved. He's also had his people phone a local madame for another group of girls.,0.7658536585365854,communication
2000,2006,smokin' aces,phone,communication,"Only the mention made in that phone call. There's no Swedish hitman of any renown, much less one with a million dollar day rate.",0.234375,communication
2000,2006,smokin' aces,machine,computational,"No, what did you say on the machine?",0.7777777777777778,computational
2000,2006,smokin' aces,machine,computational,I said I got his machine.,0.68,computational
2000,2006,smokin' aces,machine,computational,I got his machine.,0.5555555555555556,computational
2000,2006,smokin' aces,phone,communication,That's Mecklen. The deal's closing. I can pick that phone up and I can work this out.  You'll walk with me.,0.48598130841121495,communication
2000,2006,smokin' aces,signal,communication,"-- It's your IFB, somebody else has got an earpiece, you're picking up their signal --",0.8953488372093024,communication
2000,2002,solaris,radio,communication,"Kelvin, she'll disintegrate.  You don't believe me?  Let's radio that shuttle pod you launched -- better yet, let's go get it.  I've charted it's trajectory, only take a few hours...",0.3241758241758242,communication
1980,1987,someone to watch over me,phone,communication,"Pretty far.  I'm told not to say anything about it on the phone, in case it's tapped... they think it's best, safer, if I go away, at least till Venza's found.",0.36477987421383645,communication
1980,1987,someone to watch over me,phone,communication,There's a phone in the car.,0.37037037037037035,communication
1980,1987,someone to watch over me,tv,communication,I watched TV.,0.7692307692307693,communication
1980,1987,someone to watch over me,television,communication,I think television's a dangerous thing.,0.20512820512820512,communication
1980,1987,someone to watch over me,tv,communication,Changing the sparks.  They showed it on TV.  What d'you think?,0.6451612903225806,communication
1980,1987,someone to watch over me,tv,communication,"What am I gonna do?  I jog, I do the exercises on TV in the morning... gravity...",0.6172839506172839,communication
2000,2002,spider-man,phone,communication,"No.  No, I-- my aunt and uncle. Something's wrong  --  I need to make a phone call.",0.8674698795180723,communication
1950,1953,stalag 17,radio,communication,"Static is right! The radio's static, Patton's static, we're static!",0.31343283582089554,communication
1950,1953,stalag 17,radio,communication,What radio?,0.45454545454545453,communication
1950,1953,stalag 17,radio,communication,"One more thing, gentlemen. The Kommandant told me to pick up the radio.",0.9154929577464789,communication
1950,1953,stalag 17,radio,communication,What about the radio?,0.7142857142857143,communication
1950,1953,stalag 17,radio,communication,So was the radio private property. So was Manfredi and Johnson.,0.1746031746031746,communication
1950,1953,stalag 17,radio,communication,They know about that gadget. I'd worry more about the radio.,0.9,communication
1950,1953,stalag 17,radio,communication,We have no radio.,0.6470588235294118,communication
1950,1953,stalag 17,radio,communication,Give me the radio.,0.6666666666666666,communication
1950,1953,stalag 17,machine,computational,"Say, Schulz -- you guys had machine gun practice last night?",0.4666666666666667,computational
1990,1994,star trek: generations,data,computational,"He can't go to the ribbon, so he's trying to make the ribbon come to him.  Data, is it going to pass near any M-Class planets?",0.5952380952380952,computational
1990,1994,star trek: generations,data,computational,"Courage is an emotion too, Data.  Now, can you project the course of the ribbon?",0.3375,computational
1990,1994,star trek: generations,data,computational,"Data, are you all right?",0.0,computational
1990,1994,star trek: generations,computer,computational,It will take a few moments for the computer to compile the information.,0.49295774647887325,computational
1990,1994,star trek: generations,data,computational,Data?,0.0,computational
1990,1994,star trek: generations,data,computational,"Data, are you all right?",0.0,computational
1990,1994,star trek: generations,data,computational,"Data, this isn't the time.",0.0,computational
1990,1994,star trek: generations,data,computational,"The Farpoint mission? Data, that was seven years ago.",0.41509433962264153,computational
1990,1994,star trek: generations,data,computational,"Data, you're not thinking about using that thing are you?",0.0,computational
1990,1994,star trek: generations,data,computational,"We all are, Data. But we're going to get him back.",0.24,computational
1990,1994,star trek: generations,screen,computational,On screen.,0.3,computational
1990,1994,star trek: generations,signal,communication,Signal the closest starship. We're in no condition to mount a rescue. We don't even have a full crew aboard.,0.0,communication
1990,1994,star trek: generations,data,computational,"Mr. Data, scan the planet for lifeforms.",0.1,computational
1990,1994,star trek: generations,data,computational,"Right. And they'll be vulnerable for at least two seconds.  Data,lock onto that plasma coil.",0.6521739130434783,computational
1990,1994,star trek: generations,device,computational,I do not see how. The plasma coil is part of their cloaking device.,0.8955223880597015,computational
1990,1994,star trek: generations,data,computational,Have Geordi and Data go over with the next Away Team. Tell them to scan the observatory for trilithium.,0.1553398058252427,computational
1980,1984,star trek iii: the search for spock,machine,computational,"Incredible machine. Helmsman, one-quarter impulse power.",0.19642857142857142,computational
1980,1984,star trek iii: the search for spock,screen,computational,"Short range scan, Mr. Chekov... On screen, Mr. Sulu.",0.6730769230769231,computational
1980,1984,star trek iii: the search for spock,radio,communication,"What's Grissom up to?... Will they join us, or fire on us...?  Chekov, break radio  silence. Send my compliments to Captain Esteban.",0.5833333333333334,communication
1980,1984,star trek iii: the search for spock,screen,computational,On screen.,0.3,computational
1980,1984,star trek iii: the search for spock,data,computational,In code to STARFLEET... Captain's Spock's tube located intact on Genesis surface. Will relay more data on subsequent orbits.,0.7903225806451613,computational
1980,1984,star trek iii: the search for spock,computer,computational,Saavik to Grissom. Request computer study of soil samples for geological aging.,0.34177215189873417,computational
1980,1984,star trek iii: the search for spock,data,computational,As before... Metallic mass... Verifying triminium photon tube... No new data.,0.935064935064935,computational
1980,1984,star trek iii: the search for spock,device,computational,... A cloaking device?,0.6818181818181818,computational
1980,1984,star trek iii: the search for spock,signal,communication,"Commander, Klingon vessel. Stand by to board this ship on my next signal.",0.9041095890410958,communication
1980,1984,star trek iii: the search for spock,screen,computational,Put him on screen!  Study him well.,0.3142857142857143,computational
1980,1982,star trek: the wrath of khan,computer,computational,Computer. Request security procedure and access to Project Genesis Summary.,0.0,computational
1980,1982,star trek: the wrath of khan,computer,computational,"What DO you want? Damn it, why isn't there a girl here? You know this has nothing to do with age. This is about you flying a goddamn computer console when you wanna be out hopping Galaxies.",0.7037037037037037,computational
1980,1982,star trek: the wrath of khan,computer,computational,Stage One of our experiments was conducted in the labora- tory. Stage Two of the series will be attempted in a lifeless underground; Stage Three will involve the process on a plane- tary scale. What follows is a computer projected simulation of Stage Three. Please watch closely.,0.7598566308243727,computational
1980,1982,star trek: the wrath of khan,data,computational,Give me some time to recall the data on our computers --,0.5714285714285714,computational
1980,1982,star trek: the wrath of khan,signal,communication,I say again. This is Enterprise. Please acknowledge signal. Please --,0.7536231884057971,communication
1980,1982,star trek: the wrath of khan,screen,computational,On screen.,0.3,computational
1980,1982,star trek: the wrath of khan,signal,communication,"Wait for my signal, Spock -- too soon and he'll have time to figure it out and raise them again.",0.125,communication
1980,1982,star trek: the wrath of khan,data,computational,"At least we know he hasn't got it. Just keep nodding as though I'm giving orders. Saavik, punch up the data charts of Reliant's command console -- hurry...",0.6645161290322581,computational
1980,1982,star trek: the wrath of khan,screen,computational,On screen...,0.25,computational
1980,1986,star trek iv: the voyage home,computer,computational,You are half human. The Computer knows that.,0.5454545454545454,computational
1980,1986,star trek iv: the voyage home,computer,computational,He never jokes... Perhaps the professor could use your computer.,0.859375,computational
1980,1986,star trek iv: the voyage home,device,computational,"An experimental device, doctor.",0.5161290322580645,computational
1980,1986,star trek iv: the voyage home,computer,computational,"Dammit, Jim, they've made him into a goddam green-blooded computer!",0.8656716417910447,computational
1980,1986,star trek iv: the voyage home,device,computational,We could learn a thing or two from this flea trap. It has a cloaking device that cost us a lot.,0.7263157894736842,computational
1980,1986,star trek iv: the voyage home,device,computational,Cloaking device is stable... All systems normal.,0.1875,computational
1980,1986,star trek iv: the voyage home,device,computational,"Operational, Admiral. Cloaking Device now available in all modes of flight.",0.41333333333333333,computational
1980,1986,star trek iv: the voyage home,phone,communication,"Well, I... As they say in your century -- I don't even have your phone number. How will I find you?",0.6565656565656566,communication
1980,1986,star trek iv: the voyage home,radio,communication,All I need is the radio frequency to track them.,0.375,communication
1980,1986,star trek iv: the voyage home,radio,communication,"See, yes. But we'll tag them with radio transmitters on a special frequency so we can keep tabs on them.",0.3269230769230769,communication
1980,1986,star trek iv: the voyage home,data,computational,"No data, Admiral. Computers are non-functional.",0.06382978723404255,computational
1980,1986,star trek iv: the voyage home,device,computational,"We could rig a device to collect their high energy photons safely; we could then inject the photons into the dilithium chamber, causing crystalline restructure.... Theoretically.",0.08426966292134831,computational
1980,1986,star trek iv: the voyage home,device,computational,"Quite right, Spock. Mr. Chekov, engage cloaking device!",0.8727272727272727,computational
1980,1986,star trek iv: the voyage home,signal,communication,Home in on the strongest signal. Descend from orbit.,0.4807692307692308,communication
1980,1986,star trek iv: the voyage home,computer,computational,"Ready to engage computer, Admiral.",0.47058823529411764,computational
1980,1986,star trek iv: the voyage home,computer,computational,To the on-board computer room. To confirm my suspicion.,0.2909090909090909,computational
1980,1986,star trek iv: the voyage home,computer,computational,Guidance is functional. Onboard Computer will interface with Federation memory bank...,0.37209302325581395,computational
1980,1986,star trek iv: the voyage home,screen,computational,On screen.,0.3,computational
1980,1986,star trek iv: the voyage home,signal,communication,"Admiral, I have a signal closing on the whales. Bearing 328 degrees.",0.2647058823529412,communication
1980,1986,star trek iv: the voyage home,screen,computational,Put them on screen!,0.631578947368421,computational
1980,1986,star trek iv: the voyage home,screen,computational,On screen!,0.3,computational
1980,1986,star trek iv: the voyage home,computer,computational,Hello? Computer...?,0.3684210526315789,computational
1990,1998,star trek: insurrection,data,computational,"Data, if you were following the boy and discovered this ship...",0.0,computational
1990,1998,star trek: insurrection,data,computational,I understand how you feel. We just want to retrace Data's movements that day...,0.6455696202531646,computational
1990,1998,star trek: insurrection,data,computational,Data... haven't you ever just played... for fun?,0.0,computational
1990,1998,star trek: insurrection,machine,computational,I can't imagine what it would be like to be a machine.,0.8518518518518519,computational
1990,1998,star trek: insurrection,machine,computational,"Not everyone here agrees with him. I mean, you know, about machines. There was even a big fight about it once.  Do you like being a machine?",0.9428571428571428,computational
1990,1998,star trek: insurrection,data,computational,"If not for Data, you'd probably have been re-located by now.",0.18333333333333332,computational
1990,1998,star trek: insurrection,data,computational,Data doesn't breathe.,0.0,computational
1990,1998,star trek: insurrection,computer,computational,What you're seeing is a computer driven image created by photons and forcefields...,0.2891566265060241,computational
1990,1998,star trek: insurrection,machine,computational,"Until this week, that young man probably never saw a  machine, let alone one that walks and talks...",0.54,computational
1990,1998,star trek: insurrection,data,computational,It's nothing personal data. You have to remember these people have rejected technology. And you...,0.22448979591836735,computational
1990,1998,star trek: insurrection,data,computational,"I was in an isolation suit collecting physiometric data on Ba'ku children. My last memory is going into the hills, following a boy...",0.38345864661654133,computational
1990,1998,star trek: insurrection,data,computational,"What's the last thing you remember, Data...",0.8372093023255814,computational
1990,1998,star trek: insurrection,data,computational,"Hello, Data...",0.5,computational
1990,1998,star trek: insurrection,data,computational,"I know what Data means to Starfleet, Jean-Luc... but our crew is at the mercy of those people on the planet...",0.10909090909090909,computational
1990,1998,star trek: insurrection,data,computational,"You've done a terrific job, Jean- Luc. Now, pack your bags and get the hell out of there. How's Data?",0.9504950495049505,computational
1990,1998,star trek: insurrection,data,computational,I wish I had better news. Commander Data attacked us in the mission scout ship yesterday. Ru'afo and I have decided to send in an assault team...,0.2482758620689655,computational
1990,1998,star trek: insurrection,signal,communication,We haven't fully identified the anomalies yet. They're calling this whole area The Briar Patch... it took us a day to reach a location where we could get a signal out to you. Just get me Data's schematics. I'll keep you informed.  Dougherty out.,0.636734693877551,communication
1990,1998,star trek: insurrection,data,computational,We haven't fully identified the anomalies yet. They're calling this whole area The Briar Patch... it took us a day to reach a location where we could get a signal out to you. Just get me Data's schematics. I'll keep you informed.  Dougherty out.,0.636734693877551,communication
1990,1998,star trek: insurrection,data,computational,What if he doesn't realize something's happening...  Can you get me to a transmitter? I have to speak with Worf and Data on the surface... we'll need their help...,0.7116564417177914,computational
1990,1998,star trek: insurrection,data,computational,"By a Son'a weapon.  There's no doubt about it, sir. That's what made Data malfunction.",0.8023255813953488,computational
1990,1998,star trek: insurrection,data,computational,I took these out of Data's neural net... they contain memory engrams...,0.28169014084507044,computational
1990,1998,star trek: insurrection,screen,computational,On screen.,0.3,computational
1990,1998,star trek: insurrection,computer,computational,"There's a short letter I left you all, just some... sentimental nonsense... the computer will bring it to your attention at oh- four-hundred... I'd just as soon you delete it...",0.4519774011299435,computational
1990,1998,star trek: insurrection,data,computational,"They're composers, Worf, from the nineteenth century. Data was rehearsing a part in H.M.S. Pinafore before he left...  ""A British tar is a soaring soul, As free as a mountain bird, His energetic first should be ready to resist A dictatorial word...""",0.21686746987951808,computational
1990,1998,star trek: insurrection,signal,communication,Transmit a wide band co-variant signal. That'll get his attention.,0.48484848484848486,communication
1990,1998,star trek: insurrection,data,computational,"You have two days to become experts... Mister Worf, your job and mine will be to find a plan to safely capture Data.",0.9568965517241379,computational
1990,1998,star trek: insurrection,data,computational,Why was Data assigned?,0.36363636363636365,computational
1990,1996,star trek: first contact,data,computational,"Mister Data, set a pursuit course. Maximum warp.",0.14583333333333334,computational
1990,1996,star trek: first contact,data,computational,The problem must lie in the interface between Starfleet and Borg technology. Your console may not be configured to handle the data flow.,0.9264705882352942,computational
1990,1996,star trek: first contact,data,computational,"You're becoming more human all the time, Data. Now you're learning how to lie.",0.5256410256410257,computational
1990,1996,star trek: first contact,data,computational,"Do you know what this is, Data?",0.8387096774193549,computational
1990,1996,star trek: first contact,data,computational,"Mister Data, I want to know the exact date and time.  Give me a damage report on that missile silo.",0.0707070707070707,computational
1990,1996,star trek: first contact,data,computational,Data... are you sure you're all right?,0.0,computational
1990,1996,star trek: first contact,screen,computational,On screen.,0.3,computational
1990,1996,star trek: first contact,signal,communication,Signal the Endeavor to fall back. We'll cover them.,0.0,communication
1990,1996,star trek: first contact,computer,computational,Phasers are off-line... we have two quantum torpedoes left. But the computer targeting system has been destroyed.,0.6017699115044248,computational
1990,1996,star trek: first contact,data,computational,"Data, set a course for that vortex.",0.0,computational
1990,1996,star trek: first contact,data,computational,"Time travel... they're attempting time travel...  Full power, Mister Data. Worf, quantum torpedoes at my command!",0.6106194690265486,computational
1990,1996,star trek: first contact,screen,computational,On screen.,0.3,computational
1990,1996,star trek: first contact,computer,computational,Computer -- thermal enhancement.,0.0,computational
1990,1996,star trek: first contact,data,computational,We saw at least thirty...and there are twenty-two Enterprise crewmembers reported missing... including Commander Data.,0.9576271186440678,computational
1990,1996,star trek: first contact,data,computational,"Mister Worf... find Data if you can, but your top priority is isolating the Borg.",0.24691358024691357,computational
1990,1996,star trek: first contact,data,computational,Wil... Data was down there.,0.25925925925925924,computational
1990,1996,star trek: first contact,data,computational,"Any sign of Data, or the Borg themselves?",0.2926829268292683,computational
1990,1996,star trek: first contact,data,computational,"Data's positronic net contains classified information on the Enterprise. Command codes, security protocols...",0.0,computational
1990,1996,star trek: first contact,data,computational,Even Data?,0.5,computational
1990,1991,star trek vi: the undiscovered country,data,computational,"I checked the data banks, yes.",0.4666666666666667,computational
1990,1991,star trek vi: the undiscovered country,data,computational,Did you have occasion to refer to your ship's data banks during that night?,0.6133333333333333,computational
1990,1991,star trek vi: the undiscovered country,data,computational,"You must have cursed yourself, for having programmed our data banks, Lieutenant. Only they revealed something wrong aboard Enterprise.",0.4253731343283582,computational
1990,1991,star trek vi: the undiscovered country,data,computational,"You're forgetting something.  the data banks say WE fired. If we did, the killers are here; if we didn't, whoever altered the data banks is here. Either way, what we're searching for is here...",0.17616580310880828,computational
1990,1991,star trek vi: the undiscovered country,data,computational,"Mr. Valtane, any more data?",0.8148148148148148,computational
1990,1991,star trek vi: the undiscovered country,signal,communication,"Uhura, signal our surrender.",0.25,communication
1990,1991,star trek vi: the undiscovered country,data,computational,"According to the data bank, we HAVE - twice...",0.3695652173913043,computational
1990,1991,star trek vi: the undiscovered country,signal,communication,The Chancellor is undoubtedly awaiting our signal.,0.86,communication
1990,1991,star trek vi: the undiscovered country,radio,communication,"Curious. You haven't been assisting Commander Uhura with her radio transmissions, have you, Lt?",0.6421052631578947,communication
1990,1991,star trek vi: the undiscovered country,data,computational,"In the meantime we must endeavor to piece together what happened here tonight. According to our data banks, this ship fired those torpedoes.",0.6857142857142857,computational
1990,1991,star trek vi: the undiscovered country,signal,communication,Signal Starfleet that... we have no idea location of Enterprise.,0.0,communication
1990,1991,star trek vi: the undiscovered country,signal,communication,"Apparently they're refusing to acknowledge signal to return to spacedock, sir.",0.5512820512820513,communication
1990,1991,star trek vi: the undiscovered country,data,computational,"Sorry to wake you, sir, but Starfleet urgently requests any data we may have on the whereabouts of Enterprise.",0.5454545454545454,computational
1990,1991,star trek vi: the undiscovered country,data,computational,Then someone forged a data bank entry.,0.5789473684210527,computational
1990,1991,star trek vi: the undiscovered country,computer,computational,"A computer canna lie, sir.",0.07692307692307693,computational
1990,1991,star trek vi: the undiscovered country,computer,computational,Yet the data banks insist we fired: twice. One computer is lying.,0.7230769230769231,computational
1990,1991,star trek vi: the undiscovered country,data,computational,Yet the data banks insist we fired: twice. One computer is lying.,0.7230769230769231,computational
2000,2002,star trek: nemesis,data,computational,No. My name is Data... I am your brother.,0.36585365853658536,computational
2000,2002,star trek: nemesis,data,computational,"While I find that fascinating, Data, we really need that Goddamned door open!",0.4025974025974026,computational
2000,2002,star trek: nemesis,data,computational,"A bit less florid, Data.",0.7916666666666666,computational
2000,2002,star trek: nemesis,computer,computational,"Data to Captain Picard. Geordi and I have identified the source of the unauthorized computer access. And, I believe, we have also discovered an opportunity to gain a tactical advantage.",0.4540540540540541,computational
2000,2002,star trek: nemesis,data,computational,"Data to Captain Picard. Geordi and I have identified the source of the unauthorized computer access. And, I believe, we have also discovered an opportunity to gain a tactical advantage.",0.4540540540540541,computational
2000,2002,star trek: nemesis,data,computational,Data!,0.0,computational
2000,2002,star trek: nemesis,data,computational,"Mister Worf, accompany Data please.",0.6571428571428571,computational
2000,2002,star trek: nemesis,data,computational,"Thank you, Data.  Let's see what she can do.",0.25,computational
2000,2002,star trek: nemesis,data,computational,"New worlds. Yes Data, brave new worlds...",0.3902439024390244,computational
2000,2002,star trek: nemesis,data,computational,"You never know what's over the horizon, Data. Before too long you'll be offered a command of your own.",0.39215686274509803,computational
2000,2002,star trek: nemesis,data,computational,"Don't give up hope, Data. I know, I know, you're not capable of hope.",0.2898550724637681,computational
2000,2002,star trek: nemesis,data,computational,"Well, he seems to have the same internal mechanics as Data but not as much positronic develop- ment.  The neural pathways aren't nearly as sophisticated. Id say he's a prototype. Something Dr. Soong created before Data .",0.24434389140271492,computational
2000,2002,star trek: nemesis,data,computational,"As much as we care for him, Deanna... we have to remember that Data isn't capable of disappointment.",0.63,computational
2000,2002,star trek: nemesis,data,computational,"The B-9 is like a slow child, sir. And Data, in his own way, has assumed the position of a parent or guardian. I'm afraid he has expectations based on his own experiences. He'll be disappointed when the BI-9 cannot meet those expectations.",0.16317991631799164,computational
2000,2002,star trek: nemesis,data,computational,"It's about Data  I've watched him with the B-9 and I'm troubled. Data's desire for a ""family"" is very strong. I'm afraid he may be investing too much in the B-9.",0.06832298136645963,computational
2000,2002,star trek: nemesis,screen,computational,On screen.,0.3,computational
2000,2002,star trek: nemesis,data,computational,"Set up a security program to detect any unusual data stream rerouting. If it happens again, we want to be ready.",0.42857142857142855,computational
2000,2002,star trek: nemesis,data,computational,It's going to take some time to find out -- the data stream was rerouted through substations all over the ship.,0.43243243243243246,computational
2000,2002,star trek: nemesis,screen,computational,On screen.,0.3,computational
2000,2002,star trek: nemesis,computer,computational,"Sir, we've had an unauthorized access into the main computer.",0.8524590163934426,computational
2000,2002,star trek: nemesis,screen,computational,On screen.,0.3,computational
2000,2002,star trek: nemesis,data,computational,Acknowledged ...  ...I'll talk to Data.,0.8717948717948718,computational
2000,2002,star trek: nemesis,robot,computational,Maybe I'll train it to do little tricks for me like your robot does.  Or maybe Ill snap its ugly head off.,0.5327102803738317,computational
2000,2002,star trek: nemesis,computer,computational,"Then perhaps the time has come to add some illumination to our discussion. Computer, raise lighting four levels.",0.6696428571428571,computational
2000,2002,star trek: nemesis,signal,communication,"Praetor, we've received the transponder signal.",0.851063829787234,communication
2000,2002,star trek: nemesis,online,computational,"Defensive pattern Kirk Epsilon. Geordi, get those shields online.",0.8923076923076924,computational
1980,1984,starman,radio,communication,"I can't be late. I don't know if the radio balloons work above your planet. I don't know if my words went to the ship. If I'm not there, the captain will think I'm dead and go.",0.21022727272727273,communication
1980,1984,starman,radio,communication,Why don't you send one of your radio balloons and tell your captain that you might be late?,0.34065934065934067,communication
1980,1984,starman,machine,computational,The machine gave me two. Should I put one back?,0.0851063829787234,computational
1980,1984,starman,radio,communication,On the radio they say it's good.,0.21875,communication
1980,1984,starman,machine,computational,"This is crazy. What were we going to do if that had been the ship? We have two thirty calibre machine guns, three M16's and some handguns.",0.6811594202898551,computational
1990,1995,strange days,signal,communication,"Easy, Eduardo, easy.  Preserve a sense of humor at all times.  Okay, the receptor rig... what I'm putting on your head... sends a signal to the recorder.  See we call it ""being wired,"" but there's no wire.  You gotta keep the recorder close... five, six feet away max, like in your jacket pocket by the bed or wherever you're going to close escrow, know what I mean?",0.3551912568306011,communication
1990,1995,strange days,device,computational,Superconducting QUantum Interference Device.  SQUID.  Got it?  There's gonna be a test.,0.42528735632183906,computational
1990,1995,strange days,tv,communication,"That's right.  Clips.  Look, I want you to know what we're talking about here.  This isn't like TV only better.  This is life.  It's a piece of somebody's life.  Pure and uncut, straight from the cerebral cortex.  You're there. You're doing it, seeing it, hearing it... feeling it.",0.3416370106761566,communication
1990,1995,strange days,signal,communication,No.  But his frontal lobes are like two runny eggs.  They put an amplifier in-line to boost the signal till it french-fried his brain.,0.7164179104477612,communication
1990,1995,strange days,signal,communication,But at the same time he's sending the signal to her--,0.7169811320754716,communication
1990,1995,strange days,computer,computational,"They jerked my wheels, d'you believe it?  I mean it's outrageous, the computer errors the banks are making lately.  Have you noticed?",0.5263157894736842,computational
2000,2004,suspect zero,phone,communication,"I sent a female in. The room in question was rented by an Anglo, cash; since then, nothing -- no activity, no phone response.",0.88,communication
2000,2004,suspect zero,online,computational,"This could all be a coincidence, but, you know something, I don't believe in coincidences. That's why I came back.  Do you think the UNSUB -- we're not going to mention the word Zorro -- met Harold Speck online?",0.966824644549763,computational
2000,2004,suspect zero,online,computational,"We'll wait. Get online with Low, inform him of Zero's route -- we'll set a trap for him.",0.18181818181818182,computational
2000,2004,suspect zero,computer,computational,"I got a look in Testa's computer. His screen name was ""Imelda."" Have to give him that, had a sense of humor.",0.2222222222222222,computational
2000,2004,suspect zero,screen,computational,"I got a look in Testa's computer. His screen name was ""Imelda."" Have to give him that, had a sense of humor.",0.2222222222222222,computational
2000,2004,suspect zero,computer,computational,"If my Reporting Agent could be someone outside Computer Crimes, perhaps Agent Kulok?",0.5595238095238095,computational
2000,2004,suspect zero,computer,computational,"Agent Mackelway, you're going to get your wish. You're going back to Washington. I want you back in Computer Crimes. Fire up those chat rooms.",0.704225352112676,computational
2000,2004,suspect zero,computer,computational,Did they disconnect Testa's computer?,0.7567567567567568,computational
2000,2004,suspect zero,computer,computational,"You must really think I'm a square, a computer nerd.",0.7307692307692307,computational
2000,2004,suspect zero,tv,communication,He's a consultant to a network TV program on Profilers. He gets a check every episode.,0.36046511627906974,communication
2000,2004,suspect zero,network,computational,He's a consultant to a network TV program on Profilers. He gets a check every episode.,0.36046511627906974,communication
2000,2004,suspect zero,online,computational,"None. Can't find a thing. Nothing on file, nothing online. It's not a part of any known killer's signature.",0.4766355140186916,computational
2000,2004,suspect zero,screen,computational,"Setting up. Technically, anyone in a chat room can be traced back to a screen address. But, by using punters, a correspondent literally punts his address around the world, through computers in countries that have no communication treaties. The correspondent becomes ""ghosted,"" invisible.",0.24738675958188153,computational
2000,2004,suspect zero,computer,computational,I read your white paper. It's sort of like the Bible for what they're trying to do in Computer Crime.,0.8514851485148515,computational
2000,2004,suspect zero,online,computational,"After my hiatus, after I got my priorities readjusted, I drifted online, started tracking porn chat rooms, looking for Zero. Got accepted, came across these boys swapping stories, pictures, downloads. Never found Zero, but I did come across some Class A scumbags.",0.24714828897338403,computational
2000,2004,suspect zero,tv,communication,He's moved on to TV.,0.85,communication
2000,2004,suspect zero,phone,communication,This is Richard Low. Stay on the phone. Do not disconnect. I'm watching you. I will instruct you where to drive.,0.29464285714285715,communication
2000,2004,suspect zero,tv,communication,"[Hello, Agent Mackelway. How's the watch? Maybe you can do one of those TV commercials, I found my watch under a serial killer's heart and it was still ticking.]",0.4472049689440994,communication
2000,2004,suspect zero,computer,computational,"Eight, nine months ago. When I was at Computer Crime. I got into a chat room with someone named MyDick. I'd talked to him before. Everything I saw yesterday, everything in the autopsies, it's identical. The forensics are dead on. MyDick's fantasies involved a hog-tie rig, nylon cord, torture with pliers, rip the nipples -- when the ""item"" screams, she chokes. He had a thing about eyes, always the eyes -- stab their eyes. It's the same guy. Speck was MyDick.",0.0824295010845987,computational
2000,2004,suspect zero,screen,computational,MyDick. As in my dick. That was his screen name.,0.75,computational
2000,2004,suspect zero,screen,computational,"Jesus, just what I need, another blue flamer.  Johnny, get this boy some sun screen.",0.9166666666666666,computational
2000,2004,suspect zero,computer,computational,I wished to be reinstated at Computer Crimes. I was undiplomatic in my request.,0.3670886075949367,computational
2000,2004,suspect zero,computer,computational,"""Computer Investigation and Infrastructure Assessment Center."" Quantico out of MIT -- you're a techie?  Okay, you screwed up once. So did half the guys here. That's why they're here.",0.005494505494505495,computational
1990,1996,swingers,phone,communication,Enough. I've got to use the phone.,0.8235294117647058,communication
1990,1996,swingers,television,communication,"Michael, this is Grandma. I want to know if you got the part on that television program. I told the whole family and they're very excited to know if...  Skipping message. End of final message.",0.359375,communication
1990,1996,swingers,phone,communication,"Sure, I guess. The phone's in the back.",0.48717948717948717,communication
1990,1996,swingers,phone,communication,I couldn't. Do you know how hard it's been not to call you? I pick up the phone every night. Whenever that commercial comes on...,0.5736434108527132,communication
1990,1996,swingers,network,computational,Charles and me went to network on this pilot together.,0.42592592592592593,computational
1990,1996,swingers,machine,computational,"Hi, Nikki. This is Mike, again. I just called because it sounded like your machine might've cut me off before I gave you my number, and also to say sorry for calling so late, but you were still there when I left the Dresden, so I knew I'd get your machine. Anyway, my number is...",0.26785714285714285,computational
1990,1996,swingers,phone,communication,"Please, Tee. I have to use the phone. Sorry, man.",0.6326530612244898,communication
1990,1996,swingers,phone,communication,I gotta use the phone.,0.7272727272727273,communication
1990,1996,swingers,phone,communication,"No, man. I need to use the phone.",0.8181818181818182,communication
1990,1996,swingers,machine,computational,Shut up -- yes you are. Now listen to Tee. We'll stop at a cash machine on the way.,0.7710843373493976,computational
1990,1996,swingers,computer,computational,...against the computer.,0.625,computational
1970,1972,the godfather,telephone,communication,"Your girl friend.  She says she can't make it tonight.  You lousy bastard you have the nerve to give your whores my telephone number. I'll kill you, you bastard!",0.7204968944099379,communication
1970,1972,the godfather,phone,communication,"OK forget it, just stay on the phone.",0.8378378378378378,communication
1970,1972,the godfather,phone,communication,"On the three days Paulie was sick this month, he got calls from a payphone across from the old man's building.  We got people in the phone company.  Thank God it was Paulie...we'll need Clemenza bad.",0.6683417085427136,communication
1990,1999,the talented mr. ripley,machine,computational,Now you know why Miss Sherwood always shows up for breakfast. It's not love it's the coffee machine.,0.92,computational
1990,1999,the talented mr. ripley,telephone,communication,"Go back! Go back to New York or call him if you can find a telephone that works, and tell him wild horses wouldn't drag me back to him or his shipyard.",0.39072847682119205,communication
1990,1999,the talented mr. ripley,telephone,communication,"Well hurry, before we sink.  Should I give you my telephone number in Venice?",0.6493506493506493,communication
1990,1999,the talented mr. ripley,telephone,communication,"The telephone, the press, I've been, I'm feeling hounded -- do you think you could not give out my address?",0.037383177570093455,communication
1970,1976,taxi driver,radio,communication,"Well, no... not really... had some famous people in the cab.  I got this guy who makes lasers. Not regular lasers, not the big kind. Little lasers, pocket sized, small enough to clip your belt like a transistor radio, like a gun, you know. Like a ray gun. Zap.",0.8115384615384615,communication
1970,1976,taxi driver,radio,communication,Some fleet driver for Bell just got cut up. Just heard it on the radio.,0.9154929577464789,communication
1970,1976,taxi driver,telephone,communication,Have you tried the telephone?,0.6551724137931034,communication
1970,1976,taxi driver,phone,communication,"Hell, we ain't that much fussy anyway. There's always opening on one fleet or another.  Fill out these forms and give them to the girl at the desk, and leave your phone number. You gotta phone?",0.844559585492228,communication
1970,1976,taxi driver,radio,communication,Some fleet driver for Bell just got cut up. Just heard it on the radio.,0.9154929577464789,communication
1990,1996,the rock,phone,communication,"Where is he sir?  RIGHT IN FRONT OF ME.  What's he doing?  HE'S ON THE= PHONE.  I DON'T FUCKING KNOW, HIS STOCKBROKER! Oh shit.  Gotta go.",0.5217391304347826,communication
2000,2001,the majestic,television,communication,"Besides, Daddy's still trying to figure out how to get his new television set working.",0.7325581395348837,communication
2000,2001,the majestic,screen,computational,"Between a new screen, paint, plumbing for the concession stand, and about a hundred other repairs around the theater... it's going to cost at least nine hundred dollars to get the Bijou into shape to open up.",0.0673076923076923,computational
2000,2001,the majestic,television,communication,"Well, after the war, with so many of the town's boys killed, people around here didn't much feel like going to the movies, I guess.  Some of 'em moved away -- Los Angeles, Sacramento, San Francisco.  Wasn't much to keep 'em here, I expect. And now with this ""television"" thing -- people just aren't going out as much as they used to.",0.7777777777777778,communication
2000,2001,the majestic,phone,communication,"Luke!  Luke, something's wrong! The film broke, and I can't raise Harry on the house phone!",0.9340659340659341,communication
1960,1963,the birds,phone,communication,How much for the phone calls?,0.5862068965517241,communication
1960,1963,the birds,phone,communication,I tried a little while ago. The phone's dead.,0.7111111111111111,communication
1960,1963,the birds,phone,communication,That was Al on the phone. He wants me to meet him out at the Fawcett place. Says some detectives from Santa Rosa'll be there in a little while.  Will you be all right here?,0.11046511627906977,communication
1960,1963,the birds,television,communication,He was watching a ball game on television.,0.7380952380952381,communication
1960,1963,the birds,phone,communication,"No, you'd better send him. May I use your phone?",0.875,communication
2000,2008,the day the earth stood still,television,communication,The first two years of television we were convinced that all you did was wrestle.,0.2839506172839506,communication
2000,2008,the day the earth stood still,radio,communication,"We've been monitoring your radio broadcasts for a good many years. That's how we learned your languages. Lately, we've been getting your television also.",0.17647058823529413,communication
2000,2008,the day the earth stood still,television,communication,"We've been monitoring your radio broadcasts for a good many years. That's how we learned your languages. Lately, we've been getting your television also.",0.17647058823529413,communication
2000,2008,the day the earth stood still,radio,communication,"We're all set. I picked up some sandwiches and put gas in the car. And the radio's still busted, so me can forget about the space man for today.",0.5208333333333334,communication
2000,2008,the day the earth stood still,robot,computational,"Gort?  But he's a robot. I mean -- without you, what could he do?",0.27692307692307694,computational
1980,1987,the lost boys,tv,communication,"Vampires, Mom!  Everywhere! You've got to tell the police! The newspapers!  The TV stations! They'll listen to you.  They'll believe you...  you're a <u>mom</u>!",0.4968944099378882,communication
1980,1987,the lost boys,phone,communication,We can't talk about it on the phone.,0.8333333333333334,communication
1980,1987,the lost boys,phone,communication,No.  On the phone.,0.6666666666666666,communication
1980,1982,the thing,radio,communication,Maybe we should try and fix the radio... try and get some help.,0.5079365079365079,communication
2000,2002,the time machine,machine,computational,It's only a machine.,0.6,computational
2000,2002,the time machine,machine,computational,I'll take you to your machine tomorrow.,0.5641025641025641,computational
2000,2002,the time machine,machine,computational,"For a time it was astounding.  I saw the years spinning by, I was in the years spinning by.  We made such advances.  I don't understand half of them.  There was a machine that talked to me and others that flew through the sky... We must have been incredible thinkers and artists --",0.5800711743772242,computational
2000,2002,the time machine,machine,computational,"Yes.  Or forward into the future. I suppose I really should check on the machine, see that it hasn't been damaged...",0.6293103448275862,computational
2000,2002,the time machine,machine,computational,That machine --,0.3333333333333333,computational
2000,2002,the time machine,machine,computational,We don't have anything like this. Or the machine where Kalen found you.  And I doubt they do beyond the valley... Now where do you come from?,0.2907801418439716,computational
2000,2005,the jacket,tv,communication,"TV. Helps numb [makes a ""crazy gesture""] any active mind. [Sticking out a jittery hand] Rudy MacKenzie.",0.0,communication
1990,1991,thelma & louise,phone,communication,Is that how you answer the phone?,0.8181818181818182,communication
1990,1991,thelma & louise,radio,communication,Shoot the radio!,0.625,communication
1990,1991,thelma & louise,radio,communication,"I swear, before yesterday, neither one of us would have ever pulled a stunt like this.  But if you ever met my husband, you'd know why I just can... You wanna step out of the car, please?  You wanna put your hands on your head, please?  Louise, shoot the radio.",0.9770114942528736,communication
1990,1991,thelma & louise,phone,communication,Fill her up.  There's a phone right over there.,0.5106382978723404,communication
1990,1991,thelma & louise,phone,communication,"Jeez, Louise, tapped the phone?  You think so?",0.5434782608695652,communication
1990,1991,thelma & louise,phone,communication,"To find out if he knows anything. If you think he does, you gotta hang up because it means the police have told him and the phone is probably tapped.",0.8322147651006712,communication
1990,1991,thelma & louise,radio,communication,"You probably even called us beavers on your CB radio, didn't you?",0.7230769230769231,communication
1990,1998,there's something about mary,machine,computational,Just relax. Have you hit the cash machine?,0.8095238095238095,computational
1990,1998,there's something about mary,phone,communication,All you want is a phone number?,0.5806451612903226,communication
1990,1998,there's something about mary,phone,communication,Neighborhood Watch? Is that what you call listening in on stranger's phone conversations?,0.7752808988764045,communication
2000,2000,thirteen days,signal,communication,"General, the Joint Chiefs have just signaled our intent to escalate to the Soviets. You have signaled an escalation which I had no wish to signal, and which I did not approve.",0.7942857142857143,communication
2000,2000,thirteen days,phone,communication,"Kenny! What happened? They didn't let me up front, said the President was on the phone the whole time.",0.7941176470588235,communication
2000,2000,thirteen days,signal,communication,Have to hope it's a signal that he'll back down on the real issue too.,0.2857142857142857,communication
1990,1992,thunderheart,radio,communication,Never turn your radio off! I thought I was gonna find you scalped! Damn it!,0.21333333333333335,communication
1990,1992,thunderheart,computer,computational,"Airborne. That's where they used to get us agents from. Now we get 'em from Carnegie-Melon, Ivy League. Accountants and computer whiz-kids. Yuppies with guns.  That's scary shit.",0.6741573033707865,computational
1980,1986,top gun,computer,computational,Big talk for someone who's never been shot off her computer.,0.85,computational
1980,1986,top gun,tv,communication,"You know what really scares me? Living too long. Losing my hair and my teeth...and my guts and my wind. And my brains...Sitting in a room with my hands in my lap, watching daytime TV.",0.9836065573770492,communication
1990,1990,total recall,screen,computational,Cheap domes.  And no air to screen out the rays.,0.5833333333333334,computational
1990,1990,total recall,signal,communication,Never mind.  Wet a towel and wrap it around your head.  That'll muffle the signal.,0.9146341463414634,communication
1990,1990,total recall,signal,communication,I've got a weak signal over there.,0.47058823529411764,communication
1990,1990,tremors,phone,communication,Phone's out.  Road's out.  We're on our own.,0.0,communication
1990,1990,tremors,radio,communication,"Burt!  This is Val!  Get out of your basement!!  Take your radio! You and Heather get up on your roof!  Then we'll talk, okay?!",0.4645669291338583,communication
1990,1990,tremors,phone,communication,"Road's in!  Now, soon as we hit Bixby we start making phone calls. We could make some real money off this whole thing, get in <u>People</u> magazine...",0.3576158940397351,communication
1990,1990,tremors,phone,communication,"I don't believe this.  The phone is out!  Pham, your phone is out!",0.4090909090909091,communication
1980,1989,true believer,phone,communication,"I had a minute before the Mapp hearing -- but I couldn't get you on the phone, Eddie...",0.8275862068965517,communication
1980,1989,true believer,phone,communication,"Did the police make any attempt to phone you, to follow up?",0.5932203389830508,communication
1980,1989,true believer,telephone,communication,...You told the Desk Sergeant you were certain Mr. Kim wasn't the killer?  You left your telephone number?,0.839622641509434,communication
1980,1989,true believer,phone,communication,The phone company was broken up.,0.125,communication
1980,1989,true believer,phone,communication,"Telephone.  I suppose you don't know the phone company killed Kennedy because he was trying to b-break it up -- and they'll never let that happen. They control everything: what you say in the mouthpiece is never exactly what comes out the other end, and --",0.16015625,communication
1980,1989,true believer,telephone,communication,"Telephone.  I suppose you don't know the phone company killed Kennedy because he was trying to b-break it up -- and they'll never let that happen. They control everything: what you say in the mouthpiece is never exactly what comes out the other end, and --",0.16015625,communication
1990,1992,twin peaks: fire walk with me,phone,communication,"We got a phone, here, that's got a little ring.",0.19148936170212766,communication
1990,1992,twin peaks: fire walk with me,telephone,communication,GOD. I'm beginning to lose faith in the United States Government and that includes the telephone system. Don't you folks talk to one another. That's her trailer there and I haven't touched a god damn thing. Agent Chet Desmond come by a second time and asked too see Deputy Cliff Howard's trailer  ...which I showed him. I went back to my trailer...  After that I never saw him again.,0.22715404699738903,communication
1990,1992,twin peaks: fire walk with me,machine,computational,No one could've found those splinters without a machine like this and no one has a machine like this.,0.4752475247524752,computational
1990,1992,twin peaks: fire walk with me,machine,computational,No one could find those splinters without a machine like this. And no one had a machine like this.,0.4489795918367347,computational
1980,1982,the verdict,machine,computational,"That that poor girl put her trust in the hands of two men who took her life, she's in a coma, her life is gone. She has no family, she has no home, she's tied to a machine, she has no friends -- and the people who should care for her: her Doctors, and you, and me, have been bought off to look the other way. We have been paid to look the other way. I came in here to take your money.  I brought snapshots to show you. So I could get your money.  I can't take it. If I take it. If I take that money I'm lost. I'm just going to be a rich ambulance chaser.  I can't do it. I can't take it.",0.27938671209540034,computational
1980,1982,the verdict,phone,communication,...yes. Get her on the phone...,0.7419354838709677,communication
1980,1982,the verdict,tv,communication,The TV didn't work.,0.21052631578947367,communication
1980,1982,the verdict,phone,communication,"He's the Assistant Chief of Anesthesiology, Massachusetts Commonwealth. He says your doctors, Towler and Marx, put my girl in the hospital for life. And we can prove that. What we don't know is why. What went on in there? In the O.R. That's what we'd like to know. Something went wrong. And you know what it was. They gave her the wrong anesthetic. What happened? The phone rang... someone got distracted... what?",0.8910411622276029,communication
1980,1982,the verdict,phone,communication,"He's... you can't reach him, Sir. He's in the, on some island in the Caribbean, they don't have a phone.  He'll be back in a week...  If you'd like Dr. Halpern's number...",0.5730994152046783,communication
1980,1982,the verdict,tv,communication,So what...? The best is yet to come. Check the TV Guide. They got our Dr. Towler on a panel on GBH on Friday: 'The Healing Hand. The Experts Speak.',0.31756756756756754,communication
1950,1953,the war of the worlds,machine,computational,Is that... machine...?,0.5,computational
1950,1953,the war of the worlds,machine,computational,I think that - gizmo - is a machine from another planet.,0.5,computational
1950,1953,the war of the worlds,data,computational,"From the data - and from that picture the Air Force took earlier tonight ...  ... what we've got in the gully out there is a guide ship.  One lands ... Others follow later.  They appear to clear an area, then drop in groups of threes, joined magnetically.  Is that possible?",0.032846715328467155,computational
1950,1953,the war of the worlds,radio,communication,Not all.  Radio is out.  But our field phones are okay so far.,0.16129032258064516,communication
1990,1994,new nightmare,phone,communication,"You've got to get back on the horse some time.  Look, you've had a nutcase making harassing phone calls.  I know how scary that feels.",0.6865671641791045,communication
1990,1994,new nightmare,computer,computational,The way to stop him is to make another movie.  And I swear to you I'll stay at my computer and keep writing until I finish the script.  But when that time comes...  You're gonna have to make a choice.,0.41,computational
1990,1994,new nightmare,television,communication,"I don't know if it has, really.  With the exception of One and Three, I've pretty much kept out of it.  I'm working in television now.  The hours let me spend more time with my husband and little boy.",0.595,communication
1990,1990,wild at heart,phone,communication,"Meetin' him at the gate. That phone call this afternoon was the signal. My deranged mama's hid the keys to my car. But of course, I know exactly where they are.",0.1875,communication
1990,1990,wild at heart,signal,communication,"Meetin' him at the gate. That phone call this afternoon was the signal. My deranged mama's hid the keys to my car. But of course, I know exactly where they are.",0.1875,communication
1990,1990,wild at heart,phone,communication,I won't tell you over the phone. I'm comin' to N.O. and I'll tell you then.,0.3466666666666667,communication
1990,1990,wild at heart,phone,communication,"I'm stayin' right here by the phone until you find Lula, then I'm comin' to get her. You call soon's you got somethin', even if it's three in the a.m.",0.2,communication
1990,1990,wild at heart,radio,communication,No radio or TV...,0.17647058823529413,communication
1990,1990,wild at heart,tv,communication,No radio or TV...,0.17647058823529413,communication
1990,1990,wild at heart,radio,communication,"I can't take no more of this radio...  I ain't never heard so much concentrated weirdness in my life, Sailor Ripley, you find me some dancin' music right this minute... I MEAN IT!!",0.16111111111111112,communication
1990,1990,wild at heart,phone,communication,Pardon me? Y'all got a phone here I can use?,0.5227272727272727,communication
1990,1990,wild at heart,radio,communication,"How they used to do it. Course they got more sophisticated ways now. Radio said the Chinese, I think it is, figured a better idea is by insertin' a balloon in the forehead and lettin' it hang down on the nose.",0.33014354066985646,communication
1990,1990,wild at heart,radio,communication,"Yeah, well listen to this... Radio said back in the 1920s a I-talian doctor figured out that if, say, a fella got his nose cut off or bit off in, say, a barfight or somethin', they'd sew one of his forearms to his nose for a few weeks... Then put leeches on it.",0.1111111111111111,communication
1990,1990,wild at heart,radio,communication,"Heard on the radio how doctors is usin' leeches again, just in old times. You know, when even barbers used 'em?",0.11711711711711711,communication
1990,1990,wild at heart,radio,communication,Lula... I learned somethin' interestin' today on a science show I heard on the radio... How leeches is comin' back into style.,0.626984126984127,communication
1990,1990,wild at heart,tv,communication,"We didn't have no TV up at Pee Dee, baby, you know?",0.35294117647058826,communication
1990,1990,wild at heart,phone,communication,Call me again soon? I'll be waitin' by the phone.,0.8775510204081632,communication
1990,1990,wild at heart,phone,communication,"Mama, I'm hangin' up this phone now.",0.7222222222222222,communication
2000,2000,wonder boys,radio,communication,I thought maybe you'd won a radio contest or something. Is that single- spaced?,0.35443037974683544,communication
2000,2000,wonder boys,phone,communication,The guy on the phone.,0.7142857142857143,communication
2000,2000,wonder boys,tv,communication,"Pier Angeli, 1971 or '72, also pills. Charles Boyer, 1978, pills again. Charles Butterworth, 1946, I think. In a car. Supposedly it was an accident, but, you know...  He was distraught. Dorothy Dandridge, she took pills in, like, 1965. Albert Dekker, 1968, he hung himself. He wrote his suicide note in lipstick on his stomach. Alan Ladd, '64, more pills, Carole Landis, pills again, I forget when. George Reeves, Superman on TV, shot himself. Jean Seberg, pills of course, 1979. Everett Sioane -- he was good -- pills. Margaret Sullavan, pills, Lupe Velez, a lot of pills. Gig Young. He shot himself and his wife in 1978. There are more but I don't know if you would have heard of them. Ross Alexander? Clara Blandick? Maggie McNamara? Gia Scaia?",0.570281124497992,communication
2000,2004,the woodsman,tv,communication,"This one guy on death row, who I'll call Henry, told me about his last victim. Henry says how he's in the bedroom of a seven-year-old cutie named Adele. Her mother's in the living room watching TV. She's got the volume on so damn high he can hear David Letterman's jokes. Henry puts his hand over Adele's mouth and says, ""If you scream, little girl, I'll kill your mother."" And of course little Adele doesn't scream, doesn't cry, doesn't make a sound. Then he takes her hand and out they go through the front door.  Ten days later they find Adele's body. Or what's left of it.  You believe in fairy tales?",0.32066115702479336,communication
1980,1989,the abyss,machine,computational,"It was a machine, but it seems almost alive. Like a... dance of light.  Bud, you have to trust me... please.  I don't think they mean us harm.  I don't know how I know that, it's just a feeling.",0.04639175257731959,computational
1980,1989,the abyss,robot,computational,"I gotta tell you, that guy scares me a lot more than whatever's down there.  A.J. Squared Away goddamn jarhead robot.  Okay, gimme a couple hours on this.",0.7207792207792207,computational
1960,1960,l'avventura,phone,communication,"We, too, you know. It was disastrous. First at Panarea, where there weren't any boats... then at Lipari, where everybody was asleep... And the phone call to Rome...",0.8719512195121951,communication
1960,1960,l'avventura,radio,communication,"Music, of course. To get a sweetheart, one has to look around, but to get a radio, all you have to do is buy one.",0.672566371681416,communication
1960,1960,l'avventura,radio,communication,Certainly a radio this small is very practical. It's especially useful for... I don't know... for traveling.,0.1111111111111111,communication
1960,1960,l'avventura,radio,communication,Because this is a Chinese radio.,0.8125,communication
1960,1960,l'avventura,radio,communication,"We have a radio like this, too.",0.3225806451612903,communication
1960,1960,l'avventura,phone,communication,"As a matter of fact, I've already had several phone calls on that article. One said they had seen the missing girl in an automobile somewhere in Rome. Another one said they saw her on the pier talking with some strange sailors... Could be she secretly left the island by boat...",0.16546762589928057,communication
1980,1985,agnes of god,television,communication,"In her case it isn't. She's had very little schooling. Her mother kept her home almost all the time and when her mother died Agnes came here, to us. She's never been out there Doctor. She's never seen a movie or a television show. She's never even read a book.",0.823076923076923,communication
1980,1985,agnes of god,machine,computational,She could have hidden a machine gun in here if she had wanted to.,0.36923076923076925,computational
1960,1964,a hard day's night,screen,computational,"That's right retreat behind a smoke screen of bourgeois cliches. I don't go round messing about with your ear-phones, do I?",0.2926829268292683,computational
1960,1964,a hard day's night,phone,communication,"The office was on the phone, they think it'd be better if we pushed straight to Wolverhampton.",0.23404255319148937,communication
1970,1979,alien,radio,communication,"Hell, no!  We don't know what's down there on that piece of rock!  It might be dangerous!  What we should do is get on the radio to the exploration authorities... and let them deal with it.",0.6507936507936508,communication
1970,1979,alien,screen,computational,"I was scanning the horizon to see what I could pick up.  Look there, on that screen.",0.9166666666666666,computational
1970,1979,alien,computer,computational,"Just <u>hold it</u>, <u>hold it</u>!  Computer: have you attempted to analyze the transmission?",0.4,computational
1970,1979,alien,computer,computational,"Computer, what language was that?",0.0,computational
1970,1979,alien,computer,computational,"Computer, this is Captain Standard. What conditions are you talking about?",0.0,computational
1970,1979,alien,computer,computational,Computer!  I've turned all the cooling units back on!  What's wrong?,0.0,computational
1970,1979,alien,machine,computational,"Machine's screwed up, I can't tell. Needle's spinning all over the dial.",0.0,computational
1970,1979,alien,signal,communication,"The computer's translated the alien signal, and it's kind of alarming.",0.5142857142857142,communication
1970,1979,alien,computer,computational,"The computer's translated the alien signal, and it's kind of alarming.",0.5142857142857142,communication
1970,1979,alien,machine,computational,The machine will bring his temperature down.  His vital functions are strong.,0.05194805194805195,computational
1970,1979,alien,computer,computational,The computer just translated the goddamn message.  It's not an S.O.S. It was a warning.,0.04597701149425287,computational
1970,1979,alien,signal,communication,I've completely lost their signal.,0.7941176470588235,communication
1970,1979,alien,radio,communication,"We can't even radio for help; the carrier wave wouldn't reach its destination till long after we'd died and turned to dust.  We are utterly, absolutely alone.  Can anybody really visualize such a scale of distances?  Halfway across Creation...",0.05761316872427984,communication
1970,1979,alien,machine,computational,Let's let the machine work on him.,0.4117647058823529,computational
1970,1979,alien,radio,communication,But what can we do?  He's out of radio contact.,0.7021276595744681,communication
1970,1979,alien,signal,communication,My signal's fading.,0.15789473684210525,communication
1970,1979,alien,screen,computational,Dell -- show me that on a screen.,0.7878787878787878,computational
1970,1979,alien,computer,computational,"Computer, what's the frequency of the transmission?",0.0,computational
1970,1979,alien,network,computational,"Doesn't matter -- we're already at light speed.  And when we get back to the Colonies, they'll pick us up in the network.",0.9338842975206612,computational
1970,1979,alien,radio,communication,"He went into the pyramid alone.  We lost radio contact with him.  When we pulled him out, it was on his face. It won't come off, not without injuring him.",0.2662337662337662,communication
1970,1979,alien,computer,computational,"Computer, you have signalled a priority three message.  What is the message?",0.0,computational
1970,1979,alien,computer,computational,"Chaz, I've got something here on my security alert.  A high priority from the computer...",0.8764044943820225,computational
1990,1993,alien vs. predator,signal,communication,I can't reach her.  Too much signal break-up.,0.6444444444444445,communication
1990,1993,alien vs. predator,network,computational,Yesterday.  We got the Network feed from Gateway; it was the top story on 'Sixty Seconds'.  Biggest market crash since twenty-four.,0.17557251908396945,computational
1990,1993,alien vs. predator,data,computational,We've dumped the whole data-base from one of the cleaning remotes into the helmet. It'll project the route through the sewer system onto the inside of the glass as you go.,0.13450292397660818,computational
1990,1993,alien vs. predator,signal,communication,I'm picking up another signal.,0.7666666666666667,communication
1990,1993,alien vs. predator,network,computational,"Don't worry about it.  If the Network goes by the book, like everyone figures they will, a Marine gunboat from Powell'll drop-by for a look- see in four-or-five days.  They can go poke around out there and find whatever it was hit us.  All we've gotta do is sit tight.",0.11194029850746269,computational
1950,1950,all about eve,television,communication,"That's all television is, my dear. Nothing but auditions.",0.19298245614035087,communication
1950,1950,all about eve,television,communication,Tell me this. Do they have auditions for television?,0.7884615384615384,communication
1950,1950,all about eve,television,communication,"You next move, it seems to me, should be toward television.",0.8135593220338984,communication
1950,1950,all about eve,phone,communication,"Bill, you know how much I do - but over the phone, now really, that's kid stuff...",0.5365853658536586,communication
1950,1950,all about eve,radio,communication,"Farmers were poor in those days, that's what dad was - a farmer. I had to help out. So I quit school and I went to Milwaukee. I became a secretary. In a brewery.  When you're a secretary in a brewery - it's pretty hard to make believe you're anything else. Everything is beer. It wasn't much fun, but it helped at home -  and there was a Little Theater Group... like a drop of rain in the desert. That's where I met Eddie. He was a radio technician. We played 'Liliom' for three performances, I was awful - then the war came, and we got married. Eddie was in the air force - and they sent him to the South Pacific. You were with the O.W.I., weren't you Mr. Richards?  That's what 'Who's Who' says... well, with Eddie gone, my life went back to beer. Except for a letter a week. One week Eddie wrote he had a leave coming up. I'd saved my money and vacation time. I went to San Francisco to meet him.  Eddie wasn't there. They forwarded the telegram from Milwaukee - the one that came from Washington to say that Eddie wasn't coming at all. That Eddie was dead...  ... so I figured I'd stay in San Francisco. i was alone, but couldn't go back without Eddie. I found a job. And his insurance helped... and there were theaters in San Francisco. And one night Margo Channing came to play in 'Remembrance'... and I went to see it. And - well - here I am...",0.31976313841598814,communication
1970,1976,all the president's men,phone,communication,"--for the first time I'm beginning to feel like a fucking reporter-- Woodward, I got a tip. A guy called me up with a tip--  --someone named Donald Segretti contacted a bunch of lawyers and asked them if they'd like to go to work with him screwing up the Democrats, dirty tricks, shit like that. The FBI knows about Segretti-- Howard Hunt made a bunch of phone calls to him--they interrogated him, but on account of Segretti wasn't involved with the break-in, they didn't follow through. But Segretti did a lot of traveling--he called these lawyers from different places, and he told them the Republicans knew what he was doing.",0.5652866242038217,communication
1970,1976,all the president's men,phone,communication,"Alphabetically, on the CREEP phone list, Miss Helen Abbott of South George Street.",0.35365853658536583,communication
1970,1976,all the president's men,phone,communication,"Christ, and I even know somebody at the phone company--",0.7272727272727273,communication
1970,1976,all the president's men,phone,communication,---fifteen or more phone calls from the burglars in Miami to Gordon Liddy at CREEP--,0.2261904761904762,communication
1970,1976,all the president's men,phone,communication,--fifteen phone calls--,0.43478260869565216,communication
1970,1976,all the president's men,telephone,communication,The telephone calls... we know about that.,0.09523809523809523,communication
1970,1976,all the president's men,phone,communication,You want Barker's phone stuff or his money stuff?,0.3673469387755102,communication
1970,1976,all the president's men,radio,communication,Could you reach Mr. Dardis by car radio?,0.85,communication
1970,1976,all the president's men,machine,computational,"You don't believe me? Well, I was working the weekend of the break-in and my God, all the executives were running around like crazy--you had to practically wait in line to use the shredding machine--and when the FBI came to investigate, they never even asked me about it.",0.7011070110701108,computational
1970,1976,all the president's men,phone,communication,"It was accurate, but I can't get a fuller listing for you--all Barker's phone records have been subpoenaed.",0.6728971962616822,communication
1970,1976,all the president's men,phone,communication,"My big civil rights buddy--  --boy, if John Mitchell was after your phone records, would you be screaming.  What're you onto?",0.544,communication
1970,1976,all the president's men,phone,communication,'Cause I'm not calling out from the phone company anymore--  --I think the place is bugged.,0.3956043956043956,communication
1970,1976,all the president's men,phone,communication,"Well, they never would have been assigned if anyone had known the burglars had arranged for their own counsel. And that could only mean the burglars didn't arrange for their own counsel--they never even made a phone call.  So if they didn't ask for you to be here, how did you know to come?",0.7241379310344828,communication
1970,1976,all the president's men,signal,communication,I saw the flag signal--what's up?,0.45454545454545453,communication
1970,1976,all the president's men,phone,communication,I was just kind of wondering why your name and phone number were in the address books of two of the men arrested at Watergate?,0.373015873015873,communication
1970,1976,all the president's men,tv,communication,"Maybe to fire you--since you two started on this story, the Post stock has dropped, what, 50 percent?  And the word is some Nixon people are challenging her TV licenses. I'm not saying she's going on relief, but I don't think it's unreasonable for her to want to meet you.",0.5772058823529411,communication
1990,1999,american pie,tv,communication,"Yeah -- hey, did you see The Little Mermaid on TV the other night?  That Ariel, whew.",0.5529411764705883,communication
1990,1997,an american werewolf in paris,phone,communication,"Fixing your makeup with a phone, huh? Who the fuck are you calling?",0.3880597014925373,communication
1970,1977,annie hall,television,communication,This guy's on television.,0.56,communication
1970,1977,annie hall,television,communication,"This guy's on television! Alvy Singer, right? Am I right?",0.24561403508771928,communication
1970,1977,annie hall,television,communication,"Hey, you on television?",0.5217391304347826,communication
1970,1977,annie hall,television,communication,Who's on television?,0.45,communication
1970,1977,annie hall,tv,communication,"I'm nauseous.  Oh, jesus, now I don't get to do the TV show?",0.8666666666666667,communication
1970,1977,annie hall,tv,communication,"Oh, oh, no, I can't-I can't eat this. I'm nauseous.  If you could-if you could just give me something to get me through the next two hours, you know I-I have to go out to Burbank... and give out an award on a TV show.",0.9631336405529954,communication
1970,1977,annie hall,television,communication,It's that they don't throw their garbage away. They make it into television shows.,0.7926829268292683,communication
1970,1977,annie hall,television,communication,"No, no, no that's not it at all. Alvy's giving an award on television. Gee, he talks like he's violating a moral issue sitting here.",0.44696969696969696,communication
1970,1977,annie hall,tv,communication,"...I'm thrilled. As you know, uh... uh, on my agent's advice I sold out, and I'm gonna do an appearance on TV.",0.9727272727272728,communication
1970,1977,annie hall,television,communication,I'm sorry. I had the television set had the television-,0.38181818181818183,communication
1970,1977,annie hall,radio,communication,"Oh, I had the radio on.",0.6086956521739131,communication
1970,1977,annie hall,television,communication,'Cause I wanna watch the Knicks on television.,0.7608695652173914,communication
1970,1977,annie hall,tv,communication,"Wait a minute! Really? Really? I happen to teach a class at Columbia called ""TV Media and Culture""! So I think that my insights into Mr. McLuhan- well, have a great deal of validity.",0.4230769230769231,communication
1970,1977,annie hall,television,communication,"It's the influence of television. Yeah, now Marshall McLuhan deals with it in terms of it being a-a high, uh, high intensity, you understand?  A hot medium... as opposed to a...",0.12429378531073447,communication
1970,1977,annie hall,machine,computational,"Yeah, well, that's why this machine is dynamite.",0.5833333333333334,computational
1970,1977,annie hall,tv,communication,"While you're out here, Max, I want you to see some of my TV show. And we're invited to a big Christmas party.",0.5229357798165137,communication
2000,2001,the anniversary party,phone,communication,And your phone calls are nasty and abusive.  And I've come this close to suing you for harassment.  And you're only here because we're supposed to be sucking up to you.,0.05357142857142857,communication
2000,2001,the anniversary party,phone,communication,"All the ugly phone calls?  We're not the only people with a tape recorder, Ryan.  They've gone to the canyon, we should go towards the PCH.",0.09352517985611511,communication
2000,2001,the anniversary party,machine,computational,It's a machine gun.  I thought I'd kill myself.,0.14893617021276595,computational
1960,1960,the apartment,television,communication,You want me to move the television set in here?  You play gin rummy?,0.35294117647058826,communication
1960,1960,the apartment,phone,communication,I didn't mean it that way -- I was just talking to him on the phone -- he's very concerned about you.,0.6138613861386139,communication
1960,1960,the apartment,phone,communication,Your phone.,0.45454545454545453,communication
1960,1960,the apartment,phone,communication,I didn't want to tell you over the phone but that certain party -- you know who I mean -- I found her here last night -- she had taken an overdose of sleeping pills.,0.21212121212121213,communication
1960,1960,the apartment,phone,communication,Here -- find yourself a phone booth and call your husband in Havana.,0.35294117647058826,communication
1960,1960,the apartment,phone,communication,Sorry it took me so long on the phone. But we're all set.,0.5614035087719298,communication
1970,1979,apocalypse now,radio,communication,"They lined us all up in front of a hundred yards of prime rib -- magnificent meat, beautifully marbled.. Then they started throwing it in these big cauldrons, all of it -- boiling. I looked in, an' it was turning gray. I couldn't stand it. I went into radio school.",0.9509433962264151,communication
1970,1979,apocalypse now,radio,communication,"I met the P.B.R. crew; they were pretty much all kids, except for Phillips, the Chief -- Gunner's Mate Third Class L. Johnson -- Lance Johnson; Gunner's Mate Third Class J. Hicks -- The Chef -- Radio Operator Second Class T. Miller; they called him Mr. Clean.",0.749034749034749,communication
1990,1993,arctic blue,radio,communication,The radio's on the fritz.,0.16,communication
1990,1993,arctic blue,signal,communication,No way they'll find you on a five-minute signal.  And no way -more-,0.6119402985074627,communication
1990,1993,arctic blue,signal,communication,Emergency transmitter?  What happened to signal mirrors or two-tone smoke fires?,0.5125,communication
1990,1993,arctic blue,radio,communication,"You broke the radio, remember?",0.4666666666666667,communication
1990,1993,arctic blue,signal,communication,"Pretty clever:  If the trappers got that signal beacon and get here in time, Sam's is the first place they'll look.  They may figure you're waiting for an airplane, so you can't stay in the shack by the airstrip.  Last place they'd expect you is on the far side of town.  I can't afford any trouble --",0.1362126245847176,communication
1990,1993,arctic blue,tv,communication,"Snowplow, generator, TV dish... hell, we get the goddamn Playboy Channel!  Here, this is for you.",0.21649484536082475,communication
1990,1993,arctic blue,signal,communication,...Ben never sent a signal.,0.7407407407407407,communication
1990,1997,as good as it gets,app,computational,I can help you if you take the responsibility to keep regular app --,0.9117647058823529,computational
1990,1997,as good as it gets,phone,communication,It's not only financial assistance. What he's got to do is go to Baltimore tomorrow and ask his parents for money. It's not going to happen on the phone.,0.9607843137254902,communication
1990,1997,as good as it gets,phone,communication,"No...  actually, I even shut the phone off and put a little piece of cardboard in the ringer so no one can just buzz me from d...",0.2558139534883721,communication
1990,1995,assassins,radio,communication,"Didn't you here all them sirens? It's been all over the radio.  Some guy shot Leevio Valli, and a bunch of bystanders, in the Trattoria Roma.",0.3971631205673759,communication
1990,1995,assassins,machine,computational,It.  Tell it.  For all I know it could be a machine.,0.8461538461538461,computational
1990,1995,assassins,telephone,communication,"Right now, as we sit here, he is tearing through your apartment.  He is digging through your drawers, emptying your closets.  He will take your telephone and address books, your appointment books.  If you keep a diary, he is reading it.  He'll go into the kitchen and find out what kind of food you eat, liquor you drink, cigarettes you smoke.  In the bathroom he will find any prescription drugs you take and where you get them filled.  If you have video tape or recordings he will watch and listen to all of them.",0.2796116504854369,communication
1990,1995,assassins,computer,computational,"You're the computer hacker, you tell me.",0.275,computational
1990,1995,assassins,phone,communication,"The point is, they are paying for information.  Real information.  Not tooth paste brands.  Not whether he wads of folds his toilet paper.  And no 16 hours of recorded phone sex. You are wasting everyone's time with this shit.",0.7433628318584071,communication
1990,1995,assassins,television,communication,I wasn't watching television.,0.6206896551724138,communication
1990,1995,assassins,phone,communication,"'Taken.'  That's nice.  When I had someone taken I would call our General Contractor, transfer the money and as soon as I hung up the phone I forgot about them.",0.8375,communication
2000,2005,asylum,phone,communication,"Get me one of the disks. Ask a Czech girl to smuggle it in to me this evening. Put the others in a locker and write the details in a note to Reuters and be ready to send it, if this doesn't work. You'd better keep clear of your apartment too. Do you know someone with a phone?",0.9782608695652174,communication
2000,2005,asylum,phone,communication,"The performance is free what more do you want....I've set that old phone up as a donation box and I'll get Jahn to write out a sign....Okay, let's get going.",0.4267515923566879,communication
2000,2005,asylum,computer,computational,"Good, and then type up a notice on your computer for tonight's thing, photocopy it and put it up in all the faculty buildings and a couple of the pubs. It'll start at eight o'clock and the bar will be open from seven. Holly and I'll go and get some beer and wine.  Can you bankroll the bar for tonight?",0.13245033112582782,computational
2000,2005,asylum,computer,computational,"Josh didn't get Doug out of jail, he did a deal in return for some computer disks we'd held onto.",0.6907216494845361,computational
2000,2005,asylum,phone,communication,I'll need to make a phone call.,0.6451612903225806,communication
1980,1985,back to the future,device,computational,"All I can say is, that's one helluva attitude, Mr. McFly. 'Let's explode a hundred megaton Geothermal nuclear device, just to see it.'",0.8208955223880597,computational
1980,1985,back to the future,machine,computational,"According to your girlfriend, Suzy Parker, you and she were at the movies. You went to the restroom and you never came out. Obviously, you stepped through an inter-dimensional time warp, created by the original operation of the time machine.",0.966804979253112,computational
1980,1985,back to the future,machine,computational,"But if you didn't rebuild the time machine, how did I go back in time in the first place?",0.39325842696629215,computational
1980,1985,back to the future,machine,computational,"You see, I never rebuilt the time machine after it was destroyed in 1952. I decided that experimenting with time and possibly changing history was too risky. Anyway, experiments in time travel were banned in all 87 states after the governor of Cuba caught Dr. Felstien fooling around in the Bermuda Triangle -- that was back in '64.",0.10240963855421686,computational
1980,1985,back to the future,machine,computational,"You forget -- time travel is instantaneous. The time machine would melt, but you would have already travelled through time. Of course, it's a moot point regardless. The only place atomic bombs are detonated is at the Army's Nevada Test Site, and those tests are kept absolutely top secret.",0.18339100346020762,computational
1980,1985,back to the future,machine,computational,You're talking crazy! An atomic blast would melt me and the time machine in a matter of seconds!,0.6770833333333334,computational
1980,1985,back to the future,machine,computational,"I am serious. If we could get you, the time machine, and the power converter in the vicinity of an atomic blast, we could send you back to the future.",0.29333333333333333,computational
1980,1985,back to the future,phone,communication,"I don't know, but I don't want to take any chances! Now you stay here and don't do anything. Don't answer the door, don't answer the phone, don't go outside. Understand?",0.7869822485207101,communication
1980,1985,back to the future,machine,computational,You've convinced me that you must be who you say you are. No living human has ever seen this machine.  But why? Why even in my twilight years would I remotely consider sending someone back in time?,0.4720812182741117,computational
1980,1985,back to the future,machine,computational,"Professor, you time machine works! It works! It sent me back in time! I'm from 1982!",0.23809523809523808,computational
1980,1985,back to the future,machine,computational,"The future, Marty, the future is everything! I built this machine to see the future. So I am going to send Shemp twenty-four hours into the future. You can assist me, if you like.",0.3240223463687151,computational
1980,1985,back to the future,machine,computational,A time machine! Because of that Coke?!,0.18421052631578946,computational
1980,1985,back to the future,phone,communication,"Now hold on a minute, Professor! Hold the phone. Are you trying to tell me that this -- all of this here -- that this is -- it's a -- a --",0.30434782608695654,communication
1980,1984,the adventures of buckaroo banzai across the 8th dimension,radio,communication,"Halloween. 1938...""War of the Worlds""...that fake radio news broadcast that got everybody scared, thinking that real live Martians were landing in Grover's Mill, New Jersey!  But then it all just turned out to be a hoax.",0.22727272727272727,communication
1980,1984,the adventures of buckaroo banzai across the 8th dimension,radio,communication,"Nothing to apologize for, Casper.  You've gone beyond the call of duty tonight.  Mind if I get on the horn and radio the Cavaliers--?  They'll be worried.",0.7207792207792207,communication
1980,1984,the adventures of buckaroo banzai across the 8th dimension,phone,communication,It's an antidote. A formula.  Whoever it was on the phone made me scribble this and gave me the ability to penetrate their disguises.,0.39097744360902253,communication
1980,1984,the adventures of buckaroo banzai across the 8th dimension,phone,communication,Ever since that phony phone call from the President.  Look at this. What is it?,0.27848101265822783,communication
1980,1984,the adventures of buckaroo banzai across the 8th dimension,radio,communication,I have a radio fix...,0.42857142857142855,communication
1980,1984,the adventures of buckaroo banzai across the 8th dimension,tv,communication,Doctor Lizardo. Wasn't he on TV once?,0.7837837837837838,communication
1990,1991,barton fink,phone,communication,"We have to talk a little business. I've just been on the phone to Los Angeles.  Barton, Capitol Pictures wants to put you under contract. They've offered you a thousand dollars a week. I think I can get them to go as high as two.",0.24890829694323144,communication
1990,1991,barton fink,screen,computational,"Yeah, the ladies do ask for attention. In my experience, they pretend to give it, but it's generally a smoke- screen for demanding it back  with interest. How about family, Bart? How're you fixed in that department?",0.5092592592592593,computational
1990,1991,barton fink,telephone,communication,"Rez. That'll be twenty-five fifty a week payable in advance. Checkout time is twelve sharp, only you can forget that on account you're a rez. If you need anything, anything at all, you dial zero on your personal in-room telephone and talk to me. My name is Chet.",0.8396946564885496,communication
1990,1992,basic instinct,tv,communication,Home. Watching TV.,0.8333333333333334,communication
1990,1992,basic instinct,machine,computational,I got a message on my machine to meet Gus here.  Where is he?,0.36065573770491804,computational
1990,1992,basic instinct,machine,computational,"If I were guilty, and if I wanted to beat that machine, it wouldn't be tiring.  It wouldn't be tiring at all.",0.43119266055045874,computational
1990,1992,basic instinct,machine,computational,It's got to be tiring to beat that machine.,0.813953488372093,computational
1990,1992,basic instinct,machine,computational,I came in here to jack off the damn machine.  One dead psychology professor. Noah Goldstein.  Dr. Noah Goldstein. And guess what?  He was her counselor.,0.23684210526315788,computational
1990,1992,basic instinct,machine,computational,Ain't you go nothin' better to do than to come in here and jack off the damn machine?,0.9058823529411765,computational
1990,1992,basic instinct,computer,computational,Fourteen.  We seal juvenile records until they're deceased.  That's why you didn't find it in your computer.,0.9166666666666666,computational
1990,1996,basquiat,machine,computational,"Oh man! Folklore guy  worked on the railroad. Y'know, pounding in spikes and laying down track. Then one day they invented a machine to do it. And he says ""Fuck that, I'm a MAN"" and he challenges the machine to a race to lay down a mile of track. It takes two days. Neck and neck the whole time. They get right to the end, and he beats it by one spike.  Got a cigarette?",0.33962264150943394,computational
1990,1996,basquiat,machine,computational,Famous people are usually pretty stupid. You're too smart. You'd get bored to death. You don't wanna be like John Henry  fighting the machine. Just do what you do. It's about integrity. Follow your heart.,0.6585365853658537,computational
1990,1992,batman returns,tv,communication,... Maybe I'll watch it on TV.,0.9,communication
1990,1992,batman returns,tv,communication,"I heard on TV, ""Catwoman is thought to weigh 140 pounds.""  How do these hacks <u>sleep</u> at night?",0.11,communication
1990,1992,batman returns,signal,communication,"Well, um... funny thing, your penguins... they're not responding to the launch command.  Fact they're kind of turned around now... Like someone jammed our signal...",0.9451219512195121,communication
1990,1992,batman returns,phone,communication,I damn well better be.  In fact I want you to phone those goniffs over at Gotham Insurance and tell them --,0.42990654205607476,communication
1940,1949,batman and robin,computer,computational,Their new computer sciences division.  How did you know?,0.17857142857142858,computational
1940,1949,batman and robin,signal,communication,"Her name is Pamela Isley.  I saw her talking to Gordon.  She must have stolen his keys, altered the signal-",0.9345794392523364,communication
1940,1949,batman and robin,signal,communication,The way to a boy's heart is through his ego.  What strapping young hero could resist his very own...signal?,0.9345794392523364,communication
1990,1995,batman forever,signal,communication,He's home. I sent the signal.,0.7586206896551724,communication
1990,1995,batman forever,ai,computational,Not until you do that thing I like.  On se tue pour des mesnonges. J'ai gache ma vie...  Woah. Harsh toke.,0.6509433962264151,computational
1980,1989,batman,screen,computational,"Goddammit, I expect to be treated like and ARTIST. GET OFF MY SCREEN!!",0.8857142857142857,computational
1980,1989,batman,phone,communication,"Why?  Aw, come on, Vicki, I'm a reporter. I'm curious.  I do this for a living.  There's a phone.  You can call him up and cancel.",0.7,communication
1990,1997,bean,computer,computational,I was hoping DU.  Bean might take a look at my computer project today.,0.6714285714285714,computational
1990,1997,bean,network,computational,But the particular glory of the system... is that it can also work oh large screens in each individual room - so we can network the program to every room in the gallery.,0.7100591715976331,computational
1990,1997,bean,screen,computational,"We'll be able to start this afternoon.  I'11 pipe the guide to every video screen in the gallery.  Now, that'll impress the Governor.",0.5639097744360902,computational
1990,1996,beavis and butt-head do america,tv,communication,"Check it out Butt-Head, TV!",0.8888888888888888,communication
1990,1996,beavis and butt-head do america,tv,communication,"Yeah, heh heh, and then we're gonna get a big-screen TV! Heh heh.",0.8153846153846154,communication
1990,1996,beavis and butt-head do america,screen,computational,"Yeah, heh heh, and then we're gonna get a big-screen TV! Heh heh.",0.8153846153846154,communication
1990,1996,beavis and butt-head do america,tv,communication,"Beavis, you butt-munch, this guy wants us to score with his wife. And he's gonna pay us. We can buy a new TV.",0.9724770642201835,communication
1990,1996,beavis and butt-head do america,tv,communication,Nnnnaah...We need to watch TV DAMMIT!!!,0.6923076923076923,communication
1990,1996,beavis and butt-head do america,tv,communication,"Actually, we just wanna watch TV...",0.8571428571428571,communication
1990,1996,beavis and butt-head do america,tv,communication,Dammit! I need a TV now! We're missing everything!,0.34,communication
1990,1996,beavis and butt-head do america,tv,communication,I need TV now! Now! NNNNDAMMIT!!!,0.21212121212121213,communication
1990,1996,beavis and butt-head do america,tv,communication,"Yeah, heh heh. Maybe it has a TV. Heh heh. TV.",0.6521739130434783,communication
1990,1996,beavis and butt-head do america,tv,communication,The TV.,0.5714285714285714,communication
1990,1996,beavis and butt-head do america,tv,communication,"Yeah, heh heh. I'm gonna have money, and a big-screen TV and sluts everywhere!",0.6923076923076923,communication
1990,1996,beavis and butt-head do america,screen,computational,"Yeah, heh heh. I'm gonna have money, and a big-screen TV and sluts everywhere!",0.6923076923076923,communication
1980,1988,beetle juice,signal,communication,I don't know what that signal means.,0.6388888888888888,communication
1970,1979,being there,telephone,communication,"I'll send Wilson up to take you for X-rays, Mr. Gardiner. Feel free to use the telephone, and please let me know if you have any discomfort.",0.5642857142857143,communication
1970,1979,being there,data,computational,"Gentlemen, I didn't call you here at such an hour to make accusations, I just want to explore the possibilities. Now, I have three questions; Is the man a foreign agent? Or, have we suddenly found that our methods of gathering data are grossly inefficient? Or, thirdly, have the man's files been destroyed? Now, I'd like some answers.",0.6796407185628742,computational
1970,1979,being there,television,communication,I understand. I've never seen anything like this on television.,0.8253968253968254,communication
1970,1979,being there,television,communication,"Yes, I have seen that show on television.",0.7317073170731707,communication
1970,1979,being there,telephone,communication,"Mr. Gardiner, I have a telephone call for you. Sidney Courtney, the financial editor of the Washington Post.",0.21296296296296297,communication
1970,1979,being there,television,communication,"I know you do - you and your television...  ... Good luck, Chauncey.",0.4264705882352941,communication
1970,1979,being there,television,communication,I would like to watch television.,0.6666666666666666,communication
1970,1979,being there,television,communication,"I'm sorry we haven't met sooner, Mr. Gardiner. I had the pleasure of seeing you on television last night and I listened with great interest to your down-to-earth philosophy. I'm not surprised that it was so quickly endorsed by the President.  ... Tell me, Mr. Gardiner, just how serious is Benjamin's illness? I did not want to upset Mrs. Rand by discussing it in detail.",0.22371967654986524,communication
1970,1979,being there,television,communication,"Of course not! No one has the time to read! One glances at things, watches television...",0.8522727272727273,communication
1970,1979,being there,television,communication,Yes. I have seen styles on television.,0.7105263157894737,communication
1970,1979,being there,television,communication,Does it have a television?,0.5769230769230769,communication
1970,1979,being there,television,communication,"The Old Man gave me nice television sets, this one has remote control.  He has one just like it.",0.2604166666666667,communication
1970,1979,being there,television,communication,"No, Thomas. But I have seen the Army on television.",0.7843137254901961,communication
1970,1979,being there,television,communication,"You look much taller on television, Mr. President.",0.48,communication
1970,1979,being there,data,computational,"I'd like to hear that data, Kaufman.",0.6111111111111112,computational
1970,1979,being there,data,computational,"Well, we do have data from Honeycutt's sources, Chief - but it isn't pertinent.",0.21518987341772153,computational
1970,1979,being there,data,computational,"He's an advisor and close personal friend of Rand's! For Christ sakes, they have volumes of data on Benjamin!",0.8440366972477065,computational
1970,1979,being there,television,communication,"... Gentlemen, I quoted this man on national television today he is obviously a financial sophisticate of some reknown.",0.37815126050420167,communication
1990,1999,being john malkovich,phone,communication,Sounds good. Oblique but intriguing. Phone it in.,0.7551020408163265,communication
1990,1999,being john malkovich,phone,communication,"Floris, get Guinness on the phone.",0.8235294117647058,communication
1990,1999,being john malkovich,radio,communication,"They love me, darling! ""Craig Schwartz is fantastic!""  The New York Times. ""If only Craig Schwartz had always been inside Malkovich!""  Women's Wear Daily. ""Craig Schwartz - The world's greatest puppeteer!""  Paul Wunder, WBAI Radio.",0.974025974025974,communication
1990,1998,the big lebowski,phone,communication,"Here's the money, and the phone. Please, Dude, follow whatever instructions they give.",0.3023255813953488,communication
1990,1998,the big lebowski,phone,communication,They called about eighty minutes ago.  They want you to take the money and drive north on the 4 5.  They'll call you on the portable phone with instructions in about forty minutes. One person only or I'd go with you. They were very clear on that: one person only.  What happened to your jaw?,0.4570446735395189,communication
1990,1998,the big lebowski,phone,communication,"Your phone's ringing, Dude.",0.18518518518518517,communication
1990,1998,the big lebowski,phone,communication,I understand.  That's why I picked up the phone.,0.875,communication
1990,1998,the big lebowski,phone,communication,"Erev shabbas.  I can't drive.  I'm not even supposed to pick up the phone, unless it's an emergency.",0.68,communication
1990,1998,the big lebowski,phone,communication,"Walter, if you're there, pick up the fucking phone.  Pick it up, Walter, this is an emergency.  I'm not--",0.42857142857142855,communication
1990,1998,the big lebowski,phone,communication,"You told Brandt on the phone, he told me.  So where do I fit in?",0.359375,communication
2000,2002,blade ii,radio,communication,We'll split into three units.  First team that makes contact wins the prize. Try to maintain radio silence from here on out.,0.75,communication
1990,1998,blade,tv,communication,"You've been watching too much TV. They've got their claws sunk into everything -- finance, real estate, politics. Probably own half of Downtown.",0.20833333333333334,communication
1990,1998,blade,radio,communication,We keep in radio contact.,0.44,communication
1980,1984,blood simple.,phone,communication,On the phone. Was it for you?,0.2413793103448276,communication
1980,1984,blood simple.,tv,communication,"And how many room got TV, Dusty?",0.6875,communication
1980,1984,blood simple.,tv,communication,"See, Wednesday's the special on RC Cola. I don't know if I explained about the TV option. If there's a TV in the room, you got to pay the option.",0.5448275862068965,communication
1980,1984,blood simple.,tv,communication,"I reckon I can hear him. TV option, that's a dollar twenty, makes nine eighty-six plus tax.",0.27472527472527475,communication
1980,1984,blood simple.,tv,communication,"I reckon I can hear him...  ...Room rate's eight sixty-six a day plus sales tax, plus extra for the TV option.",0.9090909090909091,communication
1990,1997,bloodmoon,radio,communication,Yes it's me!!! Frank is on his way up to Dorothy's apartment.  Oh no. Frank has a radio and is hearing everything we say!!  Detective Williams. hurry. I'm in the apartment. hurry. I'm hiding in the back bedroom.,0.3886255924170616,communication
1990,1997,bloodmoon,phone,communication,The phone. What did you hear on the phone . Tell me. Word for word.,0.05970149253731343,communication
1990,1997,bloodmoon,phone,communication,". I saw you come in, talk on the phone. get undressed.",0.6111111111111112,communication
1990,1993,body of evidence,phone,communication,I would have missed it -- but the phone rang and I let it play while I talked.  It looks like blank tape -- but it isn't.  It's been erased without any input signal coming in.,0.19428571428571428,communication
1990,1993,body of evidence,signal,communication,I would have missed it -- but the phone rang and I let it play while I talked.  It looks like blank tape -- but it isn't.  It's been erased without any input signal coming in.,0.19428571428571428,communication
1990,1993,body of evidence,machine,computational,"Your Honor, this is a tape from Miss Lawson's answering machine.  I would like to play it now.",0.5957446808510638,computational
1990,1993,body of evidence,phone,communication,I know what day it is!  Get off the phone.,0.8571428571428571,communication
1990,1993,body of evidence,phone,communication,Michael -- get off the phone.,0.7931034482758621,communication
2000,2001,bones,phone,communication,Must be my clothes line.  No?  How bout my phone line?,0.7962962962962963,communication
2000,2001,bones,radio,communication,Are they on the radio?,0.7272727272727273,communication
2000,2001,bones,network,computational,"Just what army do you think the Colonel was in?  Everybody knows the whole chicken distribution network is owned by the Klan.  ""Special recipe"".  I'm telling you.  There's something in the batter. Say it makes a black man sterile.",0.41739130434782606,computational
2000,2001,bones,radio,communication,"Look, you guys want to play college radio, high school reunions, and some fool's club once a week for the rest of your lives, that's cool.  But I think we can do better.",0.21301775147928995,communication
1990,1996,bound,phone,communication,"Tell them I'm at St. Mary's off the Kennedy, in the waiting room, but stay on the phone until I come out.",0.780952380952381,communication
1990,1996,bound,phone,communication,We make a deal or I come out and hand this phone to Mickey.,0.7288135593220338,communication
1990,1996,bound,phone,communication,Leave your phone on the hook.,0.3793103448275862,communication
1990,1996,bound,phone,communication,"Oh Christ, the phone ...  That was a fucking stupid thing to do, wasn't it?",0.2,communication
1990,1996,bound,phone,communication,"I started thinking maybe it's about the money so I call you, but all I get is the busy signal.  I figure the phone is off the hook, that's why I come rushing over here.",0.6488095238095238,communication
1990,1996,bound,signal,communication,"I started thinking maybe it's about the money so I call you, but all I get is the busy signal.  I figure the phone is off the hook, that's why I come rushing over here.",0.6488095238095238,communication
1990,1996,bound,tv,communication,Now why don't you go watch some TV or something?,0.6666666666666666,communication
2000,2002,the bourne identity,tv,communication,"We're in the shitter, man!  Pick your poison.  Maybe he's in there to finish the job.  Maybe he's working for Wombosi.  Maybe they want to go on TV together.  Every possibility sucks -- we've got to move!",0.7107843137254902,communication
2000,2002,the bourne identity,phone,communication,Do you -- his brother -- do you have a phone number?,0.75,communication
2000,2002,the bourne identity,phone,communication,Let's go --  We got to get away from this phone.,0.875,communication
2000,2002,the bourne identity,phone,communication,You stayed there five times in the past six months.  But I didn't have time -- I could only get the bill from the last stay -- you were there for two days.  Some room service -- there's half a dozen phone calls here so that's someth--,0.8504273504273504,communication
2000,2002,the bourne identity,radio,communication,"Look, go ahead...put the radio on...",0.6944444444444444,communication
1980,1985,brazil,telephone,communication,"You telephone, sir.",0.21052631578947367,communication
1980,1985,brazil,phone,communication,Make yourself at home. Don't answer the phone or open he door to anyone. I won't be long.,0.449438202247191,communication
1980,1985,brazil,computer,computational,"I've tried that! Population Census have got him down as dormanted, the Central Collective Storehouse computer has got him down as deleted, and the Information Retrieval have got him down as inoperative ... Security has him down as excised., Admin have him down as completed",0.36996336996337,computational
1980,1985,brazil,machine,computational,"It's not the machine. There's a mismatch on the personnel code numbers... Ah there we go! That's a B58/732 when it should be a T47/215 ... Tuttle ... he should have £31.06, debited against his account for electrical procedures, not Buttle.",0.05439330543933055,computational
1980,1985,brazil,machine,computational,"Perhaps the machine's on the blink! It keeps picking up old films. That can't he right, can it?",0.12631578947368421,computational
1980,1985,brazil,computer,computational,"Lime, I need to use your computer",0.7575757575757576,computational
1980,1985,brazil,computer,computational,Ah.  Would you mind if I borrowed your computer console?,0.6964285714285714,computational
1980,1985,brazil,phone,communication,Put the phone down and your hands up.,0.21621621621621623,communication
1990,1999,bringing out the dead,phone,communication,"What am I going to to do with this guy?  Pierce, I was just on the phone with Borough Command. Out of twelve shifts this month, you've been late for nine, sick four and that includes the shift where you came late and went home early.",0.2875536480686695,communication
1990,1999,bringing out the dead,radio,communication,"She said to me, I love the way you talk on the radio.",0.8867924528301887,communication
1990,1999,bringing out the dead,radio,communication,"Twelve Young, answer the radio. I have a call for you.",0.46296296296296297,communication
1990,1999,bringing out the dead,tv,communication,"We can still go back. I'll walk you home. You sleep a couple of hours, watch some TV, take a bath.",0.8367346938775511,communication
1990,1999,bringing out the dead,phone,communication,"I hate pronouncing people dead over the phone.  Better, huh? They're fixed and dilated. He's plant food.",0.38461538461538464,communication
1990,1999,bringing out the dead,screen,computational,"C'mon, look at your screen. Give up some blood!",0.425531914893617,computational
1990,1999,bringing out the dead,radio,communication,You know what. The radio.,0.76,communication
1990,1999,bringing out the dead,radio,communication,Four times this week I've had him. Aren't there any other units out there?  Don't answer the radio. They'll give it to someone else.,0.7045454545454546,communication
1990,1999,bringing out the dead,radio,communication,Answer the radio Zebra. You know it's that time.,0.22916666666666666,communication
1980,1987,broadcast news,network,computational,This story they won't cover.  And if the network doesn't cover it -- it must not be important so why worry.,0.38317757009345793,computational
1980,1987,broadcast news,network,computational,"Great.  Network news, Washington... I love it.  What do you do when your real life exceeds your dreams?",0.07766990291262135,computational
1980,1987,broadcast news,phone,communication,There were complaining phone calls because you were sweating?,0.3770491803278688,communication
1980,1987,broadcast news,network,computational,Can you believe it?  I just risked my life for a network that tests my face with focus groups.,0.5212765957446809,computational
1980,1987,broadcast news,network,computational,You want to start going over who they could have gotten?  They can't take on people like this for network news.  For God's sake.  What's going on?,0.6712328767123288,computational
1980,1987,broadcast news,tv,communication,"Hi.  Turn on your TV... <u>Good Morning America</u>, the <u>Morning News</u> and <u>Today</u> are all about to talk to Arnold Schwarzenegger and I think he's live on at least two of them.",0.0962566844919786,communication
1980,1987,broadcast news,network,computational,Do you know you're the second woman in network news history to produce?,0.5492957746478874,computational
1980,1987,broadcast news,radio,communication,"I've been doing some morning show stuff, but mostly radio -- that doesn't bother me.  I'm in no rush for anything.  It's just the snotty attitude, even if I have it coming, it's still...",0.27956989247311825,communication
1980,1987,broadcast news,network,computational,Those audition tapes I sent out... I've been hired by your network for the Washington bureau.  So I'll probably see you at work.  Sorry.,0.4338235294117647,computational
1950,1959,a bucket of blood,phone,communication,I tried to contact you by phone but I couldn't...,0.5306122448979592,communication
1950,1959,a bucket of blood,machine,computational,"I know that - I know that! I also believe in burning the creative candle, you understand, down to the end - to be uncreative you might as well be dead...a walking machine, toiling in a factory!",0.844559585492228,computational
1990,1992,buffy the vampire slayer,network,computational,My mom doesn't go anywhere.  She even does the shopping network. I'm gonna die a virgin.,0.6363636363636364,computational
1990,1992,buffy the vampire slayer,machine,computational,You broke up with my machine?,0.7241379310344828,computational
1980,1988,bull durham,machine,computational,"You will.  Look, Nuke--these Big League hitters are gonna light you up like a pin ball machine for awhile-- don't worry about it.  Be cocky and arrogant even when you're getting beat.  That's the secret.  You gotta play this game with fear and arrogance.",0.3425196850393701,computational
1980,1988,bull durham,radio,communication,"League record.  And he hit the Radio Announcer, a Sportswriter, and the Bull Mascot twice--also league records--  Joe, the guy's got some serious shit.",0.2052980132450331,communication
1990,1995,casino,phone,communication,You understand? Put her on the fuckin' phone.,0.8666666666666667,communication
1990,1995,casino,phone,communication,...Rothstein. I want to talk to Ginger. Put her on the phone.,0.9016393442622951,communication
1990,1995,casino,tv,communication,"Yeah, I did want to go on TV. That way I have a forum. I can fight back. I'm known. People see me. They know they can't fuck around with me like they could if I was an unknown. That's right.",0.1368421052631579,communication
1990,1995,casino,television,communication,Your fuckin' ass! You could have had the food and beverage job without goin' on television!  You wanted to go on TV.,0.6896551724137931,communication
1990,1995,casino,tv,communication,Your fuckin' ass! You could have had the food and beverage job without goin' on television!  You wanted to go on TV.,0.6896551724137931,communication
1990,1995,casino,tv,communication,I'm only on TV because I gotta be able to hang around the casino. You understand that. You know that. Come on.,0.10909090909090909,communication
1990,1995,casino,tv,communication,I'm what counts out here! Not your fuckin' country clubs or your fuckin' TV shows! And what the fuck are you doin' on TV anyhow?!,0.5658914728682171,communication
1990,1995,casino,television,communication,Every time you're on television I get mentioned. That looks bad. That looks bad.,0.2625,communication
1990,1995,casino,signal,communication,"It was so obvious. I mean, all of Nicky's half-assed mechanics, they were real signal happy.",0.8586956521739131,communication
1990,1995,casino,phone,communication,"You see, if a phone's tapped, the Feds can only listen in...",0.23333333333333334,communication
1990,1995,casino,machine,computational,"The probability on one-four-reel machine is a million and a half to one. On three machines in a row, it's in the billions.  It cannot happen... would not happen, you fuckin' momo! What's the matter with you!  Didn't you see you were bein' set up on the second win?",0.125,computational
1990,1995,casino,phone,communication,"Yeah, least you could do is return my phone calls, though.",0.6551724137931034,communication
1990,1995,casino,phone,communication,"You just relax, and call me back here in exactly an hour, on this phone, and I'll see what I can do.",0.66,communication
1990,1995,casino,phone,communication,He's sittin' by the phone -,0.7407407407407407,communication
1990,1995,casino,phone,communication,"That's - Yeah, he's sitting by the phone like a dumb-bell, just waiting for you to call him back. That's what he's -",0.3017241379310345,communication
1990,1995,casino,phone,communication,"Ginger... It means he's sitting by the phone like a dumb-bell, waiting for me to call him back. Now, I -",0.375,communication
1990,1995,casino,phone,communication,He was just on the phone.,0.76,communication
2000,2004,catwoman,computer,computational,I'm not going to worry about it. We are quite beyond the computer disc. Everything will be over within the next hour or so.,0.4634146341463415,computational
2000,2004,catwoman,phone,communication,I still have to call my agent--my techno-single just made the hot 100...what's with the phone?,0.9361702127659575,communication
2000,2004,catwoman,computer,computational,"""Save the City?"" I don't want to save the city, I want to move!  Listen, I'm sure the computer disc is pretty fascinating and I can't thank you enough for the little weird gold thingie, but..",0.450261780104712,computational
2000,2004,catwoman,computer,computational,"Oh no, not a computer disc. A computer disc?  Oh man, come on, what do I look like?  I'm not a crime- fighter, I'm not a detective, what, I'm supposed to find some ""clues"" on this disc. I can't...",0.0663265306122449,computational
2000,2004,catwoman,computer,computational,"Okay. Let's get serious. Of course I know the Cult of Good is not good. Ever since I saw what they did in Atlanta, it has been my mission to expose them. I've followed them to Oasisburg and soon will have enough hard evidence to bring them to real justice. That computer disc could be the final piece to the puzzle. This isn't just a story, Selina--another damn Pulitzer--this is my life.",0.6752577319587629,computational
2000,2004,catwoman,phone,communication,"I was doing my job. At the risk of sounding egotistical, I didn't become the best reporter in the world sitting by the phone. I was chasing tail all night--I was not spying, intentionally, on your hot and heavy date with ""Brock Leviathan, architect.""  I can't believe he ordered white wine.  You do know white wine is not real wine...",0.3562874251497006,communication
2000,2004,catwoman,signal,communication,I'm having a hard time picking up your signal this morning--What did you say?,0.5064935064935064,communication
2000,2004,catwoman,computer,computational,I never thanked you..the arrow..the motorcycle..the computer disc..You're so different from what I..and so the same.,0.4482758620689655,computational
2000,2004,catwoman,internet,computational,We met on the Internet. The Captain put out a cryptic message calling for a new order of crimefighters. We don't even know each other's true identities...,0.09090909090909091,computational
2000,2004,cellular,phone,communication,I know he's there!  He doesn't even have the balls to pick up the phone!,0.9166666666666666,communication
2000,2004,cellular,phone,communication,I'm not finished.  Under other circumstances I'd gladly go out of my way.  I don't understand why you just don't phone some other person.,0.8248175182481752,communication
2000,2004,cellular,phone,communication,I know where it is.  Give me that phone back.,0.7555555555555555,communication
2000,2004,cellular,phone,communication,"Me, he won't stay on the phone with for five fucking minutes without bitching.",0.32051282051282054,communication
2000,2004,cellular,phone,communication,Who's on the phone?,0.6842105263157895,communication
2000,2004,cellular,phone,communication,That's a skill you acquire when you do fantasy phone sex for a living. I must've had thirty regulars salivating at 4.99 per minute.,0.35877862595419846,communication
2000,2004,cellular,phone,communication,Let me talk to him.  Hold the phone to my ear -- but don't nudge me.,0.4411764705882353,communication
2000,2004,cellular,phone,communication,Hand me the phone.,0.6666666666666666,communication
2000,2004,cellular,phone,communication,Somehow I got along better with you on the phone.  It's all there isn't it?,0.5733333333333334,communication
2000,2004,cellular,phone,communication,Did you jiggle the phone?,0.76,communication
2000,2004,cellular,phone,communication,I'm not looking to get myself killed.  I just hope the battery on this phone holds out.,0.8160919540229885,communication
2000,2004,cellular,phone,communication,She would if she heard my voice on the phone.,0.8666666666666667,communication
2000,2004,cellular,phone,communication,I hear them coming upstairs.  I won't be able to talk for awhile. I have to lay the phone down and pretend to be asleep.  So don't talk.  Don't say a word or they'll hear it.,0.4827586206896552,communication
2000,2004,cellular,phone,communication,Well isn't there a number on the goddam phone?,0.8695652173913043,communication
2000,2004,cellular,phone,communication,Sure.  And they left you upstairs to make phone calls?,0.7777777777777778,communication
2000,2004,cellular,phone,communication,Who smashed the phone?,0.7272727272727273,communication
2000,2004,cellular,phone,communication,They smashed the phone.  I've been clicking the loose wires together hoping it'd make a connection.,0.1717171717171717,communication
2000,2004,cellular,phone,communication,Next I want to see Rachel.  Put her on the phone before she gets out so her mother can tell her exactly what to do.  Keep her calm.  Tell her you're fine and that she can join you in this car.,0.22395833333333334,communication
2000,2004,cellular,phone,communication,Got a phone in that van?,0.25,communication
2000,2004,cellular,phone,communication,Don't underestimate me.  I've got original ideas of my own.  Warhol got famous doing a soup can.  What would you think of a cellular phone done in acrylics?,0.8525641025641025,communication
2000,2004,cellular,phone,communication,You've got a <u>phone</u>?,0.6153846153846154,communication
1960,1963,charade,phone,communication,The phone's ringing --,0.18181818181818182,communication
2000,2000,cherry falls,phone,communication,Can I come in? I'll need to use the phone.,0.8571428571428571,communication
2000,2000,cherry falls,phone,communication,Nothing. I just picked up the phone to say goodbye to you. You didn't say goodbye.,0.36585365853658536,communication
2000,2000,cherry falls,phone,communication,The phone just went dead. I called the police and ran right over as fast as I could.,0.047619047619047616,communication
2000,2000,cherry falls,machine,computational,Hey! That was a 3k machine.,0.7037037037037037,computational
1990,1999,chill factor,phone,communication,"You  snatch that  phone  from me one more time, I'm--",0.33962264150943394,communication
1990,1999,chill factor,phone,communication,Suppose you're gonna shoot me because you can't get service on my cell phone.,0.922077922077922,communication
1990,1999,chill factor,phone,communication,"Bullshit.  Put the phone down, Mason.",0.5135135135135135,communication
1990,1999,chill factor,computer,computational,Sweeney tells me you don't have computer confirmation?,0.5925925925925926,computational
1990,1999,chill factor,screen,computational,"And I'm warning you, Leo.  Don't test me. Get your men and your machines off my radar screen in five, or three million people will die.",0.6370370370370371,computational
1990,1999,chill factor,radio,communication,Radio the bikes.,0.0,communication
1990,1999,chill factor,radio,communication,"Dennis, radio the bikes.  I wanna know if so much as a squirrel...",0.12121212121212122,communication
1990,1999,chill factor,data,computational,"I don't know.  Um, he's working, but there's a lot of data. Maybe...another hour?",0.6666666666666666,computational
1990,1999,chill factor,phone,communication,...on the other end of this phone.,0.8235294117647058,communication
1990,1999,chill factor,phone,communication,...-damn phone.,0.6,communication
1970,1974,chinatown,machine,computational,You were following him night and day. You saw who killed him. You even took pictures of it. It was Evelyn Mulwray. She's been paying you off like a slot machine ever since her husband died.,0.8095238095238095,computational
1970,1974,chinatown,phone,communication,All she needed for that was the phone book!,0.7441860465116279,communication
1970,1974,chinatown,phone,communication,"Look, Jake. She gave us Mulwray's real phone number and address.",0.609375,communication
1980,1988,nuovo cinema paradiso,television,communication,"Just so, Alfredo. There isn't any. And if you buy a television set, you can watch it at home, without any fuss...",0.46017699115044247,communication
1980,1988,nuovo cinema paradiso,television,communication,"Toto, are you pulling my leg or something? How is it possible to see this television without film?",0.7551020408163265,communication
1980,1988,nuovo cinema paradiso,television,communication,"Six years ago this May. No one came any more. You ""know better than me, Mr. Di Vita, the crisis, television, videos. By now the movie business is only a dream. The city's bought it now to make a new parking lot. Next Saturday they're tearing it down...A pity!...",0.3702290076335878,communication
1940,1941,citizen kane,telephone,communication,"I've just made a shocking discovery. The ""Enquirer"" is without a telephone. Have two installed at once!",0.6310679611650486,communication
1940,1941,citizen kane,phone,communication,Susie?  I called her myself the day after he died.  I thought maybe somebody ought to...  She couldn't even come to the 'phone.,0.952755905511811,communication
1940,1941,citizen kane,screen,computational,All we saw on that screen was a big American -,0.41304347826086957,computational
1990,1994,clerks.,phone,communication,So... what? So we should just make pretend over the phone that we're dating?,0.6842105263157895,communication
1990,1994,clerks.,phone,communication,Can you come next door? I gotta make a phone call.,0.78,communication
1990,1994,clerks.,phone,communication,Who was on your phone this morning at about two-thirty? I was trying to call for a half an hour.,0.16666666666666666,communication
1990,1994,clerks.,tv,communication,It's not like it's a demanding job. I'd like to get paid to sit on my ass and watch TV. The other day I walked in there and that sonofabitch was sleeping.,0.5454545454545454,communication
1990,1994,clerks.,phone,communication,You've been talking to her on the phone for weeks!,0.68,communication
1990,1993,cliffhanger,radio,communication,Where's the radio?,0.6666666666666666,communication
1990,1993,cliffhanger,device,computational,"Suits, underwear, 100 million dollars...the usual stuff. Travers was smart enough to bring along a tracking device.  Step into my office.",0.7883211678832117,computational
1990,1993,cliffhanger,radio,communication,I can't.  The radio's at the bottom of the shaft.  But Frank'll be looking for me soon. When he gets here I'll contact everybody from the chopper.,0.0958904109589041,communication
1990,1993,cliffhanger,radio,communication,"Before it crashed, they dumped three cases filled with millions. They're using Hal for a bird dog. Once they find the money, Hal's dead.  So get on your radio, contact Frank, have him pick you up, then contact the state police, the park police and anything else wearing a badge and tell them to get up here!  Do it Jessie.",0.4751552795031056,communication
1990,1993,cliffhanger,radio,communication,Get off the radio!,0.6666666666666666,communication
1990,1993,cliffhanger,radio,communication,"This is insane.  The hell with the money.  You radio in for that chopper, understand!",0.5529411764705883,communication
1970,1971,a clockwork orange,tv,communication,"There was some sophistos from the TV studios around the corner, laughing an govoreeting. The Devotchka was smecking away, and not caring about the wicked world one bit. Then the disc on the stereo twanged off and out, and in the short silence before the next one came on, she suddenly came with a burst of singing, and it was like for a moment, O my brothers, some great bird had flown into the milkbar and I felt all the malenky little hairs on my plott standing endwise, athe shivers crawling up like slow malenky lizards and then down again. Because I knew what she sang. It was a bit from the glorious 9th, by Ludwig van. Dim makes a lip-trump followed by a dog howl, followed by two fingers pronging twice in the air, followed by a clowny guffaw. Alex brings his stick down smartly on Dim's legs.",0.04244694132334582,communication
1970,1971,a clockwork orange,machine,computational,"Hello Lucy, had a busy night? Puts money in machine.",0.8461538461538461,computational
1970,1971,a clockwork orange,telephone,communication,I'm frightfully sorry. There is a telephone in the Public House about a mile down the road. I suggest you use that.,0.2956521739130435,communication
1970,1971,a clockwork orange,telephone,communication,"Excuse me, missus, can you please help? There's been a terrible accident. Can I please use your telephone for an ambulance?",0.7804878048780488,communication
2000,2004,collateral,phone,communication,"Sure.  I'm starting an 800 hotline.  Caught part of your phone call.  And even if I hadn't, there's the dark pinstripe, Armani, elegant, not too hip, which rules out advertising, plus a top-of-the-line briefcase that you live out of, looks like Bottega...",0.2235294117647059,communication
2000,2004,collateral,phone,communication,"Could'a fooled me, the way you were hollering into that cell phone.",0.9104477611940298,communication
2000,2004,collateral,phone,communication,"...so, his description of Max the cabdriver matches the guy who walked out of Villa Rodeo.  That guy?  That guy is a cabbie.  And you're telling me this cabbie walks into a phone booth and emerges as a meat eater, assassin with heavy trigger time? What's he do, squeeze 'em in between fares?",0.5945017182130584,communication
2000,2004,collateral,phone,communication,"...got off the phone with his dispatcher.  What an asshole. Cabbie's name is Max Rilke, been driving that cab for ten years...",0.11904761904761904,communication
2000,2004,collateral,radio,communication,"Advance team, two men, stick to that goddamn cab, stay in radio contact, the rest of us follow in the van. Nobody moves until the entire team's in place...",0.3741935483870968,communication
2000,2004,collateral,phone,communication,"You couldn't pick up a phone?  I'm lying here, wondering if something horrible happened...",0.25555555555555554,communication
2000,2004,collateral,phone,communication,I just got off the phone with the cops.  They called to check you brought the cab in...,0.21839080459770116,communication
2000,2004,collateral,tv,communication,"...pie in the sky?  ""Someday my dream'll come...""  But one night you'll wake up and realize suddenly you're old.  It hasn't happened.  It never will.  Life just flipped on you.  Tomorrow became yesterday.  Then you'll bullshit yourself it was never gonna happen, anyway, and push it back in memory...and anesthetize yourself in a Barcalounger with daytime TV for the rest of your life...  Don't talk to me about murder.  You're <u>do-in</u>' yourself...in this yellow prison with steel-belted radials. Clocking in and out everyday...",0.6679174484052532,communication
1990,1997,conspiracy theory,phone,communication,You got to get out of here.  My cell phone's on.  Back in the truck.,0.5441176470588235,communication
1990,1997,conspiracy theory,computer,computational,I put an ad on a computer bulletin board.  I log on at the library so I can't be traced.,0.19318181818181818,computational
1990,1997,contact,machine,computational,So... there wasn't any clothes in the machine.  She was just sitting there on the floor with her ear pressed up against the Maytag. Listening.,0.2676056338028169,computational
1990,1997,contact,machine,computational,"Maybe they are.  Maybe this is all part of the package.  The building of the machine has demanded international cooperation on an unprecedented scale.  Maybe requiring us to come together in this way was, in effect, part of the plan.",0.33047210300429186,computational
1990,1997,contact,machine,computational,"... Two years is still a hell of a long time -- and as far as we can tell there aren't any provisions in the machine design for storing food, water, even air...",0.68125,computational
1990,1997,contact,signal,communication,You must have checked the signal for polarization modulation already...,0.36619718309859156,communication
1990,1997,contact,signal,communication,It's hardly yesterday; the signal's been traveling for over twenty-six years.  As for why...  I'm hoping your own expertise in decryption algorithms will help us find out -- to see if there's another message buried deeper in the signal.,0.11440677966101695,communication
1990,1997,contact,signal,communication,"Then why haven't you detected any signals?  If, as you claim, there have been thousands, millions of advanced civilizations out there for millions of years then why hasn't one signal gotten through?  It'll take a month or two for the paperwork to go through; you're welcome to stay until then.",0.6006825938566553,communication
1990,1997,contact,data,computational,Maybe it'll be at the end of the data when the message recycles.,0.515625,computational
1990,1997,contact,signal,communication,Analyzing signal polarization shifts.,0.2702702702702703,communication
1990,1997,contact,signal,communication,"Okay, let's just slow down.  Pull up the starfield signal origin.",0.7846153846153846,communication
1990,1997,contact,data,computational,"That's terrific, but there's one problem:  we don't have the means to receive all the data on our own.",0.8431372549019608,computational
1990,1997,contact,radio,communication,"Colonel Jarrod, I'd like a twenty mile radio-silent perimeter put around this installation immediately.",0.3786407766990291,communication
1990,1997,contact,network,computational,-- which we'll also need the network's help to receive and decode!,0.4393939393939394,computational
1990,1997,contact,radio,communication,"Big enough radio, I don't see why not.",0.2894736842105263,communication
1990,1997,contact,tv,communication,Wouldn't you if you saw Hitler on TV?  Come; I want to show you something.,0.4594594594594595,communication
1990,1997,contact,machine,computational,The gods sent us the machine because they took pity on us.,0.3620689655172414,computational
1990,1997,contact,machine,computational,A machine.  But a machine that does what?,0.04878048780487805,computational
1990,1997,contact,signal,communication,A page-break signal.  A period.,0.41935483870967744,communication
1990,1997,contact,data,computational,"Page after page of data -- over sixty-three thousand in all, if I'm not mistaken... and at the end of each...",0.1743119266055046,computational
1990,1997,contact,signal,communication,"I think it is your naivete I like best about you, Eleanor.  Oh, there'll be a worldwide protest, but we all knew it from the very beginning.  You Americans discovered the signal, you led the decryption effort.  The machine is being built on your home soil... Of course the passenger will be an American, chosen by Americans.  Anyway, it is what the whole world wants, no?  This is the big show. The sort you put on better than anyone.  It's good marketing.  It's good casting.  It's the American way.",0.342,communication
1990,1997,contact,machine,computational,"I think it is your naivete I like best about you, Eleanor.  Oh, there'll be a worldwide protest, but we all knew it from the very beginning.  You Americans discovered the signal, you led the decryption effort.  The machine is being built on your home soil... Of course the passenger will be an American, chosen by Americans.  Anyway, it is what the whole world wants, no?  This is the big show. The sort you put on better than anyone.  It's good marketing.  It's good casting.  It's the American way.",0.342,communication
1990,1997,contact,device,computational,"Perhaps.  But on the off-chance that it is a 'doomsday device' of some kind, I plan to be very far away from your lovely Texas when it is activated.",0.3716216216216216,computational
1990,1997,contact,machine,computational,"But the machine worked -- that's what I've been trying to tell everyone!  The tape -- it's all there, if they'd just look at...  ... the tape...",0.05555555555555555,computational
1990,1997,contact,radio,communication,It's beautiful but it does get a little lonely.  Sometimes I think the reason we build these things in such godforsaken places isn't to avoid excess radio traffic but because we're all such pathetic antisocial misfits... Speaking of which:  How're you getting on with the old man?,0.5321428571428571,communication
1990,1997,contact,computer,computational,It's too... elegant.  The degree of economy is extraordinary; it's really the next logical step... Even on Earth technology has always aspired to a condition of nature. D.N.A. outclasses any computer we can come up with; the human body is the most exquisitely designed machine imaginable.,0.6631944444444444,computational
1990,1997,contact,machine,computational,It's too... elegant.  The degree of economy is extraordinary; it's really the next logical step... Even on Earth technology has always aspired to a condition of nature. D.N.A. outclasses any computer we can come up with; the human body is the most exquisitely designed machine imaginable.,0.6631944444444444,computational
1990,1997,contact,machine,computational,Some of my best friends are scientists.  They're saying the machine is alive.,0.7792207792207793,computational
1990,1997,contact,device,computational,It's designed purely as a defensive device.  Call it a reasonable precaution.,0.4675324675324675,computational
1990,1995,copycat,tv,communication,"Then, why don't you just die.  I'm going.  They'll find your body years later, the old recluse lady, she ate cat food, ten years of the New York Times, unread, piled on top of the unread mail, the TV still on.  Make up your mind.  Live or die.  I'll get coffee.",0.7547892720306514,communication
1990,1995,copycat,phone,communication,He can't phone you unless the warden gets an okay from you.  Did you give him an approval?,0.1,communication
1990,1995,copycat,radio,communication,"Gaahhd!  What a <u>cop</u>!  You busted me!  The new one, in the Marina.  She has a police radio scanner. It's always on.  She turns it off, and then she has to turn it on again.  She's obsessed.  She can't not listen to it, but she can't listen to it, so she makes me listen to it.",0.32269503546099293,communication
1990,1995,copycat,phone,communication,You were going to make a delivery to Peter Kurten for Daryll Lee Cullum.  I want Kurten's phone number.,0.8737864077669902,communication
1990,1995,copycat,phone,communication,"Conrad has the phone number. Conrad, where is he?",0.30612244897959184,communication
1990,1995,copycat,tv,communication,"You like that action?  Didn't that cop on TV look <u>solemn</u>?  The guy in the basement doesn't matter, anyway, just another lonely heart.",0.3,communication
1990,1995,copycat,computer,computational,"The University computer is down for maintenance, but I've been going through my own notes...",0.16304347826086957,computational
1990,1995,copycat,computer,computational,"Clint is putting a guard on you. But if you swear to leave the computer on, Winona will assign him to the hall outside.",0.5294117647058824,computational
1990,1995,copycat,internet,computational,"Helen -- the killer directly contacted you.  His interest in you is <u>intense</u>.  I'm worried about you. I don't want to lose you.  I know this stirs up every monster under the bed, but this is the only direct contact we have with him. The only chance we have to trap him.  So, you can turn Internet back on, or I do, and we put somebody here on a 24 hour shift and you can kick, scream and hyperventilate.",0.7188264058679706,computational
1990,1995,copycat,computer,computational,Who turned off the Internet computer...,0.717948717948718,computational
1990,1995,copycat,internet,computational,Who turned off the Internet computer...,0.717948717948718,computational
1990,1995,copycat,tv,communication,Nobody knows you have anything to do with this case; nothing has been on TV or the news... Why would he want to get in <u>your</u> computer?,0.5214285714285715,communication
1990,1995,copycat,computer,computational,Nobody knows you have anything to do with this case; nothing has been on TV or the news... Why would he want to get in <u>your</u> computer?,0.5214285714285715,communication
1990,1995,copycat,computer,computational,Maybe that's why you can't catch him.  I <u>know</u> what she looks like -- the red-headed woman in my computer.,0.9196428571428571,computational
1990,1995,copycat,screen,computational,Look at the bottom of the screen. You see the icon with the arrow pointing left?  Click on that... twice.,0.24761904761904763,computational
1990,1995,copycat,phone,communication,Because of your phone calls.,0.5714285714285714,communication
1990,1995,copycat,telephone,communication,"No, ma'am.  This is no joke.  And neither is tying up telephone lines to police with crank calls while people in trouble are trying to get through for help.",0.34615384615384615,communication
1990,1995,copycat,phone,communication,Is there a phone booth there?,0.3793103448275862,communication
1990,1995,copycat,computer,computational,He can get into my computer any time he likes!  This is exactly the kind of thing I didn't want to have happen.,0.17117117117117117,computational
1990,1995,copycat,internet,computational,He's hacked into her Internet address.  He's a hacker.,0.3888888888888889,computational
1990,1995,copycat,computer,computational,That computer's wired into INTERNET.,0.1388888888888889,computational
1990,1995,copycat,internet,computational,That computer's wired into INTERNET.,0.1388888888888889,computational
1990,1995,copycat,phone,communication,"Merry, how... oh, Christ, of course, you had my phone tapped.",0.7868852459016393,communication
1990,1995,copycat,phone,communication,We've put a tap on Dr. Hudson's phone.  I know you won't mention it.,0.47058823529411764,communication
1990,1995,copycat,phone,communication,She wants me to check the phone booth for a note.,0.5306122448979592,communication
1990,1995,copycat,machine,computational,He's just mad he let me keep the espresso machine.  We heard from Doctor Hudson?,0.525,computational
1990,1995,copycat,radio,communication,"That was Bundy.  He killed forty of them, identical, long hair, parted in the middle, alike as Barbie dolls.  ...this is hopeless.  Let's try to get time for a police spokesman to appear on college radio and TV hookups and broadcast a warning?",0.8148148148148148,communication
1990,1995,copycat,tv,communication,"That was Bundy.  He killed forty of them, identical, long hair, parted in the middle, alike as Barbie dolls.  ...this is hopeless.  Let's try to get time for a police spokesman to appear on college radio and TV hookups and broadcast a warning?",0.8148148148148148,communication
1990,1995,copycat,tv,communication,This is the anniversary of the summer of love and your city fathers have declared a Festival of Love.  The Mayor and Chamber of Commerce don't want TV announcing killers on the loose.,0.8087431693989071,communication
2000,2004,crash,machine,computational,"Minute flecks were spattered across the seat and steering wheel. The instrument panel was buckled inwards, cracking the clock and the speedometer dials. The cabin was deformed, and there was dust and glass and plastic flakes everywhere inside. The carpeting was damp and stank of blood and other body and machine fluids.",0.953125,computational
2000,2007,crazy love,tv,communication,It's TV heaven.,0.3333333333333333,communication
2000,2003,crime spree,phone,communication,"I swear man, I don't know. They packed up and left a half hour ago.  All I got is one of their phone numbers in Paris.",0.8050847457627118,communication
2000,2003,crime spree,phone,communication,You're calling me on is phone?,0.8,communication
2000,2003,crime spree,phone,communication,"You're calling me on your cell phone, right?",0.7045454545454546,communication
2000,2003,crime spree,phone,communication,You told me that on the phone. What the hell are you doing here? Showing off your communication skills? Go back to your people and tell them when they're serious to put a number on the table.,0.1256544502617801,communication
2000,2003,crime spree,phone,communication,Why do I always have to answer the phone?,0.8536585365853658,communication
2000,2003,crime spree,radio,communication,"Hey, idiot -- I've got stolen wheels and a stolen radio in the car.",0.746268656716418,communication
2000,2003,crime spree,tv,communication,"Hey, it's not your picture on the TV, it's mine. So, try to be cool.",0.5,communication
2000,2003,crime spree,machine,computational,Oh really? Thanks. I thought it was a sewing machine. What the hell is it doing here?,0.5294117647058824,computational
1990,1999,cruel intentions,television,communication,Hmmm. I do believe Bravo is showing Spartacus on television tonight.,0.7205882352941176,communication
1990,1999,cruel intentions,internet,computational,"Would you cut the psycho babble bullshit, mom. There's pictures of me on the internet.",0.8953488372093024,computational
1990,1999,cruel intentions,phone,communication,"But I can't even see her. She doesn't have her own phone, I don't even know her e-mail address.",0.5368421052631579,communication
1980,1987,the curse,phone,communication,"Frida, this is a bad time. We're having sex and George actually answered the phone.",0.927710843373494,communication
1980,1987,the curse,phone,communication,"What I really hated about dating was the lines guys used to get into my apartment. ""Can I use your phone?"" ""How about a nightcap?"" ""I want to meet your cat."" And my all-time favorite, the old standby, ""I have to use your bathroom.""",0.42857142857142855,communication
1980,1987,the curse,tv,communication,I do development for TV movies.,0.6774193548387096,communication
1990,1993,dave,television,communication,"Well, start by going on television and saying that he's had a mild stroke...",0.3157894736842105,communication
1980,1985,day of the dead,signal,communication,"If you could knock out the central communications room you could foul up their whole intercom system. Then, if you move fast enough, stay ahead of 'em...without bein' able to signal each other, they might have a hard time catchin' you.",0.7446808510638298,communication
1990,1998,deep rising,signal,communication,I assume somebody up there has made sure no distress signal can be sent.,0.7361111111111112,communication
1990,1993,demolition man,computer,computational,Witnesses say some wacko went Judge hunting with a late model.  I got an artist working on a computer composite now.,0.8017241379310345,computational
1990,1993,demolition man,data,computational,That's not your zone.  Stick to data entry.,0.7441860465116279,computational
1990,1993,demolition man,telephone,communication,Telephone repairman.,0.0,communication
1990,1993,demolition man,computer,computational,You can't catch this man with a computer.,0.7804878048780488,computational
1990,1993,demolition man,television,communication,I'm not fond of television comedies.,0.4444444444444444,communication
1990,1993,demolition man,data,computational,"Jesus, Sanchez... what do you think you're doin'?  That's flatfoot data. You're not supposed to have access to that.",0.5775862068965517,computational
1980,1988,die hard,radio,communication,"What am I, a method actor?  Hans, babe, put away the gun.  This is radio, not television...",0.7362637362637363,communication
1980,1988,die hard,television,communication,"What am I, a method actor?  Hans, babe, put away the gun.  This is radio, not television...",0.7362637362637363,communication
1980,1988,die hard,screen,computational,"No, but it's gonna need one hell of a paint job and a shitload of screen doors.  One spotters say you got two with that blast.",0.5238095238095238,computational
1980,1988,die hard,radio,communication,"-- all we know?  We don't know shit, Powell.  If there's hostages why hasn't anyone asked for ransom?  If there's terrorists, where's their goddamn list of demands?  All we know is that someone shot up your car, and it could be the same flake you've been talking to on the radio!",0.978494623655914,communication
1970,1975,dog day afternoon,tv,communication,"Jesus - what - I'm afraid - I'm gonna get shot or whatever.  You oughta see it on TV, the guns, the cops, they got cannon, machine guns, they're loaded with gear.",0.5061728395061729,communication
1970,1975,dog day afternoon,machine,computational,"Jesus - what - I'm afraid - I'm gonna get shot or whatever.  You oughta see it on TV, the guns, the cops, they got cannon, machine guns, they're loaded with gear.",0.5061728395061729,communication
1970,1975,dog day afternoon,tv,communication,"Hey, Sonny!  I'm watchin' it on TV!",0.9142857142857143,communication
1970,1975,dog day afternoon,phone,communication,"All right!  He didn't do it.  All right?  Now... would you get the fuck off the phone?  I'll bet that really changed them, huh?  Anyway, Leon... did I do it for you?",0.48484848484848486,communication
1970,1975,dog day afternoon,phone,communication,Are they on the phone still?,0.5714285714285714,communication
1970,1975,dog day afternoon,phone,communication,"All right, enough!  Who the fuck is on the phone... anyway?  Is that you Moretti?  You on the phone?  Will somebody talk to me?",0.33858267716535434,communication
1970,1975,dog day afternoon,phone,communication,"Who's on the phone, now?  What do you mean... throw it on you?  You knew it, right?",0.1566265060240964,communication
1970,1975,dog day afternoon,phone,communication,Look... who's on the phone?,0.7777777777777778,communication
1970,1975,dog day afternoon,phone,communication,"That's great.  Just terrific.  You talk to me with them on the phone, right?  That is really smart.  And, you don't tell me?",0.5080645161290323,communication
1970,1975,dog day afternoon,phone,communication,Where are they now?  Just tell me... are they on the phone now?,0.8412698412698413,communication
1970,1975,dog day afternoon,phone,communication,"I'm not on the phone to talk to you about that.  Well, I don't know what to say, Leon.  When you gimme that... when you hit me with that shit.  I mean, what am I supposed to say?",0.08426966292134831,communication
1970,1975,dog day afternoon,phone,communication,Yeah... obviously you don't... when you put a gun to somebody's head... and you say go to sleep so that it won't hurt when I pull the trigger. Death?  Don't talk about death to me.  I have been living with death for the last six months.  Why do you think I'm in the hospital?  I take a handful of pills to get away from you.  And then here I am out of the hospital talking to you on the phone... again.  I have no friends left.  No job.  I can't live.  I have to live with people. This death business... I'm sorry!,0.7529182879377432,communication
1970,1975,dog day afternoon,telephone,communication,How is he gonna hurt you on the telephone?,0.7619047619047619,communication
1970,1975,dog day afternoon,phone,communication,One word.  You won't find it in the phone book.,0.7659574468085106,communication
1970,1975,dog day afternoon,television,communication,I guess he didn't appreciate your use of language.  They don't speak that way on television.  It's a rule.  Do you realize you've cut off a valuable source of communication?,0.4682080924855491,communication
1970,1975,dog day afternoon,tv,communication,The TV ... they want to talk to you ...,0.10256410256410256,communication
1970,1975,dog day afternoon,television,communication,"Hey, girls -- I was on television...",0.6388888888888888,communication
1970,1975,dog day afternoon,tv,communication,It was on the TV.,0.8235294117647058,communication
1970,1975,dog day afternoon,tv,communication,He was talkin' about arrangements ... we were talkin' about the TV.,0.9552238805970149,communication
1970,1975,dog day afternoon,tv,communication,Mom - I got it all worked out; it's over.  The best thing is you go home.  Watch it on TV.,0.9666666666666667,communication
1970,1975,dog day afternoon,tv,communication,"What do you want here, Ma?  You could of watched it on TV.",0.9482758620689655,communication
1970,1975,dog day afternoon,tv,communication,"Yeah!  We're hot entertainment, right?  You got me and Sal on TV ... we're entertainment you sell, right?",0.5904761904761905,communication
2000,2005,domino,phone,communication,"What happened to my money, Mr. Williams? <b> INT. CLAREMONT WILLIAMS III BOND AGENCY -- NEXT </b> Claremont sits behind his desk with his phone to his ear.",0.8903225806451613,communication
2000,2005,domino,network,computational,Your son... and your nephew have been kidnapped by these crazy game show hosts from the Fox network. <b> INT. CIGLIUTI COMPOUND -- MASTER BEDROOM -- NEXT </b> Cigliuti sits up in bed.,0.5027322404371585,computational
2000,2005,domino,phone,communication,<i>The combination code is tattooed on his right arm. You'll never get inside Edna Fender's safe without the code-breaker on that arm.</i> <b> INT. CAST WINNEBAGO -- NEXT </b> Domino rides shotgun with her CELL PHONE to her ear.,0.9254385964912281,communication
2000,2005,domino,television,communication,He's a reality television producer. His name is Mark Weiss.,0.2542372881355932,communication
2000,2005,domino,television,communication,"<i>After dad passed on, Mum's agenda was to hit the town and find another husband with a boatload of cash.</i> <b> INT. LONDON APARTMENT -- EVENING </b> Sophie is dolled up for a night on the town... CLEAVAGE spilling out of her cocktail dress. Domino is feeding her pet GOLDFISH. ""THUNDERBIRDS"" plays on the television.",0.965625,communication
2000,2005,domino,telephone,communication,<i>I was asleep in mum's guest house.</i> <b> INT. SOPHIE THOMAS MANSION -- BEDROOM -- NEXT </b> Domino is asleep in bed. The TELEPHONE rings.,0.8873239436619719,communication
2000,2005,domino,television,communication,SPEAK ENGLISH! JESUS CHRIST WE'RE ON TELEVISION HERE!,0.6981132075471698,communication
2000,2005,domino,television,communication,This could break new ground in terms of traditional host models. It's self-reflexive reality television.,0.8942307692307693,communication
2000,2005,domino,television,communication,Send her through to the conference room. <b> INT. FOX TELEVISION STUDIOS -- LOBBY -- NEXT,0.6067415730337079,communication
1980,1989,do the right thing,radio,communication,"I almost had to yoke him this afternoon.  Tell me, tell me, Radio Raheem, to turn my music down. Didn't even say please.  Who the fuck he think he is?  Don Corleone and shit.",0.3448275862068966,communication
1980,1989,do the right thing,radio,communication,"Motherfuck a window, Radio Raheem is dead.",0.5,communication
1980,1989,do the right thing,phone,communication,"Mookie, get offa da phone.",0.7692307692307693,communication
1980,1989,do the right thing,phone,communication,Fuck you and stay off the phone.,0.8125,communication
1980,1989,do the right thing,radio,communication,"Mister Radio Raheem, I can't even hear myself think.  You are disturbing me and you are disturbing my customers.",0.0625,communication
1980,1989,do the right thing,phone,communication,"Sal's Famous Pizzeria, yeah, two large pizzas, pepperoni and anchovies, hold on...  See, Pop, Mookie fucking talking on the phone and people are trying to call in orders.  He's making us lose business.",0.6169154228855721,communication
2000,2003,dumb and dumberer: when harry met lloyd,phone,communication,So what did you say to my parents on the phone?,0.8723404255319149,communication
2000,2003,dumb and dumberer: when harry met lloyd,phone,communication,"One phone call from the principal will take care of that, my dear.",0.06060606060606061,communication
1990,1994,ed wood,television,communication,Ach!  How do they expect a Hungarian to pronounce this dialogue?  This live television is madness!,0.7755102040816326,communication
1990,1994,ed wood,screen,computational,We thought Mr. Lugosi was insured though the Screen Actors Guild.,0.6923076923076923,computational
1990,1994,ed wood,screen,computational,"Screen Classics?  Hmm, don't know them.",0.0,computational
1990,1994,ed wood,screen,computational,"I just made this picture, over at Screen Classics.  It opens next week.",0.4788732394366197,computational
1990,1994,ed wood,phone,communication,"Hmm.  There's five-hundred guys in town who can tell me the same thing. You said on the phone you had some kind of ""special qualifications.""",0.6285714285714286,communication
1990,1994,ed wood,radio,communication,"Nah, 'cause I had my comic books. And I read pulp magazines.  And I listened to the radio dramas...",0.8484848484848485,communication
1990,1994,ed wood,tv,communication,You want me to show it on my TV program?  Well I got nothing to do with that.  You should call up the station manager at Channel Seven --,0.2116788321167883,communication
1990,1999,edtv,tv,communication,"At the point -- I don't -- Look you'd be on TV maybe one or two times each. I'11 try to avoid I'11 go out of my way to avoid, getting together with you. Believe me.",0.2682926829268293,communication
1990,1999,edtv,tv,communication,"We're going to get you a bodyguard, don't worry. Ed, I have some news for you. We're picking up Ed TV for another month!",0.825,communication
1990,1999,edtv,network,computational,"I've got this great idea. We put together a video. ""The Network Executives Goofiest Moments."" And listen, i've really loved working here.",0.40875912408759124,computational
1990,1999,edtv,tv,communication,"I'm telling you, it's peaked. Ed TV is an over-inflated balloon. Get it off before it explodes all over us.",0.308411214953271,communication
1990,1999,edtv,tv,communication,"Yeah, a thing. He became a big hero. He was on TV and there was a parade and a movie about him",0.5,communication
1990,1999,edtv,tv,communication,"Yeah, what - they put some schmuck on TV all day long or something?",0.5671641791044776,communication
1990,1999,edtv,tv,communication,Oh my god! On TV!,0.8235294117647058,communication
1990,1999,edtv,television,communication,"I don't care what he says. Look, I don't need to relive this. On television!",0.8552631578947368,communication
1990,1999,edtv,machine,computational,"Ma, do you know where Ray is? I've been calling him and I'm getting his machine and --",0.8372093023255814,computational
1990,1999,edtv,tv,communication,Are the TV people with you?,0.2962962962962963,communication
1990,1999,edtv,tv,communication,Everybody's making audition tapes for that Real TV thing.,0.8421052631578947,communication
1990,1999,edtv,network,computational,"All right, I'11 pay for the parking. Big network!",0.8367346938775511,computational
1990,1999,edtv,phone,communication,So act now. Here's Ed's home phone number.,0.6904761904761905,communication
1990,1999,edtv,tv,communication,"But facts! They have to be verified. Anything from their past, their present, business, personal -- arrests, affairs ... And whoever comes up with the sleaziest, most degrading material -- I'11 give you ten thousand dollars. And you get to be on Ed TV.  Hah?",0.9651162790697675,communication
1990,1999,edtv,tv,communication,"My lovely assistant, Shari. I'm glad you asked. The contest is who can dig up -- legally, of course -- I'm not suggesting that anyone break any laws -- the most embarrassing and humiliating facts about any of the executives here at the North American Broadcasting System which owns Real TV.",0.9896551724137931,communication
1990,1999,edtv,tv,communication,Yeah... I saw that girl come on to you at the TV show.,0.8518518518518519,communication
1990,1999,edtv,phone,communication,I tried to tell you over the phone -- my parents went to Atlantic City.,0.4084507042253521,communication
1990,1999,edtv,machine,computational,"You know, the big machine that cleans the ice.",0.391304347826087,computational
1990,1999,edtv,tv,communication,Weird? If this happened last month it would've been weird. Now with... the TV and... now it's just too weird.,0.6880733944954128,communication
1990,1999,edtv,television,communication,I kissed my boyfriend's brother on television!,0.7608695652173914,communication
1990,1999,edtv,tv,communication,"No, no, I -- as soon as you came in tonight I said to John, ""Boy Shari looks beautiful."" I said it on TV so you can ask anybody who saw it.",0.7338129496402878,communication
1990,1999,edtv,network,computational,"And each contestant gets one of these.  An ""I tried to screw a network executive"" tee-shirt.",0.6847826086956522,computational
1990,1999,edtv,tv,communication,"I commit. I take a chance. You wanted to be the guy on TV, but you didn't want to say you wanted to. So you have me talk you into it so you get what you want, but if it goes bad it's not your fault.",0.2777777777777778,communication
1990,1999,edtv,television,communication,That's right. You put Cliff on television. So then he decided he was too good for her and he left.,0.3163265306122449,communication
1990,1999,edtv,tv,communication,"It's the receptionist at one of the places I service video equipment -- she's very pretty and, you know, she never even talks to me and then today I come in and she's all ""I saw you on TV the other night... You were so great ... "" Next thing I know we're ...",0.7170542635658915,communication
1990,1999,edtv,tv,communication,"So you saw me on TV and you said ""Hey, let me jump on this.""",0.2833333333333333,communication
1990,1999,edtv,television,communication,"Look, my life is not so great, that I want it shown on television. And neither is yours.",0.625,communication
1990,1999,edtv,tv,communication,Everyone has foibles. Then the whole country sees them on TV and mocks them. Then we have... mocked foibles.,0.5370370370370371,communication
1990,1999,edtv,tv,communication,"What happened? You described this ""crazy-kooky"" family who'd be a million laughs on TV?",0.9655172413793104,communication
1990,1999,edtv,tv,communication,"Oh, an TV a minute and already an attitude.",0.16279069767441862,communication
1990,1999,edtv,tv,communication,Some more make-up wouldn't do you any harm. On TV you look a little washed out.,0.5949367088607594,communication
1990,1999,election,phone,communication,"Don't you smartass me!  Don't you dare smartass me!  You just shut your mouth I  Now your mother and I have had a long talk with Halt Hendricks  --- we just got off the phone with him at home. You know, he doesn't want you back at Millard.  He's fed up with you.  Fed up!  And I don't blame him!",0.5728813559322034,communication
1990,1999,election,radio,communication,"And on Halloween we could have a haunted house.  But a really good haunted house, not like those cheesy bad ones.  You know, more like the radio station ones.  This one would be really scary.  And for Homecoming -- well, you know how last year's theme was -",0.5408560311284046,communication
1990,1997,l.a. confidential,screen,computational,The silver screen's loss is your gain.,0.2894736842105263,computational
1990,1997,l.a. confidential,phone,communication,I want D.A. bureau men to tail Dudley Smith twenty-four hours a day; I want you to get a judge to authorize a wire tap on his home phone; I want authorization to check his bank records and I want it all in an hour.,0.6121495327102804,communication
1990,1997,l.a. confidential,screen,computational,He's queer too.  Metro paid him two grand a week to fake it with ingenues.  On screen and off.  I'm getting him to fuck the D.A. for a hundred bucks.  That's twice the fifty you got for wrecking his career.,0.38349514563106796,computational
1990,1997,l.a. confidential,phone,communication,This is Sgt. Vincennes. Requesting a name and address on a phone number.  Hollywood zero-one- two-three-nine.,0.5412844036697247,communication
1990,1998,enemy of the state,phone,communication,He didn't give you an address? He didn't give you a phone number?,0.8,communication
1990,1998,enemy of the state,phone,communication,AmeriTech's data-base.  There's Albert's D.C. office address and his phone's identity code. Now we just reprogram out phone with his ID code and you know what we've got?,0.40828402366863903,communication
1990,1998,enemy of the state,data,computational,AmeriTech's data-base.  There's Albert's D.C. office address and his phone's identity code. Now we just reprogram out phone with his ID code and you know what we've got?,0.40828402366863903,communication
1990,1998,enemy of the state,phone,communication,I know my phone number and I know the number for SportsPhone. Beyond that--,0.13333333333333333,communication
1990,1998,enemy of the state,phone,communication,What do you know about locking cellular phone signals?,0.7407407407407407,communication
1990,1998,enemy of the state,digital,computational,That was twenty years ago. With digital? They can suck a salt grain off a beach.,0.4,computational
1990,1998,enemy of the state,phone,communication,"Meade has 18 underground acres of computers. They scan <u>every</u> phonecall for target words like ""bomb"" or ""President"". We red-flag phone numbers or voice prints...whatever we wanted. When the computers found something, it was bounced to comparative analysis.",0.5152671755725191,communication
1990,1998,enemy of the state,phone,communication,I intercepted phone calls.,0.5384615384615384,communication
1990,1998,enemy of the state,phone,communication,You don't get it. They go through your phone records. They fuckin' monitor everyone you called in the last--,0.3611111111111111,communication
1990,1998,enemy of the state,phone,communication,A receiver tuned permanently to the Senator's phone.,0.8846153846153846,communication
1990,1998,enemy of the state,computer,computational,"I was in a car chase and a small explosion. Now listen to me: The NSA is behind this. They think that guy I told you about, Daniel Zavitz, they think Zavitz gave me a tape or computer chip of some kind that could be damaging to them. So they're doing all these things <u>electronically</u>. The bank records, the surveillance. They're the ones who broke into the house. Now I know there's no reason to believe me. But I love you. And I love our son. So just believe me anyway.  Please.",0.36082474226804123,computational
1990,1998,enemy of the state,phone,communication,So you tap everyone's phone? You use computers to probe financial records? New Search and Seizure laws?,0.21359223300970873,communication
1990,1998,enemy of the state,phone,communication,It's okay to use the phone.,0.7777777777777778,communication
1990,1998,enemy of the state,tv,communication,"They didn't take the jewelry. They took the computers. They took the big-screen TV, they took my blender.",0.7619047619047619,communication
1990,1998,enemy of the state,screen,computational,"They didn't take the jewelry. They took the computers. They took the big-screen TV, they took my blender.",0.7619047619047619,communication
1990,1998,enemy of the state,machine,computational,"They took the espresso machine. The <i>espresso</i> machine, Jerry! Which makes sense, you know, because the crooks probably wanted to make themselves a latte before fencing the stereo.",0.12432432432432433,computational
1990,1998,enemy of the state,phone,communication,Dick Burns got a phone call this morning from someone wanting information on you.,0.20987654320987653,communication
1990,1998,enemy of the state,digital,computational,"Zavitz had digital compression equipment. He could've downloaded into something. A disk, a chip, anything small enough to put in his pocket and run with. Whatever he put it in, he dropped it in that bag.",0.054187192118226604,computational
1990,1996,the english patient,radio,communication,"No!  NO!  Don't radio anybody, just give me the fucking jeep!",0.26229508196721313,communication
1990,1996,the english patient,radio,communication,I understand you are agitated - perhaps you would like to sit down while I radio back to HQ -,0.8064516129032258,communication
1990,1999,entrapment,phone,communication,This was my first excuse to get away. I can't exactly use my cell phone.,0.9166666666666666,communication
1990,1999,entrapment,computer,computational,With that computer--nobody better. Out there...it's different. You twisted your ankle stepping over a curb on Madison Avenue.,0.08,computational
1990,1999,entrapment,computer,computational,That's great if you're a computer. In the real world that pane weighs 200 pounds. The building's 600 feet high.,0.22522522522522523,computational
1990,1999,entrapment,phone,communication,There are times when you don't answer the phone.,0.875,communication
1990,1999,entrapment,computer,computational,"Access codes to the vault are changed daily, passwords for our computer on the hour...",0.7325581395348837,computational
1990,1999,entrapment,computer,computational,Nope. The CD instructs the computer to replace those instructions with an innocuous loan coded XJ-6.,0.27,computational
1990,1999,entrapment,computer,computational,"But those instructions, they're recorded in the computer.",0.8421052631578947,computational
1990,1999,entrapment,computer,computational,"It's taken me five years at Webber Insurance, nights, weekends, every spare minute, to make this CD. It has all the necessary instructions and confirmation codes to tell their computer to transfer reasonably modest sums out of thousands of those accounts, two, or three million at a crack. Total, eight billion and change.",0.546583850931677,computational
1990,1999,entrapment,data,computational,Currency data so we can do optimum conversions at the moment of transfer.,0.1232876712328767,computational
1990,1999,entrapment,screen,computational,Had to get a liquid plasma screen.,0.7941176470588235,computational
2000,2000,erin brockovich,phone,communication,"From their tone of voice on the phone, I'd say they're taking us more seriously.",0.4,communication
2000,2000,erin brockovich,phone,communication,"Another raise wouldn't hurt.  And with all the time I'm gonna be spending on the road, I'll probably be needing my own cel phone, won't I?",0.8913043478260869,communication
2000,2000,erin brockovich,phone,communication,"I'm telling you, the minute Brenda sent the fax -- I'm talking the second she pressed that send button -- PG&E claims department is on the phone to me, scheduling a meeting.",0.8034682080924855,communication
2000,2000,erin brockovich,machine,computational,"I was working in the compressor, and out of nowhere the supervisor calls me up to the office and says, we're gonna give you a shredder machine, and send you on down to the warehouse.  We want you to get rid of all the documents stored out there.",0.5510204081632653,computational
2000,2000,erin brockovich,phone,communication,Erin.  You don't even have phone numbers for some of them.,0.46551724137931033,communication
2000,2000,erin brockovich,phone,communication,"I'm not gonna quit cause of one creepy phone call, George.",0.6724137931034483,communication
2000,2000,erin brockovich,phone,communication,"I <u>can't</u> call an exterminator.  I can't afford one.  God, I can't even afford my <u>phone</u>.  I got fired.",0.7894736842105263,communication
2000,2000,erin brockovich,phone,communication,"Yeah.  Sexy, huh?  And here's another: five. That's how old my other daughter is.  Seven is my son's age.  Two is how many times I been married and divorced.  You getting all this?  16 is the number of dollars in my bank account.  454-3943 is my phone number. And with all the other numbers I gave you, I'm guessing zero is the number of times you're gonna call it.",0.673972602739726,communication
2000,2000,erin brockovich,computer,computational,I moved payroll onto the computer.  It only knows to process paychecks for employees who log on in the morning and off at night.,0.1953125,computational
2000,2000,erin brockovich,ai,computational,"Ai, bueno.  Because I didn't want to tell you before, with your worries --",0.0,computational
1980,1982,star wars: the empire strikes back,signal,communication,And code the signal to my private chamber.,0.30952380952380953,communication
1980,1982,star wars: the empire strikes back,machine,computational,"Difficult to see.  Always in motion is the future ... Back away, little machine!",0.9,computational
1990,1996,escape from l.a.,device,computational,"Somehow during the tour, she came into possession of a prototype transmitting device. We don't know how.",0.75,computational
1970,1973,the exorcist,radio,communication,"Momma I can take you somewhere to a place where you wouldn't be alone. There'd be people around, you know you won't have to sit here listening to the radio.",0.9615384615384616,communication
1980,1989,the fabulous baker boys,television,communication,"Jack, you're on television.",0.5925925925925926,communication
1980,1989,the fabulous baker boys,radio,communication,She threw a goddamn radio into the bathtub. How do you explain that?,0.29411764705882354,communication
1980,1989,the fabulous baker boys,radio,communication,Maybe we should just listen to the radio.,0.8536585365853658,communication
1980,1989,the fabulous baker boys,phone,communication,"Good morning, gentlemen.  I'm Mr. Daniels, the manager.  I believe I've spoken to one of you on the phone.",0.9433962264150944,communication
1980,1989,the fabulous baker boys,phone,communication,Yes.  I supposed you still have that old phone booth.,0.7735849056603774,communication
1980,1989,the fabulous baker boys,tv,communication,Process server. Ma said it's like a lawyer only the hours are more regular.  All I know's he came to take the TV one afternoon and ended up staying for dinner.  And breakfast.,0.6285714285714286,communication
2000,2000,the family man,phone,communication,And look where it's led you...  I'm gonna get her on the phone...,0.8769230769230769,communication
2000,2000,the family man,signal,communication,"Whats this, a signal? Will you come whenever I ring it?",0.26785714285714285,communication
2000,2000,the family man,phone,communication,"My office is a dump, I answer my own phone...and youve seen my pay check.",0.5,communication
2000,2000,the family man,phone,communication,"Yes, Im fine.  Its just this god awful football phone!  Who has a phone like this anyway?!",0.5434782608695652,communication
1990,1994,the fantastic four,machine,computational,"Ben, I've been crunching the numbers on the machine.  I think if we can rework the power settings...",0.44,computational
1990,1994,the fantastic four,machine,computational,The machine works.  And Vic's gone Mister Hyde on us --,0.07272727272727272,computational
1990,1994,the fantastic four,machine,computational,"He couldn't generate enough power for the machine to reach critical mass. Yet another mistake for ""Mr. Fantastic.""",0.3684210526315789,computational
1990,1994,the fantastic four,machine,computational,To help you.  I've run every test known to man.  And they all yield the same result: <u>the machine is ready</u>.,0.8141592920353983,computational
1990,1994,the fantastic four,machine,computational,But I'm not done with the machine --,0.7222222222222222,computational
1990,1994,the fantastic four,data,computational,"He was going to take away all my data, equipment --",0.6470588235294118,computational
1990,1994,the fantastic four,machine,computational,"If we can build a machine to re-create the storm, we can reverse the polarity --",0.225,computational
1990,1994,the fantastic four,data,computational,"He's working round the clock.  But the data needs to be tested, analyzed before --",0.47560975609756095,computational
1960,1966,fantastic voyage,radio,communication,That blip we're picking up might only be the radio-active particle. The Proteus may already be destroyed...,0.4205607476635514,communication
1960,1966,fantastic voyage,radio,communication,Nothing you could see with the naked eye. But there's a microscopic radio-active particle inside.,0.7010309278350515,communication
1990,1996,fargo,phone,communication,"The numbers y'asked for, calls made from the lobby pay phone at the Blue Ox. Two to Minneapolis that night.",0.514018691588785,communication
1990,1996,fargo,phone,communication,"No, no. See - they, no, see, they only deal with me. Ya feel this, this nervousness on the phone there, they're very - these guys're dangerous -",0.6319444444444444,communication
1990,1996,fargo,phone,communication,"All right, Jerry, you got this phone to yourself?",0.6326530612244898,communication
1990,1996,fargo,phone,communication,"Pretty good, Mr. Lundegaard.  You're damned hard to get on the phone.",0.9130434782608695,communication
1990,1996,fargo,tv,communication,"I was so... I been so... and then I saw you on TV, and I remembered, ya know... I always liked you...",0.46534653465346537,communication
1990,1996,fargo,tv,communication,"Yah, I'm down in the Twin Cities and I was just watching on TV about these shootings up in Brainerd, and I saw you on the news there.",0.45112781954887216,communication
1990,1999,fight club,tv,communication,Bob was a champion bodybuilder.  You know that chest expansion program you see on TV?  That was his idea.,0.780952380952381,communication
1990,1999,fight club,machine,computational,"""Abuse"" the copy machine.  There's an image.",0.38636363636363635,computational
1990,1999,fight club,machine,computational,You don't get paid to abuse the copy machine.,0.8222222222222222,computational
1990,1999,fight club,machine,computational,I must've left the original in the copy machine.,0.8333333333333334,computational
1990,1999,fight club,phone,communication,I star-sixty-nined you.  I never pick up my phone.  What's up?,0.7096774193548387,communication
1990,1999,fight club,tv,communication,This time maybe get a widescreen TV. You'll be occupied for weeks.,0.5,communication
1990,1999,fight club,machine,computational,What he wanted?  Look... look at him. Look at him!  What does he want?  This is a person.  This is not a cog in your machine...,0.9212598425196851,computational
2000,2003,final destination 2,machine,computational,I was dead.  And came back to life. An EEG machine.  Where's Eugene?,0.6323529411764706,computational
2000,2003,final destination 2,radio,communication,The songs on the radio.  But wait.  I don't understand.  Why is this even happening to me?,0.18888888888888888,communication
2000,2003,final destination 2,phone,communication,Does she have a cell phone?  A way we can contact her?,0.3888888888888889,communication
2000,2003,final destination 2,radio,communication,"Last July I dialed a wrong number and got a radio station by accident. They asked me what number means ""good luck"" in Jewish.",0.352,communication
2000,2003,final destination 2,phone,communication,More than that.  All the songs on the radio were about car crashes. Some kid's banging toy cars together.  She was dialing her cell phone with her headset on.  His car was leaking oil all over the road.,0.6534653465346535,communication
2000,2003,final destination 2,radio,communication,More than that.  All the songs on the radio were about car crashes. Some kid's banging toy cars together.  She was dialing her cell phone with her headset on.  His car was leaking oil all over the road.,0.6534653465346535,communication
2000,2003,final destination 2,phone,communication,"You have everything, Kimberly? Credit card, cell phone, AAA card?",0.7538461538461538,communication
1980,1985,rambo: first blood part ii,radio,communication,No radio source.  Nothing for the bad guys to triangulate on.,0.04918032786885246,communication
1980,1985,rambo: first blood part ii,radio,communication,They heard about escaped prisoner on radio.  Make deal.  More than we pay.,0.5,communication
1980,1985,rambo: first blood part ii,computer,computational,We like you.  At least the computer at Langley likes you.  Pulled your file because of various factors.  Service record. Area familiarity.,0.1956521739130435,computational
1980,1985,rambo: first blood part ii,machine,computational,Hard to believe.  You shoot up one little town in Oregon with a fifty caliber machine gun... one little dogpatch town... and everybody figures your wrapper's broken.  No sense of humor.  What did you expect?  An engraved plague from the chamber of commerce?,0.3035019455252918,computational
1990,1991,the fisher king,phone,communication,... I don't get a friggin' phone call.  You stroll in here at noon.  I got... two people out sick.  Ya think I need this?  I Do Not Need This!,0.19014084507042253,communication
1990,1991,the fisher king,tv,communication,Because it makes me feel good to see how not funny it is and how America doesn't know the first thing about funny which makes it easier not being a famous funny TV celebrity because that would just mean that I'm not really talented.,0.6939655172413793,communication
1990,1991,the fisher king,phone,communication,And then we'll exchange phone numbers and you'll leave and never call and I'll go to work and feel great for the first hour and then slowly turn into a piece of dirt by lunch.  Why am I putting myself through this?  It was very nice... uh meeting you. Good night..,0.09090909090909091,communication
1970,1970,five easy pieces,tv,communication,"Your little friend's real sharp there...  Yeah, I don't like to wear the wig on TV, because with two and a half million people watching you, you've gotta be sincere. I just like to wear it when I'm out slippin' around bowling alleys an' things like that. I think it gives me a little more class, don't you?",0.26143790849673204,communication
1970,1970,five easy pieces,tv,communication,"Yeah, I told her it was you, but that you're wearing a wig, 'cause on TV you're mostly bald in the front.",0.6666666666666666,communication
1970,1970,five easy pieces,tv,communication,She says you're the one that sells all the cars on TV.,0.9444444444444444,communication
1970,1970,five easy pieces,tv,communication,Am I on TV?,0.7272727272727273,communication
1970,1970,five easy pieces,tv,communication,"The TV. There's some good things on it, sometimes.",0.08,communication
1970,1970,five easy pieces,television,communication,"John believes in the basic goodness of man, and that's fine, but gaze into the pit like I have and that view seems a little soporific. And not unlike television, it hardly represents the real world...",0.75,communication
1980,1985,fletch,tv,communication,She was sleeping with everybody. The cable TV guy. You can't get lower than that...,0.5180722891566265,communication
1980,1985,fletch,tv,communication,"I couldn't sit home and play the mournful widow anymore, and the police didn't need me, so I tried watching a Lakers game on TV, but the announcer talked to fast and I couldn't understand a lot of what was happening, so I figured if I came down here maybe you could explain the rules to me, and besides, I missed you.",0.3943217665615142,communication
1990,1990,the adventures of ford fairlane,data,computational,"Hmmm, the first disc was putting out an incomprehensible stream of high bits.  This one is putting out low bits.  The data is in some fucked binary system.  The two discs need to interface simultaneously with a third decryptor disc.  Comprendo?",0.48360655737704916,computational
1990,1990,the adventures of ford fairlane,computer,computational,Quiet.  Tell me you tapped in the police computer and found out lots of good stuff about Art Mooney...,0.4019607843137255,computational
1990,1990,the adventures of ford fairlane,radio,communication,"That's for me... Radio contests, really Ford, how tacky...",0.29310344827586204,communication
1990,1990,the adventures of ford fairlane,phone,communication,Run to the nearest phone and call the police.,0.4222222222222222,communication
1990,1990,the adventures of ford fairlane,phone,communication,"You gotta be kidding!  This is unfuckingbelievable!  I have to start the evening crawling down Capital Records, I shoulda chose suicide then, but oh no, the night was young!  Next up, my guitar! The second most important thing I own and now it's toothpicks for the homeless on Hollywood Boulevard!  Then, then, after I burned up your brother, Jazz... I should say as a fucking footnote I've usually treated women like shit -- used corsages, the wet spot, you know giving out Domino's Pizza's phone number and saying it's mine... Tonight was different. I felt respect.  I felt love.  Then Jazz left me... and <u>now</u> I get to die!",0.7784810126582279,communication
1990,1990,the adventures of ford fairlane,phone,communication,"<u>Okay</u>!  Okay.  You got me.  Boy, you guys are tough.  I have the third disc.  Indeed.  I.  Do. Yes, sir.  Yeah you assholes, it's in a very safe place with instructions to have it sent directly to the police if I don't make a phone call by seven o'clock.  So if you'll excuse us...",0.8083623693379791,communication
1990,1990,the adventures of ford fairlane,computer,computational,"Actually you're a bit off in the motivation department... I mean, revenge is so... Bronson.  Wait, where's the third C.D.?  How could you come here without proof? It's a three piece set here!  A computer disc from Colleen, Bobby's computer disc, and Johnny's computer disc.  Together they make, oh fucking forget it!",0.6170886075949367,computational
1990,1990,the adventures of ford fairlane,phone,communication,I am told it is difficult to pay the phone bill with gold chains and V.C.R.s.  There's four thousand here.,0.3490566037735849,communication
1990,1990,the adventures of ford fairlane,phone,communication,"Nice getting all those phone calls from you after you hit it big, you Redhook bastard.",0.26744186046511625,communication
1970,1971,the french connection,ai,computational,"Enchanté.  Alain, j'ai réfléchi à votre proposition et j'ai décidé d'accepter.",0.2564102564102564,computational
1970,1971,the french connection,ai,computational,Je n'ai jamais vu tant de sérenité. Elle m'a demandé de tes nouvelles et si nous étions heureux.,0.052083333333333336,computational
1970,1971,the french connection,ai,computational,"Oh Alain!  C'est merveilleux!  Tu me gâtes.  Je t'aime.  Attends, je vais te montrer moi aussi ce que j'ai acheté.",0.9122807017543859,computational
1970,1971,the french connection,ai,computational,Tu sais j'ai réfléchi longuement à ton cadeau pour le voyage.  Je l'ai choisi moi-même.  Tiens.,0.10526315789473684,computational
1970,1971,the french connection,ai,computational,J'ai pas confiance en lui.,0.07692307692307693,computational
1970,1971,the french connection,phone,communication,Which is why your phone lines are tapped and the Feds are crawlin' all over you like flies.,0.1978021978021978,communication
2000,2000,frequency,radio,communication,I've been talking to Johnny...on the radio.,0.8604651162790697,communication
2000,2000,frequency,radio,communication,"Uh, huh...  Uh, huh.  And you got this from the guy you were talking to on the radio when I came in?",0.79,communication
2000,2000,frequency,radio,communication,You can talk to Julia.  Forget the radio.,0.8536585365853658,communication
2000,2000,frequency,radio,communication,"Okay, okay.  I need to go say something to Julia and finish up with the guy on the radio.",0.9325842696629213,communication
2000,2000,frequency,phone,communication,"Call the FBI.  Use a pay phone.  Don't give 'em your name, Dad.  Just tell 'em that it was Shepard who killed Finelli and Clark and the others.  That he's the Nightingale.",0.14619883040935672,communication
2000,2000,frequency,radio,communication,"What if the radio stops working?  Christ, what if I can't reach you again?",0.16216216216216217,communication
2000,2000,frequency,radio,communication,The Ham radio.  That's how come he didn't die in the fire.,0.13793103448275862,communication
1980,1986,jason lives: friday the 13th part vi,phone,communication,We have!  Trying to track you down.  The phone there is disconnected.,0.5942028985507246,communication
1980,1986,jason lives: friday the 13th part vi,tv,communication,"No, he was real.  Like on TV.",0.896551724137931,communication
1990,1993,jason goes to hell: the final friday,phone,communication,"Listen, since I got you on the phone -- ask the guys there if they wanna chip in for a hooker.  I'll send her right over.  Her name is Vicki.",0.2198581560283688,communication
1990,1993,jason goes to hell: the final friday,phone,communication,"Showing Vicki what she missed out on by being such a dull kid.  Now, the first thing you need in making a prank call is, of course, a phone.  This one, for instance.",0.8121212121212121,communication
1980,1989,friday the 13th part viii: jason takes manhattan,radio,communication,Where's the radio?,0.6666666666666666,communication
1980,1989,friday the 13th part viii: jason takes manhattan,phone,communication,There must be a phone around here somewhere.,0.36363636363636365,communication
1980,1989,friday the 13th part viii: jason takes manhattan,digital,computational,The LORAN has a digital printout of your latitude and longitude. Give me the coordinates and we'll be there as quick as we can.,0.12598425196850394,computational
1980,1989,friday the 13th part viii: jason takes manhattan,radio,communication,"Just radio for help, okay???",0.17857142857142858,communication
2000,2005,game 6,radio,communication,Why do you need a radio?,0.75,communication
2000,2005,game 6,phone,communication,"When I traveled through Asia this summer, I went to tremendous trouble and expense to rent a car with a phone so I could call up Sports Phone in New York and get the scores. I drove through the war in Afghanistan calling Sports Phone like every hour on the hour, for updates.",0.3781818181818182,communication
2000,2005,game 6,phone,communication,Steven goes to extremes to protect his privacy. No friends. No phone.,0.9130434782608695,communication
2000,2005,game 6,radio,communication,"I was all noise. Played the radio loud. Battled constantly with my brother and sister. Here I am, world.",0.2692307692307692,communication
2000,2005,game 6,machine,computational,I'm going home to my machine.,0.7241379310344828,computational
1990,1997,gattaca,phone,communication,"By the time I'm at the Belt, you phone and say, ""How are you?""  Forty-five minutes later I reply, ""Not bad.  How are you?""",0.27049180327868855,communication
1970,1972,the getaway,radio,communication,One. The radio's rappin' about $750^000. We only got a half a million.,0.12857142857142856,communication
1970,1972,the getaway,tv,communication,She's on TV.,0.75,communication
1970,1972,the getaway,phone,communication,"After you come back I'll listen while you make some phone calls, tell a few friends you've got to leave for a week or two... You have to call another Vet about the animals. You tell him to come over and take good care of them starting tomorrow... no slip-ups on that. They got to be looked after...",0.174496644295302,communication
2000,2000,get carter,telephone,communication,"You must be joking,  Keep him away from the telephone. I'm going out for a bit.",0.5569620253164557,communication
2000,2000,get carter,machine,computational,Ever been into an arcade there and put a penny in the slot machine?,0.8805970149253731,computational
2000,2000,get carter,phone,communication,Funny.  Can I phone London?,0.5185185185185185,communication
2000,2000,get carter,television,communication,"Oh, you've been watching television.",0.6944444444444444,communication
1990,1992,glengarry glen ross,telephone,communication,"What do you need? A telephone, some broad to say ""Good morning,"" nothing...nothing...",0.23529411764705882,communication
1990,1992,glengarry glen ross,machine,computational,"Shelly, the Machine, Levene.",0.42857142857142855,computational
1990,1992,glengarry glen ross,machine,computational,"Hey, hey, hey, easy friend.  That's the ""Machine."" That is Shelly ""The Machine"" Lev...",0.47674418604651164,computational
1990,1992,glengarry glen ross,phone,communication,"Well, I want to tell you something, fella, wasn't long I could pick up the phone, call Murray and I'd have your job.  You know that?  Not too long ago.  For what?  For nothing. ""Mur, this new kid burns my ass."" ""Shelly, he's out."" You're gone before I'm back from lunch.  I bought him a trip to Bermuda once...",0.24193548387096775,communication
1990,1992,glengarry glen ross,phone,communication,"They all kick out.  You run in streaks, pal.  Streaks.  I'm... I'm...don't look at the board, look at me.  Shelly Levene.  Anyone. Ask them on Western.  Ask Getz at Homestead.  Go ask Jerry Graff. You know who I am...I NEED A SHOT. I got to get on the fucking board. Ask them.  Ask them.  Ask them who ever picked up a check I was flush. Moss, Jerry Graff, Mitch himself...Those guys lived on the business I brought in.  They lived on it...and so did Murray, John. You were here you'd of benefited from it too.  And now I'm saying this.  Do I want charity?  Do I want pity?  I want sits.  I want leads that don't come right out of a phone book.  Give me a lead hotter than that, I'll go in and close it.  Give me a chance. That's all I want.  I'm going to get up on that fucking board and all I want is a chance.  It's a streak and I'm going to turn it around.  I need your help.",0.7201365187713311,communication
1990,1992,glengarry glen ross,machine,computational,"I've wanted to talk to you for some time.  For a long time, actually. I said, ""The Machine, there's a man I would work with.  There's a man..."" You know?  I never said a thing.  I should have, don't know why I didn't.  And that shit you were slinging on my guy today was so good...it...it was, and, excuse me, 'cause it isn't even my place to say it.  It was admirable...it was the old stuff.  Hey, I've been on a hot streak, so what?  There's things that I could learn from you. You eat today?",0.1680161943319838,computational
1990,1992,glengarry glen ross,phone,communication,"Williamson, get on the phone, call Mitch...",0.5348837209302325,communication
1990,1992,glengarry glen ross,machine,computational,"""Fuck the Machine""? ""Fuck the Machine""?  What is this.  Courtesy class...?  You're fucked, Rick--are you fucking nuts?  You're hot, so you think you're the ruler of this place...?!  You want to...",0.05102040816326531,computational
1990,1992,glengarry glen ross,machine,computational,"Who said ""Fuck the Machine""?",0.6785714285714286,computational
1990,1992,glengarry glen ross,machine,computational,Fuck the Machine.,0.5294117647058824,computational
1990,1992,glengarry glen ross,machine,computational,Guess what the Machine did?,0.5555555555555556,computational
1970,1974,the godfather: part ii,machine,computational,Leave her alone!  You're talking as though she has no right to be frightened when there are machine guns going off in her backyard.,0.7022900763358778,computational
1970,1974,the godfather: part ii,radio,communication,"You're a careful kid, and that's good.  But look.  An international dispatch on the wire service. American journalism, not propaganda. The government troops have all but eliminated the rebels.  All but their radio station.",0.9369369369369369,communication
1970,1974,the godfather: part ii,telephone,communication,"That is not true.  I own some stock in some of the hotels, but only very small amounts.  I also own some American Telephone and IBM stock.",0.8260869565217391,communication
1970,1974,the godfather: part ii,phone,communication,On the phone?,0.5384615384615384,communication
1990,1998,gods and monsters,tv,communication,I told you.  I don't turn on the TV except for the fights.,0.5689655172413793,communication
2000,2000,gone in sixty seconds,computer,computational,"Hell, yeah. Mirror Man here is our electronics expert. He's got some gadgets you old farts maybe never -heard of; Tumbler can drive anything with wheels, and some things without; Toby's a hacker, can do things with a computer, that are pretty amazing ...",0.8543307086614174,computational
2000,2000,gone in sixty seconds,tv,communication,I saw her get smashed-up on the TV. Knew there was no way he was gonna accept her ...,0.3764705882352941,communication
2000,2000,gone in sixty seconds,data,computational,"I logged outside the G.R.A.B. site, right? Then I monitored their incoming outside data requests, right? Then I got these ISDN numbers, right? Then I tracked them back, right? Then I took the one I could jack-up the easiest, right? Then I called back see, they think I'm an insurance company - that's where it looks like I'm coming from -- and they're sharing stats with this insurance company, right? So now they're sharing it with me, right? They think I'm looking for stats for an actuarial conference on auto-theft. So they let me in, right? Give me all these numbers. But then I don't leave, right? I'm in. I've got the key. Now I just go anywhere I want.",0.12575757575757576,computational
1990,1990,goodfellas,television,communication,"You got money for your bullshit television, don't you?  I gotta watch you swimming back and forth on TV all night long, don't I? You got money for that, but you don't have my money?",0.17679558011049723,communication
1990,1990,goodfellas,tv,communication,"You got money for your bullshit television, don't you?  I gotta watch you swimming back and forth on TV all night long, don't I? You got money for that, but you don't have my money?",0.17679558011049723,communication
1990,1990,goodfellas,phone,communication,Now this is important. Make sure you leave the house when you make the call. You understand? Do you hear me? It's important.  Call from an outside phone. I mean it.,0.8963414634146342,communication
1990,1997,good will hunting,phone,communication,You were the only Sullivan in the phone book.,0.7555555555555555,communication
1990,1997,good will hunting,phone,communication,We haven't really gotten into it. LAMBEAU Maybe you should. My phone's been ringing off the hook with job offers.,0.5575221238938053,communication
1990,1997,good will hunting,phone,communication,I guess. I don't know. How do you remember your phone number?,0.7868852459016393,communication
1940,1940,the grapes of wrath,radio,communication,"No, but--but you seen that advertisement in the Spicy Western Story magazine. Don't pay nothin'. Jus' send 'em the coupon an' you're a radio expert--nice clean work.",0.8181818181818182,communication
1940,1940,the grapes of wrath,radio,communication,"Maybe Connie went to get some books to study up with. He's gonna be a radio expert, ya know. Maybe he figgered to suprise us.",0.56,communication
1990,1997,grosse pointe blank,computer,computational,Computer guy.,0.0,computational
1990,1997,grosse pointe blank,television,communication,Bad television.,0.26666666666666666,communication
1990,1997,grosse pointe blank,television,communication,Watched television?,0.42105263157894735,communication
1990,1997,grosse pointe blank,network,computational,"I am part of a network of minds, a group of five people who are all connected, over hundreds, even thousands of miles, through the mind. We can think with each other, think for each other. I can be driving somewhere, sleeping with a woman-- whatever it is-- and at the same time be thinking a thought in someone else's mind, far away. Running someone else's brain.",0.04120879120879121,computational
1990,1997,grosse pointe blank,radio,communication,--Yes. And the Munich Olympics in '72. A local radio station started broadcasting news of the massacre two minutes before it happened.,0.35074626865671643,communication
1990,1998,the horse whisperer,phone,communication,Is this how you're going to make me pay my phone bill?,0.7962962962962963,communication
1990,1998,the horse whisperer,internet,computational,"I went on the Internet and found this article about you... It says you're a Horse Whisperer, that you... you help people with horse problems. And you have quite a success rate when it comes to traumatized --",0.06763285024154589,computational
1990,1998,the horse whisperer,computer,computational,I'm in charge. I went back very soon after the accident. They didn't expect me for a couple of months. I'll just take that time now... I can still oversee things from Montana... Take my fax... My computer...,0.9468599033816425,computational
1990,1998,the horse whisperer,phone,communication,It's on the table by the phone. I didn't know what to tell him...  ... Whether or not we were...  ... if we still we're thinking of redoing the couch.,0.16666666666666666,communication
1990,1998,the horse whisperer,phone,communication,I'm sorry about last night. I shouldn't have brought it up over the phone.,0.918918918918919,communication
1990,1998,the horse whisperer,television,communication,"I believe so. Saw it on a television show, once.",0.5416666666666666,communication
1990,1998,the horse whisperer,tv,communication,"There was this thing on the TV about a guy who does it with geese. He has this airplane and these baby geese all grow up thinking it's their mom, and he flies it and they just follow.  You hear 'bout that, Uncle T?",0.1308411214953271,communication
1990,1998,the horse whisperer,phone,communication,Probably. She's on the phone twenty- three hours a day.,0.41818181818181815,communication
1990,1998,the horse whisperer,television,communication,You want to watch some television?,0.6764705882352942,communication
1990,1998,the horse whisperer,phone,communication,The number's by the phone.,0.7692307692307693,communication
1990,1995,hackers,computer,computational,"I'm sorry, sir. We caught him by surprise, so we don't think he had time to erase his computer files.",0.8514851485148515,computational
1990,1995,hackers,signal,communication,"That's it! An electronic army! If I were us, I'd get on the internet, send out a major distress signal.",0.9320388349514563,communication
1990,1995,hackers,internet,computational,"That's it! An electronic army! If I were us, I'd get on the internet, send out a major distress signal.",0.9320388349514563,communication
1990,1995,hackers,tv,communication,"See, we're very busy. A TV network that wishes to remain nameless has expressed an interest in our show.",0.23076923076923078,communication
1990,1995,hackers,network,computational,"See, we're very busy. A TV network that wishes to remain nameless has expressed an interest in our show.",0.23076923076923078,communication
1990,1995,hackers,phone,communication,"As you can see, this is just a simple microcassette recorder.   Hook it up to the phone and drop in five bucks in quarters.",0.6666666666666666,communication
1990,1995,hackers,ai,computational,"Ai! Boom boom aiaiaiaiaee! Alright, that was a little tension breaker, that had to be done, alright?",0.0,computational
1990,1995,hackers,data,computational,"Nonononono. Truce, you guys. Listen, we got a higher purpose here, alright? A wake up call for the Nintendo Generation. We demand free access to data, well, it comes with some responsibility. When I was a child, I spake as a child, I understood as a child, I thought as a child, but when I became a man I put away childish things.  What... It's Corinthians I, Chapter 13, verse 11, no duh. Come on.",0.36432160804020103,computational
1990,1995,hackers,computer,computational,"Nope. His mom said he's grounded for his next three lifetimes.  He isn't to consort with his computer friends.  The secret service is really out to get him.  Hey there's a big party tonight, you wanna go?",0.45588235294117646,computational
1990,1995,hackers,computer,computational,"Can I cut the electricity to his room so he'll sleep normal hours? He's been playing with his computer all night for a solid week.  Well yes, he could be playing with himself. Mmm hmm. Yes I'll ask. Dade, you like girls, don't you?",0.4069264069264069,computational
1990,1995,hackers,tv,communication,I'm taking over a TV network.,0.6206896551724138,communication
1990,1995,hackers,network,computational,I'm taking over a TV network.,0.6206896551724138,communication
1990,1995,hackers,data,computational,And no one's caught it because the money isn't really gone. It's just data being shifted around.,0.7291666666666666,computational
1990,1995,hackers,machine,computational,You sure this sweet machine's not going to waste?,0.40816326530612246,computational
1990,1995,hackers,machine,computational,It's too much machine for you.,0.4666666666666667,computational
1990,1995,hackers,computer,computational,"It's a little boxy thing, Norm, with switches on it... lets my computer talk to the one there...",0.65625,computational
1990,1995,hackers,computer,computational,"Right, well my BLT drive on my computer just went AWOL, and I've got this big project due tomorrow for Mr. Kawasaki, and if I don't get it in, he's gonna ask me to commit Hari Kari...",0.16939890710382513,computational
1990,1995,hackers,computer,computational,"Must have been hell, huh? Zero Cool?  A virus has been planted in the Ellingson Mineral computer system. You were our prime suspect, till we trashed your stuff and found no trace of it.",0.4756756756756757,computational
1990,1995,hackers,phone,communication,"It got you seven years probation. No computer, couldn't even use a touch tone phone.",0.9285714285714286,communication
1990,1995,hackers,computer,computational,"It got you seven years probation. No computer, couldn't even use a touch tone phone.",0.9285714285714286,communication
1990,1995,hackers,online,computational,"Uh, the accounting subdirectory in the Gibson is working really hard. We got one person online, the workload is enough for like ten users. I think we've got a hacker.",0.5301204819277109,computational
1990,1995,hackers,data,computational,"Joey, a garbage file holds miscellaneous data. Junk. Bits of stuff that's been erased, man.",0.45054945054945056,computational
1990,1995,hackers,computer,computational,"Anyways, guys, guys, listen, listen to me. I'm in this computer right? So I'm looking around...",0.5789473684210527,computational
1990,1995,hackers,data,computational,"From here I got access to every piece of data ever stored on Dade Murphy's parents. His parents separated five years ago, reconciled two years later, filed for divorce last year, custody battle, boy chose to go with his mother. Hmm.",0.17672413793103448,computational
1990,1995,hackers,computer,computational,The FBI computer holds files on twenty million Americans.  I just hacked into it.,0.09876543209876543,computational
1990,1995,hackers,computer,computational,The little boat flipped over. A virus planted in the Gibson computer system claimed responsibility.,0.6060606060606061,computational
1980,1988,halloween 4: the return of michael myers,phone,communication,We'll be at the Fallbrooks. The number's next to the phone.,0.8983050847457628,communication
1980,1988,halloween 4: the return of michael myers,phone,communication,We're going to Ben's. The phone never just rings at a police station.,0.37681159420289856,communication
1980,1988,halloween 4: the return of michael myers,radio,communication,Where's the radio?,0.6666666666666666,communication
1980,1988,halloween 4: the return of michael myers,radio,communication,"All right Rachel, you stay by this radio. The state boys will send word once their in route. When that word comes you go tell deputy Logan.",0.2517985611510791,communication
1970,1978,halloween,phone,communication,I thought it was an obscene phone call.,0.717948717948718,communication
1970,1978,halloween,phone,communication,"Annie, Paul's on the phone!",0.7777777777777778,communication
1970,1978,halloween,phone,communication,Just answer the damn phone.,0.7777777777777778,communication
1970,1978,halloween,radio,communication,I keep thinking I should call the radio and TV stations...,0.5862068965517241,communication
1970,1978,halloween,tv,communication,I keep thinking I should call the radio and TV stations...,0.5862068965517241,communication
1970,1978,halloween,tv,communication,"I said, stop it! There is no bogyman. There's nothing out there. If you don't stop all this, I'm turning off the TV and you go to bed.",0.8432835820895522,communication
1970,1978,halloween,telephone,communication,You can get back on the telephone and tell them exactly what walked out of here last night. And tell them where he's going.,0.1951219512195122,communication
1980,1986,hannah and her sisters,phone,communication,You mentioned on the phone that you'd had some dizziness.,0.3684210526315789,communication
1980,1986,hannah and her sisters,phone,communication,"Oh, you know...I talked to Hannah this morning on the phone, and she said that you two might be going to the country for the weekend.",0.40601503759398494,communication
1980,1986,hannah and her sisters,phone,communication,"Well, what do you do?  Do-do-do you talk to Holly, or Lee, or what?  Do you, do you, do you phone them?",0.8932038834951457,communication
1980,1986,hannah and her sisters,phone,communication,"I've, uh...gotta find, gotta get a phone number in my desk.  I forgot to phone Mel Kaufman.",0.38461538461538464,communication
1980,1986,hannah and her sisters,tv,communication,You missed a very dull TV show about Auschwitz.  More gruesome film clips...and more puzzled intellectuals declaring their mystification over the systematic murder of millions.,0.13068181818181818,communication
1980,1986,hannah and her sisters,network,computational,"...you know it, it just takes the pleasure out of everything.  I mean, you're gonna die, I'm gonna die, the audience is gonna die, the network's gonna-- The sponsor. Everything!",0.7627118644067796,computational
1980,1986,hannah and her sisters,television,communication,Hi.  She's auditioning for a television commercial.  She said she's gonna be a little late.,0.31868131868131866,communication
1980,1986,hannah and her sisters,screen,computational,"Th-th-they, they wanted me for a screen test.",0.7333333333333333,computational
1980,1986,hannah and her sisters,television,communication,I've done no television whatsoever. No.,0.3333333333333333,communication
1980,1986,hannah and her sisters,television,communication,"I'm not anymore.  I haven't, I haven't been in television for a year.",0.6811594202898551,communication
1980,1986,hannah and her sisters,television,communication,"I haven't.  No, the reason why I ask is I think it might make a great, uh, television script, and, you know, you're so active in television, so--",0.5172413793103449,communication
2000,2001,hannibal,tv,communication,Who called the <u>TV CREWS</u>...?,0.5294117647058824,communication
2000,2001,hannibal,radio,communication,"Due respect, you <u>don't</u>, sir, your precious Joint Operation.  FBI, ATF, DC SWAT, it's alphabet <u>soup</u>, we don't have the same Radio Freqs, we don't...",0.8509316770186336,communication
2000,2001,happy campers,television,communication,"You should grab her and shake her                           ] and tell her it's a goddamn war out                         ] there.  Idiots and assholes and                             ] sadists that must be defeated. Tell                         ] them her the truth!                                         ] ] WENDY                                              ] The truth is a lie!  Yes, television                        ] is rotting our brains!  Yes, people                         ] kill people easier than ever!  Does                         ] that mean we give up!  I think every                        ] child is capable of being talented,                         ] happy, and great. I'm probably wrong,                       ] but you know something, it's good                           ] to be wrong.                                                ] ] WICHITA                                            ]                                     ] You might be right...Wendy, you're                          ] fantastic. I can't stop adoring                             ] you...                                                      ]                                         ] What I thought was lust, was only                           ] love...You think I'm scared, scared                         ] of love...Love conquers all...Maybe                         ] I don't want to be conquered. ""Share                        ] my life""--I barely got enough for                           ] myself...But we were in the picture                         ] together...the picture....                                  ] ] WENDY                                              ] What are you talking about?  What                           ] picture...                                                  ] ] WICHITA Just forget--You didn't bring me out here to help me change. You brought me out here to punish me.",0.20546505517603783,communication
2000,2001,happy campers,internet,computational,"We have more in common than you think, Wendy dear. I loved summer camp when I was young and I love it now. It's important. Between school, family, friends, pot, playstations, basic cable, and the goddamn Internet, it's possible to go your whole life without listening to your soul. Out here, in nature, away from the shit, surrounded by reminders of who I once was...I get recharged. Now who's the dork?",0.5062034739454094,computational
1980,1989,heathers,phone,communication,"Hey, this question wouldn't be that bizarro thing you were babbling about over the phone last......",0.8383838383838383,communication
1980,1989,heathers,radio,communication,Just shut up and turn on the radio. Hot Probs is on.,0.5576923076923077,communication
1980,1989,heathers,device,computational,"They used them on themselves to make it look like they were dead. Really quite a brilliant device, but too flamboyant to seriously produce.",0.6546762589928058,computational
1990,1994,heavenly creatures,phone,communication,I've just had Hilda Hulme on the phone.,0.8461538461538461,communication
2000,2002,hellraiser: hellseeker,machine,computational,I crap you not. She was all over me yesterday in the break room. And she was a total machine last night too.,0.7870370370370371,computational
1990,1992,hero,tv,communication,"Well, we gotta work this thing out, John.  It's a goddamn mess an' I'm halfway to doing serious time in the joint an' the TV lady's so stuck on you she don't want it to come out you stole her purse because it might break the heart of millions.  Looka those maniacs, willya?  They love you, for Chrissake!",0.40131578947368424,communication
1990,1992,hero,tv,communication,"I seen on the TV where that do-gooder asshole's gonna go visit sick kids at three-thirty.  Children's Hospital, on the double.",0.1111111111111111,communication
1990,1992,hero,computer,computational,I took a loan on my car and my computer.,0.775,computational
1990,1992,hero,tv,communication,"""Angel!""  I didn't say ""angel,"" that's a little strong.  Listen, here's the thing, I gotta get over there to the TV station to collect my million bucks.",0.743421052631579,communication
1990,1992,hero,phone,communication,"Use the phone, Bernie, call him tomorrow, he'd like to hear from you.  Where's your other shoe? Never mind!  I don't want to know. Some fantastic adventure, right? Something really crazy.",0.0427807486631016,communication
1990,1992,hero,network,computational,"I know the truth, John.  I'm flying in some guys from your unit in Vietnam tomorrow.  Interviewing them live on network hookup!",0.8818897637795275,computational
1990,1992,hero,network,computational,"Not bad.  But if you gotta wear a cast, you oughtta feature it more it's parta the story.  Network's taking everything we give 'em.  They wanta feed off our six o'clock whether we find the mystery guy or not.  We're very big nationally.",0.3855932203389831,computational
1990,1992,hero,tv,communication,"Half the time he don't answer even if he's home.  Know why?  'Cause he don't want no bill collectors to find him.  I don't mean to be judgmental, but he's a scumbag. He don't have no friends.  Who's gonna like a creep like LaPlante? I was doin' him a favor on the TV outta kindness, and he screwed me. You know what color skin you get on my set, Miss Gayley?  Purple! That's what color skin you got on the tee vee LaPlante sells me!",0.6111111111111112,communication
1980,1989,hider in the house,tv,communication,A lot of my stuff hasn't been unpacked yet.  Here's the TV.,0.9491525423728814,communication
1980,1989,hider in the house,tv,communication,Let's watch some TV.,0.85,communication
1980,1989,hider in the house,machine,computational,The floor has a nice shine to it.  Oh God -- we have twenty-two messages on the machine.,0.9090909090909091,computational
1980,1989,hider in the house,radio,communication,Who told you that -- someone on the radio?,0.8571428571428571,communication
1980,1989,hider in the house,television,communication,"Why?  I just read your report card.  What's the point?  Stay home, watch some television, we'll get ""Mad"" magazine delivered.  What kind of report card do you call this?!",0.4588235294117647,communication
1980,1989,hider in the house,tv,communication,Okay!  We have TV!  We can all get stupid again!,0.3125,communication
1990,1994,highlander iii: the sorcerer,tv,communication,"Good -- also, give it to the papers and TV.",0.9302325581395349,communication
2000,2005,hostage,phone,communication,The cell phone is registered to a jewelry store in Beverly Hills.  The phone company shows no unusual --,0.08653846153846154,communication
2000,2005,hostage,computer,computational,"Worst case, it's a bloodbath.  The detectives come out with Smith's computer, and we go directly to jail, do not pass Go.",0.5619834710743802,computational
2000,2005,hostage,tv,communication,All you're doing is watching yourself on TV.  <u>Look</u> at him.,0.6307692307692307,communication
2000,2005,hostage,radio,communication,What's wrong with the radio?,0.7857142857142857,communication
2000,2005,hostage,phone,communication,Could you call me back on your phone? Right away.,0.6326530612244898,communication
2000,2005,hostage,phone,communication,Get a phone number for the Smiths.,0.17647058823529413,communication
2000,2005,hostage,phone,communication,In a few minutes the white phone is going to ring.  So let's get our shit straight before that happens.,0.2621359223300971,communication
2000,2005,hostage,computer,computational,Your dad has two computer disks.  They have funny names:  Marlon and Al.,0.2361111111111111,computational
2000,2005,hostage,phone,communication,"I've got the boy on the phone.  He's using a cell phone.  What was that, son?  I didn't hear you.",0.24742268041237114,communication
2000,2005,hostage,tv,communication,Thomas Smith.  I'm in the house that's on TV.  Dennis hit my dad and now he won't wake up.  You gotta help him.,0.3783783783783784,communication
2000,2005,hostage,phone,communication,"When this phone rings, you answer.  It will be me.  I'll tell you what to do. When I have what I want, you get your family.",0.08130081300813008,communication
2000,2004,hotel rwanda,radio,communication,"Please, I have money. They're driving into an ambush, it's on the radio.",0.9166666666666666,communication
2000,2004,hotel rwanda,radio,communication,"The Americans! Who are they to put us on trial. Let us imagine Paul when their president Kennedy was shot, they said it was a black man. Then their politicians, their radio stations gave orders we must wipe out these black people before they wipe out us. What do you think would have happened? No different.",0.540453074433657,communication
2000,2004,hotel rwanda,phone,communication,Give me the phone.,0.6666666666666666,communication
2000,2004,hotel rwanda,phone,communication,"Can we phone them in, Paul?",0.25925925925925924,communication
2000,2004,hotel rwanda,radio,communication,It is dangerous to be here. The radio says this is a nest of cockroaches.,0.4383561643835616,communication
2000,2004,hotel rwanda,phone,communication,I managed to get the President of France on the phone.,0.8888888888888888,communication
1990,1999,house on haunted hill,phone,communication,"What's life, anyway? Waves...? Sound...? Light...? Electricity...? I don't know... Phone lines...?",0.8469387755102041,communication
1990,1999,house on haunted hill,computer,computational,Or an on-line computer.,0.6086956521739131,computational
1990,1999,house on haunted hill,phone,communication,"How'd you make your guest list, Price: throw darts at a phone book?",0.835820895522388,communication
1990,1999,house on haunted hill,tv,communication,The guy whose hair I do has his own TV show. All I've got is a blow-dryer and a dream.,0.4186046511627907,communication
1990,1999,house on haunted hill,tv,communication,You've got your own TV show?,0.7142857142857143,communication
1990,1999,house on haunted hill,signal,communication,Must be those plates -- interfering with the signal somehow.,0.75,communication
1990,1999,house on haunted hill,telephone,communication,Hasn't been a telephone in this House in over 60 years.,0.2545454545454545,communication
1990,1992,hellraiser iii: hell on earth,tv,communication,"And I believe what you say.  But this is TV.  No pictures, no story.",0.6029411764705882,communication
1990,1992,hellraiser iii: hell on earth,tv,communication,You wanted a story.  You got it.  Turn on the TV now.  And then get your ass down here ...  ...,0.4842105263157895,communication
1990,1992,hellraiser iii: hell on earth,tv,communication,Oh.  Yeah.  Yeah.  Well ... I'm fine. Things are great here.  Joey's going to get me a job at the TV station.  I'm meeting lotsa new people.  It's really great.,0.6125,communication
1990,1991,hudson hawk,machine,computational,"Oh, why couldn't I be the Cardinal in charge of catering.... If the Mayflowers get the three sections of Da Vinci's crystal and his instructions for the gold machine-- Aie-yi--Do we got anything?  What of Alex, Hawk's friend, where is his loyalty?",0.6396761133603239,computational
1990,1991,hudson hawk,machine,computational,"Da Vinci made the real directions in a secret script that I decoded. The way the machine is running now, the gold will produce too quickly, clog, and the machine will shut itself down.  Isn't it wonderful?",0.3951219512195122,computational
1990,1991,hudson hawk,machine,computational,It's from the machine.  All they need is the crystal to run it and they have 2/3 of it already.  We can't let that happen.,0.11475409836065574,computational
1990,1991,hudson hawk,machine,computational,"Alchemy!  Is the business term of the 90's, my man!  Minerva read about it in an airline magazine about four years ago.  I dumped some lira into research... Shazam, we come across a diary by one of Da Vinci's apprentices detailing La Machine de Oro, the gold machine for those at home, and the rest is about to become history.  Money isn't everything, gold is.  Fuck blue chip stocks!  Fuck T-bills! Fuck Junk Bonds!  I got the real deal!  Money will always be paper but gold will always be gold!",0.4717741935483871,computational
1990,1994,the hudsucker proxy,machine,computational,"Oh, of all the foolish... Listen, do you take shorthand? Are you familiar with the mimeograph machine?",0.9215686274509803,computational
1990,1997,the ice storm,phone,communication,The phone's out.,0.25,communication
1990,1997,the ice storm,tv,communication,"In the basement over at Janey and Jim's. With that weirdo Mikey. Not even a TV on. And they're on the floor and he's got his trousers down though thank goodness she's still dressed. Well, I really let him have it!  ... and Wendy came home peacefully... Hey, should I dress for the Halford's now, or - give me your -",0.24126984126984127,communication
1990,1997,the ice storm,phone,communication,Phone's out. I hope the pipe's --,0.0,communication
1990,1997,the ice storm,tv,communication,There's a TV in the basement.,0.3448275862068966,communication
1990,1997,the ice storm,tv,communication,Maybe we can just watch some TV.,0.90625,communication
1990,1997,the ice storm,phone,communication,Why don't you use the phone downstairs?,0.5641025641025641,communication
1990,1997,the ice storm,radio,communication,"They were old. And they couldn't fly anyhow. I'm going to get a radio-controlled airplane at Christmas, and then I'll stuff it full of m-80s and then fly it into Mrs. Burgess's English class and blow it up.",0.3106796116504854,communication
2000,2002,insomnia,phone,communication,I said you're going to get a phone call.,0.725,communication
2000,2002,insomnia,phone,communication,The phone call.  The knapsack.,0.13333333333333333,communication
1990,1994,interview with the vampire: the vampire chronicles,radio,communication,"That's what I do. I interview people. I collect lives. F.M. radio. F.F.R.C. I just interviewed a genuine hero, a cop who -",0.4918032786885246,communication
1990,1998,i still know what you did last summer,radio,communication,What about a radio?,0.6842105263157895,communication
1990,1998,i still know what you did last summer,phone,communication,"I don't know, man. Maybe we should keep going, find a phone --",0.8709677419354839,communication
1990,1998,i still know what you did last summer,radio,communication,I'm not crazy...I'm not crazy. He's here...  We've got to get to the radio and call for help.,0.7419354838709677,communication
1990,1998,i still know what you did last summer,machine,computational,That could break the machine.,0.7241379310344828,computational
1990,1998,i still know what you did last summer,screen,computational,"He did something to the screen...it, it, said...",0.5,computational
1990,1998,i still know what you did last summer,internet,computational,Fumes build up in the fuel tanks. You can by surface-to-air missiles over the internet. Planes use O-rings...which freeze in tap water. Planes fall from the sky for practically no reason at all.,0.4020618556701031,computational
1990,1998,i still know what you did last summer,radio,communication,We'll call you back with all the details...So what's your favorite radio station?,0.8271604938271605,communication
1940,1946,it's a wonderful life,radio,communication,"Well, now listen. I want you to put every cent you've got into our stock, you hear? And George, I may have a job for you; that is, unless you're still married to that broken-down Building and Loan. This is the biggest thing since radio, and I'm letting you in on the ground floor. Oh, Mary . . . Mary . . .",0.7516339869281046,communication
1970,1978,jaws 2,phone,communication,"Oh yeah -- I'm expecting a long distance call, very important. Give them my home phone.",0.9310344827586207,communication
1970,1978,jaws 2,radio,communication,"Sort of -- Mathew Hooper is aboard the research vessel Aurora, presently in the Antarctic Ocean, and won't be in radio range until half-past next spring.",0.738562091503268,communication
1980,1983,jaws 3-d,tv,communication,He doesn't need the money.  He inherited a fortune.  He kills for kicks.  TV battles between non-predator fish and divers. The diver always wins.,0.5103448275862069,communication
1980,1987,jaws: the revenge,phone,communication,I'm on the phone....,0.55,communication
1980,1987,jaws: the revenge,phone,communication,Hello?  Thea who?  I know it's Thea Brody.  How many grandchildren do I have?  I know you can use the phone by yourself. You're a big girl.  I know you're five.,0.6375,communication
1980,1987,jaws: the revenge,radio,communication,When we find her we'll radio her position...The Coast Guard will pick her up.  Don't worry....,0.24468085106382978,communication
1980,1987,jaws: the revenge,radio,communication,"If it works, if we can get it inside the bastard and set it off, it'll shock the hell out of it.  We'll need a slave switch to set it off. Pull the dry cell out of the radio.",0.9655172413793104,communication
1990,1992,jennifer eight,computer,computational,"I'm sorry to worry you with this, but we had a real serious robbery, and we- 're chasing a white V.W. van? You guy came up an the computer, so as a matt- er of routine we have to check. Could you tell me who's driven it recently?",0.5676855895196506,computational
1990,1992,jennifer eight,phone,communication,You got a quiet phone somewhere?,0.5,communication
1990,1992,jennifer eight,phone,communication,"I wanna take that fucking Blind In- stitute to pieces .. Every address book, every phone call, everyone in and outta there in the last 5 years ..",0.5724137931034483,communication
1990,1992,jennifer eight,phone,communication,"Don't lie, Taylor. I just had this Blattis guy on the phone asking me for a comment - you gave him the whole damned case!",0.4462809917355372,communication
1990,1992,jennifer eight,phone,communication,"Then you could have saved yourself a lot of driving, Sergeant. What I said on the phone's the same as I'm saying now. I got no idea where Amb- er is, or who it was took her there.",0.4581005586592179,communication
1990,1992,jennifer eight,phone,communication,John? .. You never said that on the phone? .. What makes you think his name was John?,0.4235294117647059,communication
1990,1992,jennifer eight,phone,communication,"When we spoke on the phone, did you know I was blonde?",0.3888888888888889,communication
1990,1992,jennifer eight,phone,communication,"Well, I think I told you on the phone .. I went up to her room to say good-bye, and we just sat on the bed and chatted a while, while her friend was coming in and out collecting her things ..",0.16753926701570682,communication
1990,1996,jerry maguire,phone,communication,"Why are you even here, man? You could have told me all this over the phone.",0.92,communication
1990,1996,jerry maguire,phone,communication,Keep the phone open.  I'll call back. Stay calm. He's got some good doctors out there.,0.10465116279069768,communication
2000,2001,jurassic park iii,phone,communication,You had the phone the whole time?,0.36363636363636365,communication
2000,2001,jurassic park iii,signal,communication,We should take it with us to signal any planes.,0.6170212765957447,communication
2000,2001,jurassic park iii,computer,computational,"It's a rapid prototyper. I feed in the scan data from the raptor skull, than the computer breaks it into thousands of slices which this thing prints, one layer on top of the other. It's the future of paleontology.",0.38028169014084506,computational
2000,2001,jurassic park iii,data,computational,"It's a rapid prototyper. I feed in the scan data from the raptor skull, than the computer breaks it into thousands of slices which this thing prints, one layer on top of the other. It's the future of paleontology.",0.38028169014084506,computational
2000,2001,jurassic park iii,phone,communication,"Well, we don't exactly have a Costa Rican phone book here, so it will have to be somebody we know in the states. Someone we can absolutely count on to send help.",0.2608695652173913,communication
1990,1997,the lost world: jurassic park,phone,communication,"You.  Tell me, Roland, when was the last time you answered your phone?",0.9142857142857143,communication
1990,1997,the lost world: jurassic park,phone,communication,"I've been putting this together for over a year.  I have personal suggestions for your entire team, phone numbers, contact people.  They won't believe you about what they're going to see, so don't bother trying to convince them.  Just use my checkbook to get them there. I'll fund your expedition through my personal accounts, as such money and equipment as you need, but only if you leave immediately.  If we hesitate, all will be lost.",0.2288329519450801,communication
1990,1997,the lost world: jurassic park,radio,communication,"The radio rig is inside.  It runs directly from the geothermal generator, so power shouldn't be a problem.",0.03773584905660377,communication
1990,1997,the lost world: jurassic park,radio,communication,Where's the power and radio setup?,0.6470588235294118,communication
1990,1997,the lost world: jurassic park,radio,communication,"You know how to work a radio, don't you?",0.575,communication
1990,1997,the lost world: jurassic park,phone,communication,Then the only thing left to do is make sure we do get back.  I'll call the mainland on the satellite phone and have them send the boat right now.  This expedition is over.,0.5906432748538012,communication
1990,1997,the lost world: jurassic park,radio,communication,You're going home.  I'm sending a radio call for the boats.  We'll all go down to the lagoon and wait for them.,0.3063063063063063,communication
1990,1997,the lost world: jurassic park,phone,communication,"None of that matters.  Our communications equipment's been destroyed.  If your radio and satellite phone were in those trailers that went off the cliff, and I'm guessing by the look on his face --",0.5051020408163265,communication
1990,1997,the lost world: jurassic park,radio,communication,"None of that matters.  Our communications equipment's been destroyed.  If your radio and satellite phone were in those trailers that went off the cliff, and I'm guessing by the look on his face --",0.5051020408163265,communication
1990,1993,jurassic park,radio,communication,"Rotten luck, this storm.  Get my grandchildren on the radio will you?  I don't want them to worry about a wee bit of rain.",0.4426229508196721,communication
1990,1993,jurassic park,radio,communication,Their radio's out too.  Gennaro said to stay put.,0.12244897959183673,communication
1990,1993,jurassic park,phone,communication,"Phone security systems, everything works.  You ask for it, we got it!",0.0,communication
1990,1993,jurassic park,network,computational,"I am totally unappreciated in my time.  We can run the whole park from this room, with minimal staff, for up to three days.  You think that kind of automation is easy? Or cheap? You know anybody who can network eight Connection Machines and de-bug two million lines of code for what I bid this job?  Because I'd sure as hell like to see them try.",0.5867052023121387,computational
2000,2003,freddy vs. jason,phone,communication,Yeah. Ken said there was another guy there... _big_ guy... then he dropped the phone. What's going on?,0.7745098039215687,communication
2000,2003,freddy vs. jason,data,computational,Then I'd say we should put Jason under again... run another tape on him and see what happens. We'll get extra data this time. Video... infrared... the works.,0.7006369426751592,computational
1990,1991,kafka,network,computational,But your goal is so hard to reach. Do you think the official network would surrender to one man?  We would never think of attempting anything remotely as difficult.,0.3719512195121951,computational
1970,1971,klute,phone,communication,Look -- could I use your phone?,0.8064516129032258,communication
1970,1971,klute,phone,communication,Yes -- Jane McKenna's book -- I could make a phone call.,0.8035714285714286,communication
1970,1971,klute,phone,communication,"Oh golly, oh just what I've always dreamed of, dirty phone calls.  How come?",0.6973684210526315,communication
1970,1971,klute,phone,communication,"Just phone calls, right? They ring, you answer, they don't say anything, just blank. Kids getting kicks. Burglars looking for an empty apartment. I mean there is nothing that proves --",0.02717391304347826,communication
1970,1971,klute,phone,communication,Everything that's happened since Tom Grunemann disappeared. The phone calls and the --,0.7441860465116279,communication
1970,1971,klute,telephone,communication,"I've been up country, you know my summer place, my camp. I don't even have a telephone there. This morning they sent a messenger out, that you'd been trying to call me.",0.4583333333333333,communication
1970,1979,kramer vs. kramer,television,communication,"Uh, uh...We didn't have television then.",0.6,communication
1970,1979,kramer vs. kramer,phone,communication,"I've paid the rent, the Con-Ed and the phone bill, so you don't have to worry about them.",0.43820224719101125,communication
1970,1979,kramer vs. kramer,television,communication,Mr. Schmidt can't have the figures on the television buy until Monday.,0.6,communication
1990,1997,kundun,machine,computational,"The Communists put their guns in the hands of the Khamba children and force the child to kill the parent. They have dropped bombs on the monastery of Lithang in Kham. It has been destroyed. Women and children, trying to escape from the fighting, have been shot with machine guns, fired from airplanes.",0.8837209302325582,computational
1990,1997,kundun,radio,communication,"The radio contact said one officer had died. Then he said, ""The Chinese soldiers -- they are coming."" And then, the radio went dead.",0.030303030303030304,communication
1990,1999,lake placid,screen,computational,I got something on the screen.,0.7666666666666667,computational
1990,1999,lake placid,device,computational,"Lightweight Forward Area air device unit.  Whatever's out there, one shot with this and he's dead.",0.29591836734693877,computational
1990,1991,the silence of the lambs,telephone,communication,Agent Starling! Telephone!,0.6153846153846154,communication
1990,1991,the silence of the lambs,phone,communication,"Phone call, Clarice. It's God.",0.0,communication
1990,1991,the silence of the lambs,tv,communication,"I'm 53, Starling. If I found Jimmy Hoffa on national TV, I'd still have to retire in two years. It's not a consideration. But you are...  You've done enough. If I keep you out of school any longer, you'll be recycled. Cost you six months, at least. I can guarantee you readmission here, but that's about it.  Now's your chance, Starling. Go back to class. Leave Bill to me.",0.14209115281501342,communication
1990,1991,the silence of the lambs,computer,computational,"Good idea, but he thought of it, too. We've run simulations, using different vectors and the best dates we can assign. You put it all in the computer, and smoke comes out. No, this one is different. This one has seen us coming...",0.6157205240174672,computational
1980,1989,leviathan,signal,communication,Why can't we pick up his signal?,0.78125,communication
1990,1998,"lock, stock and two smoking barrels",phone,communication,He'll care all right. That was going to be his money. Whether he cares about us is different. Pass your phone.,0.9454545454545454,communication
1990,1998,"lock, stock and two smoking barrels",tv,communication,"Well whatever it is, could you get your man to turn the TV down?",0.875,communication
1990,1998,"lock, stock and two smoking barrels",phone,communication,That's no way to answer the phone.,0.8235294117647058,communication
1990,1996,lone star,tv,communication,"""I only got my little girl now,"" he says, ""she's my lifeline."" Then he tells me I can't be in the box anymore if I can't control myself. Sonofabitch don't even watch the damn game, just sits there drinking with his bidness friends, look up at the TV now and then. I do better to sit in the cheap seats with some real football people.",0.7417417417417418,communication
1990,1996,lone star,tv,communication,"No sports if I don't keep a B average, no TV on school nights, no PDA's--",0.5753424657534246,communication
1990,1996,lone star,radio,communication,I was driving back from Apache Wells when they got me on the radio.,0.9104477611940298,communication
1990,1996,lone star,machine,computational,"Buddy was more a part of the big picture--county political machine, chamber of commerce, zoning board if I kept those people happy, he was pretty much on my side.  Whenever somebody thought--they start up another bar for the black  folks, they'd be--how should I put this? They'd be officially discouraged.",0.19281045751633988,computational
2000,2000,lost souls,tv,communication,"Now that you're on TV, you're a magnet for all the wackos out there.",0.27941176470588236,communication
2000,2000,lost souls,radio,communication,"You know, there was a guy on the radio today trying to explain why we're losing daylight.  Quarks and dark matter, things like that.  Even how daylight savings has caught up with us over the last hundred years and our universal watch is just fast, you know?",0.12840466926070038,communication
2000,2000,lost souls,tv,communication,"Between your book sales and this TV thing, there's going to be no living with you.  And let me guess, you boiled God down to a conceit.",0.24444444444444444,communication
2000,2000,lost souls,television,communication,"On television, you seemed so sure of yourself.  If you're really that confident, you'd be willing to let someone prove you wrong?",0.023255813953488372,communication
2000,2000,lost souls,television,communication,I saw you on television yesterday.  You were brilliant.,0.23636363636363636,communication
2000,2000,love & basketball,machine,computational,Must have been my cheap-ass answering machine.  It was always messing up.,0.5205479452054794,computational
1990,1999,magnolia,phone,communication,"Nothing's wrong, I just got some guy on the phone on my other line, he's says he works for this guy, this guy who's Frank's father --",0.3308270676691729,communication
1990,1999,magnolia,phone,communication,It is.  Can I have your home phone number with area code?,0.5087719298245614,communication
1990,1999,magnolia,radio,communication,"Many times, in damestic abuse situations the young lady is afraid to speak, but I have to tell you that, being a police officer, I've seen it happen: Young woman afraid to speak, next thing you know, I'm gettin' a call on the radio, I got a 422 --",0.9149797570850202,communication
1990,1999,magnolia,tv,communication,"You got the TV on too, keep those on at that same time usually?",0.19047619047619047,communication
1990,1999,magnolia,phone,communication,"Doc, go get Frank and put him on the phone.",0.8604651162790697,communication
1990,1999,magnolia,phone,communication,"I need you to interupt him, I need to get him on the phone with me right away --",0.6625,communication
1990,1999,magnolia,tv,communication,"You talk in rhymes and riddles and ra...rub-adub --- but that doesn't mean anything to me, see....see...see I used to be smart....I'm Quiz Kid Donnie Smith. I'm Quiz Kid Donnie Smith from the tv --",0.9746192893401016,communication
1990,1999,magnolia,tv,communication,....getthat on the tv....there...,0.5757575757575758,communication
1990,1999,magnolia,phone,communication,"You wanna call him on the phone? We can call him, I can dial the phone if you can remember the number --",0.25,communication
1990,1999,magnolia,phone,communication,...gimme that fuckin' phone...,0.7333333333333333,communication
1990,1999,magnolia,television,communication,"I just realized this is for television, isn't it?  I can't swear up and down like I just did.",0.3010752688172043,communication
1990,1999,magnolia,phone,communication,I've heard your tapes on the phone.,0.8285714285714286,communication
1990,1999,magnolia,phone,communication,Rose is on the phone and here's the cards for today --,0.2777777777777778,communication
1990,1999,magnolia,phone,communication,"PUT THE FUCKIN' PHONE DOWN, HANG IT UP.",0.41025641025641024,communication
1990,1999,magnolia,phone,communication,Hang up the phone.,0.6666666666666666,communication
1990,1999,magnolia,phone,communication,Phone number.,0.0,communication
1990,1998,the man in the iron mask,screen,computational,"No, you may wait behind the screen.",0.8,computational
2000,2003,manhunt,phone,communication,"Alright, stay on the phone.",0.7777777777777778,communication
2000,2003,manhunt,phone,communication,Our getaway car.  You said a cell phone?,0.85,communication
2000,2003,manhunt,computer,computational,That's not all.  According to the computer - she died of a drug overdose last year.,0.40963855421686746,computational
2000,2003,manhunt,data,computational,"LAPD data center reports a breach on the system.  An outside hacker has accessed files on Detectives Fleming and Stanton...and yours too, Marvosa.",0.03424657534246575,computational
2000,2003,manhunt,phone,communication,"I don't, but I'm pretty sure. It's a long story but I cloned a cellular linkup with a binary code scrambler and sent it through the phone network mainframe.  If they start a trace it will be to a Pic'n'Save on Pico.",0.6139534883720931,communication
2000,2003,manhunt,network,computational,"I don't, but I'm pretty sure. It's a long story but I cloned a cellular linkup with a binary code scrambler and sent it through the phone network mainframe.  If they start a trace it will be to a Pic'n'Save on Pico.",0.6139534883720931,communication
2000,2003,manhunt,network,computational,"OK, I'm logged on to the municipal network.  I'm showing sixteen people with the name Sarah Williams in L.A. county.  None of them live in Hollywood.  Do you remember the address?",0.19553072625698323,computational
2000,2003,manhunt,phone,communication,"Shit, you know what happens to me if I'm harboring a fugitive?  I already think they're on to me! I thought you were the phone police for Chrissake!",0.8175675675675675,communication
2000,2003,manhunt,phone,communication,"This is Tubbs. Sorry I can't answer the phone, I'm out square dancing. Leave a message--",0.45454545454545453,communication
1980,1986,manhunter,computer,computational,Are your parking permits in the computer? He drives a van.,0.5517241379310345,computational
1980,1986,manhunter,computer,computational,There is none! We've run it through the computer a dozen times.,0.6349206349206349,computational
1980,1986,manhunter,phone,communication,I arranged for him to have a phone. I have to call him in a few minutes.,0.4027777777777778,communication
1980,1986,manhunter,phone,communication,"I'll tell you in a second. Now listen to me: everything is okay, I'm taking care of it, so stay on the phone when I tell you.",0.824,communication
1980,1986,manhunter,tv,communication,Will... you saw this in the papers. The second one was all over TV. Did you ever think about givin' me a call?,0.5818181818181818,communication
1980,1986,manhunter,screen,computational,Look at the screen. That is William Blake's 'The Great Red Dragon and The Woman Clothed with the Sun.'  Do you see?,0.10434782608695652,computational
1980,1986,manhunter,phone,communication,I'll bet she has a call caddy right next to her phone.,0.8888888888888888,communication
1980,1986,manhunter,phone,communication,Maybe you can help me. This is Bob Greer of Blaine & Edwards Publishing Company. Dr. Bloom asked me to send a copy of 'The Psychiatrist and the Law' to someone. Linda never sent me the address and phone number.,0.9380952380952381,communication
1980,1986,manhunter,tv,communication,I was out in the garden. Mama came out and told me when she saw it on TV. Why didn't you call me?,0.7216494845360825,communication
1980,1986,manhunter,telephone,communication,"I'll study it, Will. When you get more files, I'd like to see them, too. You can call me. When I have to call my lawyer, they bring me a telephone. Would you like to give me your home number?",0.7172774869109948,communication
1990,1999,man on the moon,phone,communication,Hey!  Our first phone call!  Hello?,0.45714285714285713,communication
1990,1999,man on the moon,tv,communication,"Yeah, we can have a garage sale. ""Hey look, I got a floor lamp and a network TV Special for only fifty cents!""",0.7,communication
1990,1999,man on the moon,network,computational,"Yeah, we can have a garage sale. ""Hey look, I got a floor lamp and a network TV Special for only fifty cents!""",0.7,communication
1990,1999,man on the moon,network,computational,"That's... terrific!  But I got something better.  This is BIG...  You are getting a once-in-a- lifetime, unbelievably lucrative opportunity to star on... a PRIMETIME NETWORK SITCOM!!!!",0.9021739130434783,computational
1990,1999,man on the moon,network,computational,Andy... uhh... this network has a long-standing policy: The viewer must be able to see the program.,0.20202020202020202,computational
1990,1999,man on the moon,television,communication,You were impressed with something. It's pretty odd when a man sports a hard-on that large on national television.,0.9026548672566371,communication
1990,1999,man on the moon,television,communication,"""... has been rushed to a nearby hospital, where doctors are checking him for possible paralysis.  His parents are at his bedside.  Fans will best remember Kaufman as lovable Latka on television's Taxi""...",0.8975609756097561,communication
1990,1999,the matrix,computer,computational,I don't know... My computer...,0.6333333333333333,computational
1990,1999,the matrix,phone,communication,Give me your phone.,0.6842105263157895,communication
1990,1999,the matrix,phone,communication,You have to focus.  There is a phone.  Wells and Lake.  You can make it.,0.4305555555555556,communication
1990,1999,the matrix,computer,computational,"Right now, we're inside a computer program?",0.6046511627906976,computational
1990,1999,the matrix,signal,communication,The pill you took is part of a trace program.  It's designed to disrupt your input/output carrier signal so we can pinpoint your location.,0.7101449275362319,communication
1990,1999,the matrix,television,communication,"The Matrix is everywhere, it's all around us, here even in this room. You can see it out your window or on your television.  You feel it when you go to work, or go to church or pay your taxes.  It is the world that has been pulled over your eyes to blind you from the truth.",0.40875912408759124,communication
1990,1999,the matrix,machine,computational,Ten hours straight.  He's a machine.,0.7777777777777778,computational
1990,1999,the matrix,computer,computational,Every leader of every ship is given the codes to Zion's mainframe computer which can be accessed only through the Matrix.  They are used only in emergencies.  If an agent had those codes and got inside Zion's mainframe they could disable the entire defense system.  It would be the end of everything.,0.22,computational
1990,1999,the matrix,computer,computational,They inject virus-like serums to attack the neuro-systems.  It's like cracking a computer.  All it takes is time.,0.7168141592920354,computational
1990,1998,meet joe black,radio,communication,"Our first annual report, must be thirty-five years ago now, I owned two stations, I wrote down a state- ment of purpose, that one day you would wake up to a Parrish radio station, read a Parrish paper at breakfast, catch our news on tele- vision during the day, and go to bed with one of our books or magazines and you would always be told the truth and in the bargain, have a good time.",0.4263565891472868,communication
1990,1998,meet joe black,network,computational,"...Tomorrow we sign off -- photo opportunity, you and Big John, it'll lead network news.  Okay so far?",0.7352941176470589,computational
2000,2000,memento,phone,communication,* I'm not too good on the phone. I need to		    * look people in the eye when I talk to			  * them.							    *,0.23423423423423423,communication
2000,2000,memento,phone,communication,I think I may have. I'm not good on the phone.,0.8695652173913043,communication
2000,2000,memento,phone,communication,"He knows you're no good on the phone, so		    * he calls you up to bullshit you.				  * Sometimes you stop taking his calls, so			* he slips something under your door to			  * frighten you into answering your phone			 * again. He's been pretending to help you.		    * Feeding you a line of crap about John G.		    * being some local drug dealer.					*",0.08831908831908832,communication
2000,2006,miami vice,phone,communication,"No, you don't, Jim.  'Cause if I close this down, you got nothing to make a phone call about.  And my guys don't have a week for a Feeb bureaucratic process.  Every hour longer they're in there, they risk exposure.  So, right here, right now, they're back in or I pull them out and close you down.  What's it going to be?",0.2367601246105919,communication
2000,2006,miami vice,computer,computational,"Not anymore.  This is a distribution network out of South Florida, moving poly-drug loads, crystal meth through coke, to Nashville, Atlanta, Memphis, Cleveland.  And computer fraud, identity theft. It's like that.",0.7793427230046949,computational
2000,2006,miami vice,network,computational,"Not anymore.  This is a distribution network out of South Florida, moving poly-drug loads, crystal meth through coke, to Nashville, Atlanta, Memphis, Cleveland.  And computer fraud, identity theft. It's like that.",0.7793427230046949,computational
2000,2006,miami vice,network,computational,"Their loads are poly-drug.  ""E"" from Holland, methamphetamine precursors from Jordan, Afghan ""H."" Mid-ocean transshipments.  His real business is:  he's a network.",0.950920245398773,computational
2000,2006,miami vice,network,computational,"Get into business with this crew, identify them.  Illuminate their network.  If you're lucky, discover their source, how they penetrated us.  We'll indict and take it from there...",0.37222222222222223,computational
2000,2006,miami vice,phone,communication,On the phone.,0.5384615384615384,communication
2000,2006,miami vice,phone,communication,Reality TV and stay by the phone. That's what all wives-in-crime do...,0.38571428571428573,communication
2000,2006,miami vice,tv,communication,Reality TV and stay by the phone. That's what all wives-in-crime do...,0.38571428571428573,communication
2000,2006,miami vice,internet,computational,"Two, three thousand a ki. Two thousand ki's, your end is $6,000,000.  Complex transshipments or dealing with containers, these have front- loaded costs we pickup.  For this kind of weight, the balance of 80% is when our buyer picks up the load.  Transactions are offshore.  Dollars or euros.  Secure internet transfers.  We have lists of Cayman and Isle of Man banks infiltrated by IRS, to be avoided...  No transactions of cash or other banking instruments take place on U.S. soil...  That's the deal.",0.5976095617529881,computational
2000,2006,miami vice,radio,communication,Uh-uh.  No predetermined places and times to meet.  Give me their heading and radio codes and I will talk to them directly with the longs and lats and time which will be a last minute deal...,0.4083769633507853,communication
2000,2006,miami vice,phone,communication,"Wait by the phone.  You get a call.  Or maybe you don't.  Until then, piss off back to where you come from...",0.11009174311926606,communication
1960,1969,midnight cowboy,phone,communication,"Scuse me, hon, fraid I'm only half here. Maybe you oughta run on along. But why don't you take this phone number?",0.8849557522123894,communication
1960,1969,midnight cowboy,radio,communication,Rico! Rico! Rico! Is that enough?  And keep your meat hooks off my radio.,0.9178082191780822,communication
1960,1969,midnight cowboy,tv,communication,... you see what I'm getting at here? She got a penthouse up there with color TV and more goddam diamonds than an archbishop and she busts out bawling when I ask for money!,0.45348837209302323,communication
1970,1978,midnight express,machine,computational,Too bad you didn't have a machine.,0.7647058823529411,computational
1970,1978,midnight express,radio,communication,"His radio Back of his open, radio...",0.1111111111111111,communication
1990,1997,mimic,tv,communication,"Peter, you couldn't even fix our TV!",0.9166666666666666,communication
1990,1990,misery,radio,communication,"Whenever he played Radio City, who do you think was right there in the front row?",0.2345679012345679,communication
1990,1990,misery,phone,communication,"When do you think the phone lines'll be back up? I have to call my daughter, and I should call New York and let my agent know I'm breathing.",0.15714285714285714,communication
1990,1990,misery,phone,communication,"The  blizzard was too strong. I couldn't risk trying to get you there. I tried calling, but the phone lines are down.",0.8205128205128205,communication
1990,1990,misery,phone,communication,We actually got a phone call. Busy morning.,0.4186046511627907,communication
1990,1990,misery,phone,communication,I don't know. Does he always phone you when he checks out of hotels?,0.4264705882352941,communication
1990,1990,misery,phone,communication,"No long-distance phone calls, Federal Express packages--anything at all out of the ordinary?",0.18478260869565216,communication
2000,2000,mission: impossible ii,digital,computational,"Ambrose just pulled the memory card out of the digital camera and put it into an envelope, put it in his inner left jacket pocket...",0.3560606060606061,computational
1990,1996,mission: impossible,radio,communication,I wasn't.  I heard that Jim was in trouble on the radio.  He said someone was...,0.625,communication
1990,1996,mission: impossible,internet,computational,"For a little over two years now we've been spotting serious blowback in IMF operations.  We have a penetration.  The other day we decoded a message on the Internet from a Czech we know as ""Max.""",0.7989690721649485,computational
1990,1996,mission: impossible,machine,computational,"Thinking Machine laptops, I'm talking about the 686 prototypes -- <u>with</u> the artificial intelligence Risk chip --",0.07627118644067797,computational
1990,1996,mission: impossible,device,computational,"Because I can deliver the actual NOC list.  The one you have is not only worthless, it's certain to be equipped with a homing device to pinpoint your exact location.",0.7636363636363637,computational
1990,1996,mission: impossible,radio,communication,"Theyíre covering this frequency, Ethan. Cut all radio communications.  Repeat. Cut all radio communications.",0.4444444444444444,communication
1990,1996,mission: impossible,phone,communication,Is something wrong with the phone?  Well is something wrong with the batteries?,0.35443037974683544,communication
1990,1996,mission: impossible,signal,communication,Doesn't mean it's a signal.  Could just be the hard drive heating up.,0.2898550724637681,communication
1990,1993,arcade,machine,computational,"Good question.  See, that's where the fun comes in.  ARCADE changes it every time. He's a machine without a soul. Once you give him a soul, he stops being a threat.",0.5487804878048781,computational
1990,1993,arcade,phone,communication,"Give me a break, Alex.  What are we going to tell them?  Excuse me, officer, but there's some sort of electronic monster loose in the phone lines.  I'd think twice about calling any of those 976 numbers...",0.6536585365853659,communication
1990,1993,arcade,computer,computational,Maybe it is alive in a way...some sort of electronic intelligence.  It's like a computer virus that developed a personality or something.  It's self-replicating...it mimics life.,0.449438202247191,computational
1990,1993,arcade,phone,communication,"It's not just the cable system.  It's in the phone system as well, the electronic net.  It's everywhere.",0.4326923076923077,communication
1990,1993,arcade,phone,communication,It's the middle of the night.  They're asleep.  Phone didn't wake them.,0.676056338028169,communication
1990,1993,arcade,machine,computational,"How?!  It's a machine, Alex. Machine's don't think.  They're not alive.  It's a good program, a brilliant program, it was designed so it would act as if it were alive, but it's not alive.",0.0748663101604278,computational
2000,2001,mulholland dr.,phone,communication,We could call anonymously from a pay phone... just to see if there was an accident.,0.4457831325301205,communication
2000,2009,"""murderland""",computer,computational,"It was there, clear as day. I saw the computer records. Matthew has been fed wiring money to his personal account.  I just knew something was wrong.",0.25675675675675674,computational
2000,2009,"""murderland""",computer,computational,"That mail room kid was the longest lasting ""guest"" yet ! Maybe we can alter the computer records and make another ""guest"" from the more athletic of our staff.",0.5063291139240507,computational
2000,2009,"""murderland""",machine,computational,"Yes sir. It turns out we put an innocent man into the ""park"" and he was not the one who stole from the stamp machine. That is also about the time when Bruce began refusing.",0.6337209302325582,computational
2000,2009,"""murderland""",computer,computational,"What about that time when the mail room kid was accused of stealing and we put him in the ""Park"" ? Wasn't that a computer glitch ?",0.8692307692307693,computational
2000,2009,"""murderland""",phone,communication,"He has a phone pole sticking in his chest, I think we don't need an autopsy.",0.11842105263157894,communication
1990,1994,my girl 2,television,communication,"Humph, meee?? My dear, this is not a country that rewards poetry, this is a country that rewards gas mileage, besides, people don't read poetry anymore, they watch television. Don't be a poet, be a TV repairman.",0.7772511848341233,communication
1990,1994,my girl 2,tv,communication,"Humph, meee?? My dear, this is not a country that rewards poetry, this is a country that rewards gas mileage, besides, people don't read poetry anymore, they watch television. Don't be a poet, be a TV repairman.",0.7772511848341233,communication
1990,1994,my girl 2,phone,communication,"No, I'm writing to the phone company because they keep charging me for calls to Caracas, Venezuela...do you know any know anybody in Caracas, Venezuela?",0.1513157894736842,communication
1990,1994,my girl 2,phone,communication,Give us a break. All you have to do is make a phone call.,0.8070175438596491,communication
1990,1994,my girl 2,phone,communication,May I use the phone please.,0.5185185185185185,communication
1990,1991,my girl,phone,communication,You'd be doing hair and makeup and answering the phone.,0.8909090909090909,communication
1990,1991,my girl,tv,communication,Like they do on TV?,0.8421052631578947,communication
1990,1997,my best friend's wedding,phone,communication,"Nine years, we've seen each other through everything.  Losing jobs, losing parents, losing lovers... travelled all over, we've had the best times.  The best times of my life, maybe.  Just drinking and talking.  Even over a phone.",0.9737991266375546,communication
1990,1997,my best friend's wedding,computer,computational,"We could use... his computer, to... just E-mail those suckers right ou...",0.273972602739726,computational
1990,1997,my best friend's wedding,computer,computational,"It's just... up there... right in front of Walter's... y'know, computer. If memory serves.",0.7,computational
1990,1997,my best friend's wedding,machine,computational,"Yeh, well my old machine kept eating messages.  I tried constructively ignoring it in hopes of improvement, but finally...",0.13934426229508196,computational
1970,1975,nashville,television,communication,"It's on National television, Barnett.",0.4594594594594595,communication
1970,1975,nashville,television,communication,National television?,0.45,communication
1970,1975,nashville,tv,communication,"Listen, we're suppose to sing on TV day after tomorrow. At the park...",0.4714285714285714,communication
1970,1975,nashville,tv,communication,What National TV...?,0.7,communication
1990,1994,natural born killers,phone,communication,"...'Winner of the Golden Globe and the Edward R. Murrow award among others.' Tell 'em the name of your personal lawyer, his firm, his address, and phone number. Tell 'em about the mayor and the unemployment lines. You getting the idea?",0.625531914893617,communication
1990,1994,natural born killers,television,communication,"My problem Mickey, is that you don't exactly inspire empathy. I'm all alone on this. I need your help. I want what the prison board is doing to be the focus of our follow up episode. Now I have interviews with chairman of the prison board Dewight McClusky about this issue. And I'm tellin' ya, Mickey, he looks bad. The two psychologists they used for their psychiatric kangaroo court won't talk to us, which always looks bad. I have an interview with both the judge of your trial, Bert Steinsma, and the psychologist and author, Emil Reinghold, both of which discount the notion that you're insane. You put that all together, and what the state is doing becomes obvious. But the network isn't satisfied. They feel the show needs another element. It needs you. In order to put the show on the air, I need to get an interview with you. You haven't talked to the press since your trial. Now, a few days before you get transferred to an asylum, you grant an interview on television with Wayne Gayle. We're talkin' a media event here. Every son of a bitch out the with a TV set's gonna tune in to see that. We'll make their motives so blatant, we'll shame 'em into dropping the whole thing. At least for a little while, the publicity would keep them from just giving you and Mallory lobotomies. Well, whatta ya say?",0.738367658276125,communication
1990,1994,natural born killers,tv,communication,"My problem Mickey, is that you don't exactly inspire empathy. I'm all alone on this. I need your help. I want what the prison board is doing to be the focus of our follow up episode. Now I have interviews with chairman of the prison board Dewight McClusky about this issue. And I'm tellin' ya, Mickey, he looks bad. The two psychologists they used for their psychiatric kangaroo court won't talk to us, which always looks bad. I have an interview with both the judge of your trial, Bert Steinsma, and the psychologist and author, Emil Reinghold, both of which discount the notion that you're insane. You put that all together, and what the state is doing becomes obvious. But the network isn't satisfied. They feel the show needs another element. It needs you. In order to put the show on the air, I need to get an interview with you. You haven't talked to the press since your trial. Now, a few days before you get transferred to an asylum, you grant an interview on television with Wayne Gayle. We're talkin' a media event here. Every son of a bitch out the with a TV set's gonna tune in to see that. We'll make their motives so blatant, we'll shame 'em into dropping the whole thing. At least for a little while, the publicity would keep them from just giving you and Mallory lobotomies. Well, whatta ya say?",0.738367658276125,communication
1990,1994,natural born killers,network,computational,"My problem Mickey, is that you don't exactly inspire empathy. I'm all alone on this. I need your help. I want what the prison board is doing to be the focus of our follow up episode. Now I have interviews with chairman of the prison board Dewight McClusky about this issue. And I'm tellin' ya, Mickey, he looks bad. The two psychologists they used for their psychiatric kangaroo court won't talk to us, which always looks bad. I have an interview with both the judge of your trial, Bert Steinsma, and the psychologist and author, Emil Reinghold, both of which discount the notion that you're insane. You put that all together, and what the state is doing becomes obvious. But the network isn't satisfied. They feel the show needs another element. It needs you. In order to put the show on the air, I need to get an interview with you. You haven't talked to the press since your trial. Now, a few days before you get transferred to an asylum, you grant an interview on television with Wayne Gayle. We're talkin' a media event here. Every son of a bitch out the with a TV set's gonna tune in to see that. We'll make their motives so blatant, we'll shame 'em into dropping the whole thing. At least for a little while, the publicity would keep them from just giving you and Mallory lobotomies. Well, whatta ya say?",0.738367658276125,communication
1990,1994,natural born killers,television,communication,"Drink up! This is a celebration. This is the day we received word we were gonna make television history. We're gonna have the first sit down, in depth interview with the most charismatic serial killer ever, one day before he's being shipped to a mental hospital for the rest of his life. This is one of those golden moments that happens maybe only four times in a lucky journalist's career. This is Wallace with Noriega, this is Elton John confessing his bi-sexuality to the Rolling Stone, this is the tearful reporting of the Hindenberg disaster, this is Truffaut setting the record straight on Hitchcock, this is a Robert Capa photo, this is Woodward and Bernstien meeting Deep Throat in an underground parking lot, this is John Reid reporting 'The Ten Days That Shook The World', this is the hippies' bloody palms at Kent State, the Maysles brothers at Altamont, this is the Nixon/Frost interviews...",0.09413067552602436,communication
1990,1994,natural born killers,network,computational,Would the network really not run it without the interview?,0.1724137931034483,computational
1990,1994,natural born killers,phone,communication,"Hello, Mr. Gayle. I'm Phil Wurlitzer. We talked on the phone. It's a pleasure to meet you.",0.6111111111111112,communication
1980,1988,neuromancer,signal,communication,A place to tap in. I can scramble that signal before this place is crawling with guardsmen.,0.42857142857142855,communication
1980,1988,neuromancer,computer,computational,"The Villa Straylight. Home of the Royal Family and the mainframe of the computer entity we know as Wintermute. If we can get Molly in, she can access the mainframe to cripple Mute's defences, the Case can destroy it in Cyberspace.",0.3130434782608696,computational
1980,1988,neuromancer,computer,computational,An Artificial Intelligence. A computer system that's developed the capacity for sentient thought. They're dangerous and totally unpredictable.,0.2112676056338028,computational
1980,1988,neuromancer,computer,computational,You get us access to the Tessier's computer and you can return to Earth anytime you want. A free man.,0.3465346534653465,computational
1980,1988,neuromancer,computer,computational,"Offworld. The A.I.... this ""Wintermute"" thing evolved on a computer mainframe on the satellite Freeside. If you attack it from within the matrix while Molly accesses its original programming we can cripple its defence systems.",0.2610619469026549,computational
1980,1988,neuromancer,computer,computational,This one's different. No one can trace it. It's out there somewhere in the matrix and it's growing stronger... infecting other computer systems like a virus.,0.8089171974522293,computational
1980,1988,neuromancer,computer,computational,"Our analysis of the London stock crash suggest that it was manipulated from within the international computer matrix. Cyberspace, Mr. Case... A realm I believe you're familiar with.",0.5580110497237569,computational
1980,1988,neuromancer,machine,computational,Wintermute could have infiltrated that machine. Reprogrammed him.,0.6,computational
1980,1988,neuromancer,machine,computational,"He was an M.P. in Bangkok back in '21. Caught some shrapnel in the cerebral cortex and wound up living off a machine in a vegetable ward in Berne. Then, last September... surprise, surprise... he just seemed to disappear.",0.49321266968325794,computational
1980,1988,neuromancer,machine,computational,I can't feel nothing because I am nothing.  Just playback. A ghost in the machine.,0.9024390243902439,computational
1980,1988,neuromancer,computer,computational,"When I was fifteen Sense/Net iced my old man's credit record over some computer error. Once that goes down, that's it. He lost his business... everything. It destroyed him. I had to hustle arcade games for chump change. Dixie McCoy found me, figured I was a natural. He taught me the wires for a piece of the action.",0.22468354430379747,computational
1980,1988,neuromancer,computer,computational,"Everybody's favourite computer, of course. He may have out calculated the rest of you, but I have certain qualities that don't translate well on microchips.",0.14102564102564102,computational
1990,1999,never been kissed,machine,computational,"Last night. 7:30. Big Cup. I kept calling you, but I only got your machine. I don't even know your parents line and I was really worried.",0.48905109489051096,computational
1990,1999,never been kissed,computer,computational,Computer's down. Septuplets story. I need it back by five. Hopefully the copy's not a mess.,0.0,computational
1980,1985,a nightmare on elm street part 2: freddy's revenge,phone,communication,There's a Jesse on the phone.,0.7931034482758621,communication
1980,1987,a nightmare on elm street 3: dream warriors,tv,communication,"Oh, right.  You're gonna be a TV star.",0.7894736842105263,communication
1980,1987,a nightmare on elm street 3: dream warriors,tv,communication,I can see that. You watch too damn much TV.,0.9302325581395349,communication
1980,1987,a nightmare on elm street 3: dream warriors,tv,communication,Watching TV.,0.75,communication
1980,1987,a nightmare on elm street 3: dream warriors,television,communication,"I'm running out of answers. A patient sleepwalks out of a security ward up to a tower with no access.  A girl, alone in a room, dies by jumping six feet straight up into a television set. Nothing makes sense anymore.",0.7962962962962963,communication
1990,1999,notting hill,phone,communication,I also have a phone.  I'm confident that in five minutes we can have you spick and span and back on the street again... in the non-prostitute sense obviously.,0.08860759493670886,communication
1990,1999,notting hill,phone,communication,Nice one.  Would you like my phone number?,0.6904761904761905,communication
1990,1999,notting hill,phone,communication,The phone number of Anna Scott's agent in London and her agent in New York. You can ring her.  You think about her all the time -- now you can ring her!,0.02631578947368421,communication
1990,1999,notting hill,phone,communication,Excuse me -- it's your mother on the phone.,0.8604651162790697,communication
1990,1994,only you,telephone,communication,Let's find a telephone.,0.5652173913043478,communication
1990,1994,only you,telephone,communication,Ask her if she knows how I might reach him?  If she has a telephone number?,0.7733333333333333,communication
1990,1994,only you,phone,communication,A phone message.  Only--,0.08333333333333333,communication
1960,1965,orgy of the dead,telephone,communication,"Well, it's probably just the caretaker, and that's exactly who we want to find.  They'll have a telephone.  C'mon.",0.8421052631578947,communication
1990,1998,out of sight,phone,communication,But you spoke to him on the phone.,0.8235294117647058,communication
1990,1998,out of sight,phone,communication,"Listen, Buddy, the shit that's about to go down, you'll be on the phone with your sister for a month.  Let me do this part alone.",0.5116279069767442,communication
1990,1998,out of sight,phone,communication,Her phone's probably tapped.,0.14285714285714285,communication
1990,1998,out of sight,radio,communication,"Take the radio, stay down here in the lobby, watch the elevator.",0.140625,communication
1990,1998,out of sight,tv,communication,I've seen 'em used on TV.,0.88,communication
1990,1998,out of sight,tv,communication,"Takes the TV, the VCR, some other shit and leaves his wallet on the floor.",0.13513513513513514,communication
1990,1998,out of sight,phone,communication,"There's a guy here on the task force right now.  Maybe I should put him on the phone, let you two work it out.",0.7181818181818181,communication
1990,1998,out of sight,phone,communication,Who was it answered the phone?,0.8,communication
1990,1998,out of sight,network,computational,"<i>Network</i>.  Yeah, she was good.",0.08333333333333333,computational
1990,1998,out of sight,tv,communication,"Yeah, I liked her in that movie about TV...",0.8837209302325582,communication
1990,1998,out of sight,computer,computational,Time I was convicted in California? FBI told me I'd robbed more banks than anyone in the computer.,0.9081632653061225,computational
1990,1998,out of sight,phone,communication,"That's Kenneth, my brother.  He's talking on the phone.",0.8909090909090909,communication
2000,2001,pearl harbor,radio,communication,"Anthony, Red, stay with the guns!  Coma, you cover the cannons!  Joe, Theo, come with us!  Earl, you get on the radio! We're gonna fight these fuckers.",0.7417218543046358,communication
2000,2001,pearl harbor,screen,computational,"We have a fighter screen up, in case we are attacked, Admiral.",0.2903225806451613,computational
2000,2001,pearl harbor,radio,communication,"Set up teams of radio operators to send out messages the Americans will intercept, concerning every potential American target in the Pacific.  Include Hawaii -- the clutter will be more confusing that way.",0.07804878048780488,communication
2000,2001,pearl harbor,radio,communication,"We have bombed Tokyo, Mr. President. Radio Tokyo interrupted it's own broadcast to make the announcement.",0.3523809523809524,communication
1980,1986,peggy sue got married,machine,computational,You know. Your love machine... the throbbing thrill hammer... your thing!,0.273972602739726,computational
1980,1986,peggy sue got married,phone,communication,I'm fine Peggy Sue. And how are you? Are we talking on the phone? Are we pen pals?,0.7195121951219512,communication
1980,1986,peggy sue got married,computer,computational,"Listen Dad, please. Buy IBM, buy Polaroid, buy Apple Computer. No, no. Not yet. Buy Xerox!",0.5888888888888889,computational
1980,1986,peggy sue got married,machine,computational,"Mom, how about a machine that's like your blender, only it slices vegetables, kneads dough, chops meat and even make fresh pasta?",0.13178294573643412,computational
1980,1986,peggy sue got married,tv,communication,"All right. These are the choices: microwave ovens, pocket calculators, Walkmans, digital watches and miniature TV's.",0.9568965517241379,communication
1980,1986,peggy sue got married,digital,computational,"All right. These are the choices: microwave ovens, pocket calculators, Walkmans, digital watches and miniature TV's.",0.9568965517241379,communication
1980,1986,peggy sue got married,machine,computational,You have a blind grandfather. One day you're going to invent a machine that reads books for blind people. I read about it. You're going to be famous. You're going to invent a lot of things.,0.3333333333333333,computational
1990,1992,pet sematary ii,phone,communication,"Uh... no. You just... look different than you sounded on the phone. Please, come in.",0.7261904761904762,communication
1990,1993,philadelphia,television,communication,"I've seen your television commercials. ""If you or anyone you know has been injured through the fault of others... It should say, ""through the <u>negligence</u> of others.""",0.08771929824561403,communication
1990,1993,philadelphia,computer,computational,"Very interesting, Bob. Let's make a note of that. Andy didn't lose the complaint in his computer. He never put it in. He lied about that, too.",0.6197183098591549,computational
1990,1993,philadelphia,computer,computational,"No matter how hard I try, I can't lose a file in my computer.",0.8524590163934426,computational
2000,2000,pitch black,screen,computational,Smoke screen for what?,0.2727272727272727,computational
2000,2000,pitch black,screen,computational,"Oh, don't use her like that, for a smoke screen.",0.8541666666666666,computational
2000,2001,planet of the apes,signal,communication,What signal?,0.4166666666666667,communication
2000,2001,planet of the apes,signal,communication,Landon! Send a last signal.,0.7407407407407407,communication
1980,1986,platoon,television,communication,"Baaaa! Fuck it, they sold us out - so what! What'd you'all expect? Civilian life is phoney BULLSHIT man. They're ROBOTS man - watchin' dopey television and drivin' dopey cars, and they fuck up, nobody dies. That's all right, you keep fuckin' up, politicians keep lyin'. Cause it don't really matter. Don't mean shit. So what! Whatcha want - a parade! Fuck that too! No war time no grunt never got no respect. Till he was dead - and even THEN! You're fighting for YOURSELF man! You're fighting for your SOUL, dat's all. Remember dat. And it's some goddamn battle too - if you'se a man, wrestle with that angel...  ...Love and Hate - the whole shitbang show, that's the story then and now and it ain't hardly gonna change...",0.19529085872576177,communication
1990,1996,playback,radio,communication,"Information--protection--you might even want to hire me to go home and listen to the radio.  That's the funny part of my business-- once in a while, I get hired not to work.  Nice girl you were with last night. Known her long?",0.37610619469026546,communication
1990,1996,playback,phone,communication,"If you're asking my opinion, no. I'd read it to Greer over the phone. Ask him if he had any objections.",0.6116504854368932,communication
1990,1996,playback,telephone,communication,"Greer and Goble in the Call Building, San Francisco.  Just like you thought...Two murders in two days.  Different places, different methods, different people. Nothing connects them, but a telephone number.",0.9170731707317074,communication
1990,1996,playback,phone,communication,"Gigi, huh?  Sounds French--one of those fancy ladies.  Must have been very fancy, if he scratched her phone number in gold.",0.8292682926829268,communication
1980,1983,the ploughman's lunch,radio,communication,"These are transcripts of various radio broadcasts, including Gaitskill's, the one they tried to stop.  You ought to have that ...",0.2558139534883721,communication
1980,1983,the ploughman's lunch,radio,communication,In radio we're different.,0.12,communication
1980,1983,the ploughman's lunch,television,communication,I don't trust anyone.  That's what comes of working in television.,0.8333333333333334,communication
1980,1983,the ploughman's lunch,tv,communication,"It makes me weepy just to remember it.  So we were fine again, and then she got married to Matthew who's a womaniser and a bit of a yob, but quite nice really, makes TV commercials.  What about yours.",0.83,communication
1980,1983,the ploughman's lunch,television,communication,"Everyone describes the same process. At first it is exciting.  You're at the centre of the world.  As soon as anything happens, you're the first to know about it.  And there are deadlines a dozen times a day, even more, and that's intimidating and exciting.  Then you get the hang of it and the excitement wears off.  Your a clerk in a rather dowdy Office.  There's none of the glamour of television, or the penetration of serious journalism.  You're a processor of semi-official news.  Some people leave at this stage.  Then, if you hang on, and especially if you're promoted, you discover a new kind of pleasure.  You're pleased by the ease with which you can write summaries and bulletins from news agency printouts, by the way you ca judge length.  Ending a broadcast on the dot, having everything run smoothly, selecting a running order that makes sense, knowing instinctively what you can and cannot do.  Professionalism.",0.41963322545846815,communication
1980,1983,the ploughman's lunch,tv,communication,"Tame those rights...you know, we're even freighting in a couple of exiled Argie trade unionists from Paris for a TV tie in.  One of them had his balls tap-danced on by the secret police.  The other one had to be hosed off the wall of his cell after the police-- yes my good man?",0.4064748201438849,communication
1980,1983,the ploughman's lunch,phone,communication,"I'm terribly sorry.  He doesn't seem to be here ... No ... Yes, if I see him, I will. .. Goodbye. She's going to phone back.",0.9112903225806451,communication
1980,1983,the ploughman's lunch,television,communication,"I'll tell you another thing.  We might have led the world once into the Industrial Revolution, now we lead with television commercials. We're the best, it's as simple as that.  Even the Americans will admit it now ... the camera work, the acting, the scripts, special effects.  We've got the lot.  Nearly all the good directors here have ambitions to make serious films.  That food you're eating.",0.2828282828282828,communication
1980,1983,the ploughman's lunch,television,communication,"It's true!  I was here last year doing a piece, remember?  I was in the bar with all these Northern trade unionists and their sponsored MPs.  They were all incredibly fat and beery, huge trousers and braces. And so sweet.  They all stood round me like children saying 'You! Working for television?  You're just a young thing.'  They wouldn't let me buy drinks even when I told them the programme was paying. They kept looking at my pass which was pinned here and saying  'Oo, can I?'",0.5921325051759835,communication
1990,1991,point break,signal,communication,"That's right.  And we nailed over a thousand of them.  We did it by crunching data.  Good crime-scene work, good lab work, good data-base analysis.  Nobody had to tackle a car once.  You getting the signal, special agent?",0.9004524886877828,communication
1990,1991,point break,data,computational,"That's right.  And we nailed over a thousand of them.  We did it by crunching data.  Good crime-scene work, good lab work, good data-base analysis.  Nobody had to tackle a car once.  You getting the signal, special agent?",0.9004524886877828,communication
1980,1987,predator,network,computational,She's too valuable. She's got to know their whole network. The whole set up. We take her with us.,0.5154639175257731,computational
1980,1987,predator,radio,communication,Our rendezvous points and radio freqs. are indicated and fixed. AWACS contact on four hour intervals.,0.25742574257425743,communication
1990,1990,pretty woman,phone,communication,Mr. Kross is just getting off the phone with his stock broker. It's finished.  You've won.,0.37777777777777777,communication
1990,1990,pretty woman,television,communication,Television?,0.0,communication
1990,1990,pretty woman,television,communication,Know what we're gonna do in a little while then?  We're gonna call Domino's and have'm deliver a bigass pizza.  We're gonna eat it in bed.  We're gonna veg' out and watch television.,0.9395604395604396,communication
1990,1990,pretty woman,robot,computational,"We're the exactly the same!  Kit keeps telling me don't get emotional when you turn tricks -- that's why no kissing -- it's too personal. The key is like you're saying, stay numb, don't get involved -- when I'm with a guy, I'm a robot, I just do it.  Except with you.  At your price I give my all...",0.7658862876254181,computational
1990,1990,pretty woman,phone,communication,I thought I told you not to answer the phone.,0.8666666666666667,communication
1990,1990,pretty woman,phone,communication,Never answer the phone.  Ever.,0.5666666666666667,communication
1990,1990,pretty woman,phone,communication,I had to call.  I jus got off the phone with James Kross.  Get this.  He wants to see you. Today.,0.35051546391752575,communication
1990,1990,pretty woman,phone,communication,"Really?  Some high class gold digger who speaks French better than I do?  No, thank you.  I just got off the phone with one.",0.8790322580645161,communication
1980,1987,the princess bride,machine,computational,You survived the Fire Swamp. You must be very brave...  ... but nobody withstands The Machine. ---------------------------------------------------------------------------                                                           69.,0.3706896551724138,computational
1980,1987,the princess bride,television,communication,"That's right. When I was your age, television was called books. And this is a special book. It was the book my father used to read to me when I was sick, and I used to read it to your father. And today, I'm gonna read it to you.",0.15350877192982457,communication
1980,1987,the princess bride,network,computational,My spy network has heard no such news.,0.18421052631578946,computational
1980,1987,the princess bride,machine,computational,"Now, where is that secret knot? It's impossible to find.  Are you coming down into the Pit? Westley's got his strength back. I am starting him on The Machine tonight.",0.9036144578313253,computational
1960,1968,the producers,phone,communication,Get on the phone.  Send out a casting call.  Call every agent in town.  I want to see everybody. Everybody.,0.102803738317757,communication
1960,1960,psycho,phone,communication,"You came up here on a hunch, Miss Crane? Nothing more? No phone call... from him, or from your sister herself?",0.5272727272727272,communication
1960,1960,psycho,phone,communication,You better run out to the house. She may be... unable to answer the phone...,0.8947368421052632,communication
1960,1960,psycho,phone,communication,"He didn't mention the money.  What he said on the phone isn't important, is it?  He was supposed to come back after he spoke to the mother, and he didn't! That's what I want you to do something about!",0.25,communication
1960,1960,psycho,phone,communication,"Last Friday. She left work, and home... I was in Tucson over the weekend... I haven't heard from her, not even a phone call.",0.9112903225806451,communication
1990,1991,rambling rose,phone,communication,"Walked, in all that heat? It's a wonder she hasn't got sunstroke. I'll phone Daddy and you go get Doll Baby and Waski.",0.6016949152542372,communication
1990,1991,rambling rose,phone,communication,"Ah, ha! Hold the phone! No forwarding address, huh?  In the shock of this brilliant move, I forgot something.",0.1559633027522936,communication
1990,1991,rambling rose,phone,communication,"Just a minute, Rose, you don't understand. This isn't a dirt farm like the one you were born on, it's nice. A neighbor of Cousin Hop's, I talked to him on the phone, a fine man... it's not a farm, damn it, it's a beautiful dairy establishment! Stop crying, Rose! Do you hear me? Stop crying, it's ideal!",0.5247524752475248,communication
1990,1991,rambling rose,telephone,communication,"I'll drive you, darlin'. You've got no business behind the wheel of an automobile. You don't think about what you're doing and you'll run into a telephone pole.",0.90625,communication
1980,1983,star wars: episode vi - return of the jedi,machine,computational,I also thought he could be turned back to the good side. It couldn't be done. He is more machine now than man. Twisted and evil.,0.6953125,computational
1970,1975,the rocky horror picture show,phone,communication,So baby don't cry like there's no tomorrow After the night there's a brand new day. And there'll be no pain And no more sorrow. So wash your face And phone my place It'll be O.K.,0.8426966292134831,communication
1970,1975,the rocky horror picture show,phone,communication,We can't go anywhere until I get to a phone.,0.8636363636363636,communication
1970,1975,the rocky horror picture show,telephone,communication,"Just a moment, Janet.  They may have a telephone.",0.7959183673469388,communication
1970,1975,the rocky horror picture show,phone,communication,"I'm coming with you.  Besides, darling, the owner of the phone might be a beautiful woman and you may never come back.",0.4830508474576271,communication
1970,1975,the rocky horror picture show,telephone,communication,Didn't we pass a castle back down the road a few miles?  Maybe they have a telephone I might use.,0.7731958762886598,communication
1970,1975,the rocky horror picture show,phone,communication,"Uh - oh - Hi!  My name is Brad Majors. And this is my fiancee, Janet Weiss.  I - ah - wondered if you could help us.  Our car has broken down about two miles up the road.  Do you have a phone we might use?",0.9073170731707317,communication
1970,1976,rocky,television,communication,Y'know how I said that stuff on television didn't bother me?,0.5333333333333333,communication
1970,1976,rocky,tv,communication,How'd ya like hearin' ya name on TV?,0.9166666666666666,communication
1970,1976,rocky,phone,communication,Do you have a phone?,0.7,communication
1970,1976,rocky,phone,communication,"Yo, Rock. I made a few phone calls an' thanks to me ya goin' to be a big man -- Thatta dog?",0.25274725274725274,communication
1990,1998,ronin,phone,communication,"Check this out.  Gregor's a spook, or he was one until recently.  When he was a spy he lived the life -- you know, a prince in some Eastern Bloc country where nobody had shit and Gregor had everything.  Then the wall goes down.  No more Cold War.  And Gregor is out of a job.  No apartment, no special stores with Western food and video tapes.  I would bet dollars against shit that Gregor liked that phone and he doesn't want to give it up.  And I wouldn't be surprised if he's arrogant enough to think...",0.7924901185770751,communication
1990,1998,ronin,phone,communication,"I bought it for him -- all the stuff he was using, it was in his contract.  Cost a nice penny, too, especially that goddamned phone: Gregor had expensive tastes.",0.782608695652174,communication
1990,1998,ronin,phone,communication,"I use my cell phone to get computer access to the telecommunications satellite used by our target.  I trace his cell phone signature and use it to pin point his location as he moves through Nice, relaying that information to you.",0.0611353711790393,communication
1990,1998,ronin,computer,computational,"I use my cell phone to get computer access to the telecommunications satellite used by our target.  I trace his cell phone signature and use it to pin point his location as he moves through Nice, relaying that information to you.",0.0611353711790393,communication
1990,1998,ronin,phone,communication,"I intend to.  This phone is wired like no other: it's got an encryption chip and instant sat-a-link recognition, it can talk to any computer in any language and make it understand.  With my custom hardware and this phone I can trace the target's cell phone signature and follow him anywhere he goes...",0.06312292358803986,communication
1990,1998,ronin,computer,computational,"I intend to.  This phone is wired like no other: it's got an encryption chip and instant sat-a-link recognition, it can talk to any computer in any language and make it understand.  With my custom hardware and this phone I can trace the target's cell phone signature and follow him anywhere he goes...",0.06312292358803986,communication
1990,1998,ronin,computer,computational,"These days they they call me Gregor -- and I'm a tech.  I do electronic work, surveillance, computer runs.",0.8679245283018868,computational
1990,1998,ronin,phone,communication,"What I do is none of your concern.  What you should do is wait for my next phone call.  I'm going to find a place where I can tilt the field in my favor.  When I'm ready, I'll call you and tell you what I want you to do.",0.3409090909090909,communication
1990,1998,ronin,phone,communication,Gregor's cell phone...,0.6363636363636364,communication
1990,1998,route 9,phone,communication,"I know, I know.  Dwayne's dead, but we can deal with it.  We'll pin it on him.  The DEA was driving Jesse's car. No car phone.  No radio.  They couldn't have called me in.",0.7017543859649122,communication
1990,1998,route 9,radio,communication,"I know, I know.  Dwayne's dead, but we can deal with it.  We'll pin it on him.  The DEA was driving Jesse's car. No car phone.  No radio.  They couldn't have called me in.",0.7017543859649122,communication
1990,1998,route 9,radio,communication,"Hell no. besides I'm just a radio call away if something happens. I feel I should keep abreast of what happens, seeing it's my jurisdiction and all.",0.1891891891891892,communication
1990,1998,route 9,phone,communication,"Well they really didn't go into any details on the phone, but they did ask for you, and I figure we should try to help them out as best we can.",0.35664335664335667,communication
1990,1998,route 9,tv,communication,"No, Dwayne, you go ahead and relax, have a six pack and fall asleep in front of the TV, and come upstairs and pass out.  And do it all over again tomorrow!",0.5419354838709678,communication
1990,1998,rush hour,phone,communication,You know what a phone booth is?!,0.5,communication
1990,1998,rush hour,radio,communication,"Let me give you a piece of advice: never touch another man's radio. You do it again, nobody, not Rhonda, not Yolanda, gonna save your ass.",0.4420289855072464,communication
1990,1998,rush hour,phone,communication,Eleven thirty tomorrow the Ambassador will receive a phone call telling him where the drop is.  He said the bomb was a demonstration of their sincerity.,0.34868421052631576,communication
1990,1993,sleepless in seattle,phone,communication,Couldn't you just do a phone interview?,0.5897435897435898,communication
1990,1993,sleepless in seattle,radio,communication,"Becky heard this woman on the radio complaining about this guy she was sure was Rick, which meant he was cheating on her.  She was completely hysterical.  Then it turned out the woman lived in Duluth.",0.15,communication
1990,1993,sleepless in seattle,radio,communication,Miss Scarlett.  In the broom closet.  With the radio.,0.8867924528301887,communication
1990,1993,sleepless in seattle,radio,communication,"It's a sign I've watched this movie too many times.  I'm so stupid.  From the minute I listen to that stupid program on the radio, I've been a complete jerk.",0.7898089171974523,communication
1990,1993,sleepless in seattle,radio,communication,I thought I would look into doing a story about those radio shows.,0.8181818181818182,communication
1990,1993,sleepless in seattle,radio,communication,Turn on your radio!,0.6842105263157895,communication
1990,1993,sleepless in seattle,radio,communication,"I know that.  You think I don't know that? ""I know that's a dumb way to begin, but it's the only way I can think of to convey what happened to me the other night when I heard the two of you on the radio.  On the other hand, maybe I'm just losing my mind.""",0.7725490196078432,communication
1990,1993,sleepless in seattle,radio,communication,"""I am not the sort of person who listens to call-in radio shows"" --",0.7761194029850746,communication
1990,1993,sleepless in seattle,radio,communication,"I'll tell you the truth, I heard this guy on a call-in radio show and I might not marry the person I should marry because I've become obsessed with him.",0.3618421052631579,communication
1990,1993,sleepless in seattle,radio,communication,"And if I could describe it, it probably wouldn't be on a radio show.  But what the hell.  It's not one specific thing.  It's more of a feeling.",0.3986013986013986,communication
1990,1993,sleepless in seattle,network,computational,Dr. Marcia Fieldstone of Network America.,0.6097560975609756,computational
1990,1993,sleepless in seattle,network,computational,"Hello, Sam, this is Dr. Marcia Fieldstone on Network America.",0.7377049180327869,computational
1990,1993,sleepless in seattle,radio,communication,What kind of person would write to someone they heard on the radio?,0.9104477611940298,communication
1990,1993,sleepless in seattle,radio,communication,Did you call that radio station again?,0.47368421052631576,communication
1990,1993,sleepless in seattle,phone,communication,You have to give them your phone number or they won't let you go on the air.,0.35526315789473684,communication
1990,1993,sleepless in seattle,phone,communication,How did they get our phone number?,0.6176470588235294,communication
1990,1993,sleepless in seattle,phone,communication,There's somebody on the phone for you.  His name is Sam.,0.42857142857142855,communication
1990,1993,sleepless in seattle,radio,communication,It'll take him a while to come around.  A month ago he called one of those radio call-in shows and told them I needed a wife --,0.5905511811023622,communication
1950,1954,salt of the earth,signal,communication,Why didn't you give a warning signal?,0.8108108108108109,communication
1950,1954,salt of the earth,radio,communication,Is that all you care about? That radio? Can't you think of anything except yourself?,0.39285714285714285,communication
1950,1954,salt of the earth,radio,communication,"All right. Have your strike. I'll have my baby. But no hospital will take me, because I'll be a striker's wife. The store will cut off our credit, and the kids will go hungry. And we'll get behind on the payments again, and then they'll come and take away the radio...",0.9701492537313433,communication
1950,1954,salt of the earth,radio,communication,"Do the bosses wait? No sanitation. So my kids get sick. Does the company doctor wait? Twenty bucks. So we miss one payment on the radio I bought for my wife. Does the company store wait? ""Pay -- or we take it away."" Why they in such a hurry, the bosses' store? They're trying to scare us, that's why -- to make us afraid to move. To hang on to what we got -- and like it! Well, I don't like it I'm not scared ... and I'm fed up -- to here!",0.296127562642369,communication
1990,1998,saving private ryan,screen,computational,"You see, I've got the best house in all of Addley.  It's not the biggest house, but it's got the best location, right next to the junior high baseball field.  The garage windows face left field.  The guy who owned the house before me had these heavy screen S put over them.  The first thing I did when I bought the place was take off those screens.  Two-hundred-twenty- two yards from home plate to my garage windows.  It takes a hell of a junior high kid to hit a ball that far.  I look at my garage windows as a Motivator and a way to scout the kids coming up, the ones who are going to give us a shot at the state championship.  I lay there in my hammock and every time I hear the sound of breaking glass, I know we're one step closer to winning it all.",0.3306878306878307,computational
1990,1998,saving private ryan,machine,computational,"They don't send planes to put out machine guns.  Two flank runners with surpressing fire.  I'm going right, whoever goes left has to be fast.",0.24113475177304963,computational
1990,1998,saving private ryan,machine,computational,A machine gun.,0.14285714285714285,computational
1990,1998,saving private ryan,machine,computational,Thanks for drawing that machine gun off me.,0.5581395348837209,computational
1990,1998,saving private ryan,radio,communication,We in radio contact with anybody up there?,0.14285714285714285,communication
1990,1998,saving private ryan,machine,computational,OPENS UP with the MACHINE GUN.,0.6,computational
1980,1989,say anything...,phone,communication,I draw the line at seven un-returned phone calls.,0.7551020408163265,communication
1980,1989,say anything...,telephone,communication,"Oh yeah.  There was, uh, somebody on the plane worked in a recording studio, and, uh, we got this telephone call, this guy is making a sound effects record, and he'd gotten our address and he wanted to know if he could come over and record her scream.",0.3904382470119522,communication
1980,1989,say anything...,phone,communication,I just had a phone call.,0.5416666666666666,communication
1980,1989,say anything...,phone,communication,"Why don't I just get your phone number, that's usually how it works.",0.38235294117647056,communication
1990,1997,scream 2,television,communication,On national television.,0.5217391304347826,communication
1990,1997,scream 2,phone,communication,"I also know that you're an aging TV reporter slash writer who, despite huge tabloid success, has some self worth issues regarding your personal life which directly effects your professional life in a non-positive manner. A coupla failed relationships with--I'm guessing balding, older men--have turned you into this bitch with a cell phone. But I bet sometimes, late at night, when you're all alone a sadness seeps to the surface and in a moment of clarity you know that all you really want is to be touched and held and fondled.",0.6313799621928167,communication
1990,1997,scream 2,tv,communication,"I also know that you're an aging TV reporter slash writer who, despite huge tabloid success, has some self worth issues regarding your personal life which directly effects your professional life in a non-positive manner. A coupla failed relationships with--I'm guessing balding, older men--have turned you into this bitch with a cell phone. But I bet sometimes, late at night, when you're all alone a sadness seeps to the surface and in a moment of clarity you know that all you really want is to be touched and held and fondled.",0.6313799621928167,communication
1990,1997,scream 2,screen,computational,"Maureen looks at Phil, confused...as if seeing for the first time...IT'S NOT PHIL. She pulls away when, the Ghost-masked Figure grabs her with one hand, the other one clutching the hunting knife. Maureen sees it, her mouth billowing forth a LOUD SCREAM That is matched by the entire audience as they SCREAM at the screen.",0.9781931464174455,computational
1990,1997,scream 2,screen,computational,"The crowd is really with the movie. Some even talk to the screen. ""You dumb bitch. Get out of the house."" etc.",0.5272727272727272,computational
1990,1997,scream 2,phone,communication,"Sssshhh. ON SCREEN The phone RINGS. The young girl pulls the shower curtain aside to reveal a robe hung on a hook. She grabs it, running from the bathroom, into the living room, grabbing the phone.",0.116751269035533,communication
1990,1997,scream 2,screen,computational,"Sssshhh. ON SCREEN The phone RINGS. The young girl pulls the shower curtain aside to reveal a robe hung on a hook. She grabs it, running from the bathroom, into the living room, grabbing the phone.",0.116751269035533,communication
2000,2000,scream 3,screen,computational,"I did. Hon, although I got a total of six minutes screen time, they're the best six minutes of the movie.",0.47619047619047616,computational
2000,2000,scream 3,tv,communication,I don't watch TV and I hate books. Whatta you need?,0.27450980392156865,communication
2000,2000,scream 3,radio,communication,"Alright, calm down. I'm going to radio in for backup right now.",0.5238095238095238,communication
2000,2000,scream 3,tv,communication,"I used to think I had the perfect mom, perfect family.  Till I found out I was wrong.  She had a secret life, and I tried to understand that, and soon as I thought I had, more secrets.  I don't' know who my mom was.  Sometimes I feel like I'm just learning about my mother for the first time. You know, with TV and those movies and what not. God sometimes I feel like I'm just learning about myself for the first time. Like I'm watching my life instead of living in it.",0.6567164179104478,communication
2000,2000,scream 3,tv,communication,"Before you jump to conclusions, the man in the picture, COTTON WEARY, is out of the country on business. His alibi checks out. Seems he's got a TV show in Australia, 100% COTTON. It's supposedly the biggest thing down under since Yahoo Serious, but that's besides the point.",0.5255474452554745,communication
2000,2000,scream 3,tv,communication,I figured I'd be safe If I was at least up here with the people I care about.  Now where's this Kincaid guy the news is talking about? I found this place from a FOX 5 TV NEWS REPORT. Heh.,0.893048128342246,communication
2000,2000,scream 3,phone,communication,Has anyone else every used your phone?,0.8421052631578947,communication
2000,2000,scream 3,phone,communication,Do you have her number stored in your memory?  Phone memory!,0.7833333333333333,communication
2000,2000,scream 3,phone,communication,Who's phone?,0.5,communication
2000,2000,scream 3,network,computational,"Dewey, what the hell is she rambling about now? What's wrong Jen, see yourself on one of those USA NETWORK winners you did and realize how badly you suck at acting?",0.6036585365853658,computational
2000,2000,scream 3,tv,communication,Well how would you like his rotten carcass dug up and drug all over National TV? Why don't you start talking.,0.7064220183486238,communication
2000,2000,scream 3,tv,communication,"Heh, well, that's TV journalism for ya. Stage the news to boost ratings.",0.25,communication
2000,2000,scream 3,computer,computational,"Wait a second Sid. Don't you go jumping the gun. You haven't seen the best part.  With the aides of the computer revolution of y2kI've been able to steal your voice.  Ain't it cool? Listen to what the police are gonna find next to your lifeless, mutilated body.",0.39846743295019155,computational
2000,2000,scream 3,phone,communication,"All right, since I got you on the phone, let's talk about your character.",0.4657534246575342,communication
2000,2000,scream 3,internet,computational,"Goddamnit I am getting so fed up with these re-writes. It's like every five minutes there's a new script. God, and you just know this all because of STAB 2's script winding up on the internet two months after it wrapped shooting.",0.7991266375545851,computational
1990,1996,scream,phone,communication,"No, but if it were you, that would have been a very clever way to throw me off track. Using your one phone call to call me so I wouldn't think it was you.",0.6558441558441559,communication
1990,1996,scream,phone,communication,When you're arrested -- you're allowed one phone call? Who did you call?,0.5972222222222222,communication
1990,1996,scream,television,communication,"Yeah, it was edited for TV. All the good stuff was cut out and I started thinking about us and how two years ago, we started off kinda hot and heavy, a nice solid ""R"" rating on our way to an NC17. And how things have changed and, lately, we're just sot of... edited for television.",0.9608540925266904,communication
1990,1996,scream,tv,communication,"Yeah, it was edited for TV. All the good stuff was cut out and I started thinking about us and how two years ago, we started off kinda hot and heavy, a nice solid ""R"" rating on our way to an NC17. And how things have changed and, lately, we're just sot of... edited for television.",0.9608540925266904,communication
1990,1996,scream,television,communication,"And I was home, bored, watching television, THE EXORCIST was on and it got me thinking of you.",0.3404255319148936,communication
1990,1996,scream,television,communication,People treat me like the Antichrist of television journalism.,0.639344262295082,communication
1990,1996,scream,phone,communication,We're tracking the cellular phone bill.,0.717948717948718,communication
1990,1996,scream,phone,communication,"Well, we can hope, can't we? We certainly don't have any leads. A ghost mask, a cellular phone -- not much there.",0.7876106194690266,communication
1990,1996,scream,phone,communication,"Listen up, Dewey, because it's bad. Real bad. Aircomp just faxed us. The calls were listed to Neil Prescott -- Sidney's father. He made the calls with his cellular phone. It's confirmed.",0.8817204301075269,communication
1990,1996,scream,phone,communication,What about the cellular phone bill?,0.6857142857142857,communication
1990,1996,scream,phone,communication,The phone's dead.,0.23529411764705882,communication
1970,1979,seven,computer,computational,"If you want to know who's been reading Paradise Lost, Purgatory, and say... The Life and Time of Charlie Manson, the Bureau's computer will tell you.  It might give us a name.",0.72,computational
1970,1979,seven,television,communication,All television does is teach children that it's really cool to be stupid and eat candy bars all day.,0.04,communication
1970,1979,seven,phone,communication,It's a package deal.  You get the phone with the office.,0.6071428571428571,communication
1970,1979,seven,phone,communication,"I meant to ask you something, Mills, when we spoke on the phone.  I can't help wondering... why here?",0.5742574257425742,communication
1990,1994,shallow grave,telephone,communication,"All right, then, go ahead, telephone. Telephone the police. Try again. No one's going to stand in your way. Go ahead. Tell them there's a suitcase of money and you don't want it.",0.15168539325842698,communication
1990,1994,shallow grave,phone,communication,Or maybe just phone out for a pizza?,0.3888888888888889,communication
1990,1994,shallow grave,phone,communication,"Tell you what. If you do remember seeing any of these guys, maybe you could give me a phone, on this number, any time you like.",0.6771653543307087,communication
1990,1994,shallow grave,phone,communication,"And if it sounds like I'm being killed, you'll phone the police, you'll tell them everything?",0.5053763440860215,communication
1990,1994,shallow grave,television,communication,It was on the television.,0.56,communication
1990,1994,shallow grave,telephone,communication,"Yes, the telephone, but if it's for me, I'm not in. HUGO You're not in.",0.1267605633802817,communication
1990,1994,shallow grave,telephone,communication,The telephone? It continues to ring.,0.1111111111111111,communication
1970,1975,shampoo,phone,communication,"Hey, I tried to get her off the phone.",0.8421052631578947,communication
1970,1975,shampoo,telephone,communication,"Hey, what's happening?  Mary! Telephone.  What's the matter?",0.5,communication
1970,1975,shampoo,phone,communication,I can't even stand to talk to her on the phone.,0.8723404255319149,communication
1970,1975,shampoo,television,communication,Television or movies?,0.0,communication
1970,1975,shampoo,phone,communication,"I'm always on the phone because you never let me see anybody, I can't even bring my girlfriends over to the house because they might run into you. You're driving me up the wall, Lester. You're even jealous of the dogs. I mean I've gotta have somebody I can talk to.",0.06792452830188679,communication
1970,1975,shampoo,phone,communication,"I called to tell you I was sending one over but the line was busy, you're always on the phone.",0.9361702127659575,communication
1980,1980,the shining,phone,communication,"Sir, I've been trying to make an urgent phone call up there,",0.6666666666666666,communication
1980,1985,silver bullet,phone,communication,Why hasn't he picked up the phone and told Constable Haller that someone is sending him poison-pen letters?,0.2616822429906542,communication
1980,1985,silver bullet,telephone,communication,"If Father Lowe is an innocent little lamb, why hasn't he picked up the telephone and called Constable Haller to tell him Marty's sending poison-pen letters?",0.4551282051282051,communication
1980,1985,silver bullet,telephone,communication,"I'll give you the telephone numbers of my ex-wives, dear boy- they'll be interested to hear that.",0.18556701030927836,communication
1990,1992,sister act,machine,computational,That machine.,0.38461538461538464,computational
1990,1992,sister act,phone,communication,You have a phone call.,0.5,communication
1990,1992,sister act,phone,communication,It's like the Stone Age.  The room time forgot.  What about a phone?,0.9117647058823529,communication
1990,1992,sister act,phone,communication,You see?  You see?  I have to get out of here   I have to make a phone call. Don't you get  it?  I'm in a convent! You're a nun!,0.5078125,communication
1990,1992,sister act,tv,communication,What if I was Vince?  You'd be dead right now.  What are you doing giving interviews on TV?,0.967032967032967,communication
1990,1992,sister act,data,computational,"Jesus.  Data-base hoods.  It's a wonderful world.  Beloved daughter missing.  Reward of two hundred and fifty thousand dollars. Please find our adored angel, we miss her so.  Dead or alive.",0.042328042328042326,computational
1990,1996,sling blade,phone,communication,"No, don't guess I do.  Scooter, good to meet you.  This is him, the one I talked to you about on the phone. Now like I said, I'll understand if you get nervous about it. I'm not gonna lie to you now, he did get in that trouble but then he was real young.",0.39763779527559057,communication
1990,1996,sling blade,tv,communication,"I told you to get away from here, didn't I? I'm tryin' to relax and look at TV.  What are you doin' with that piece of iron? I swear to God you're the weirdest son of a bitch I ever heard of.",0.39790575916230364,communication
1990,1996,sling blade,phone,communication,"Pick up the fuckin' phone and call 'em, I guess.",0.4166666666666667,communication
1990,1996,sling blade,machine,computational,"Thank ye.  I'm just getting around to tellin' you, but I fixed your warshin' machine.",0.9058823529411765,computational
1990,1996,sling blade,phone,communication,The other thing is I told your boss on the phone to send a man. Karl won't talk to women.,0.48314606741573035,communication
1990,1995,smoke,machine,computational,"Nice machine, Auggie. Where'd you find it?",0.11904761904761904,computational
1990,1995,smoke,radio,communication,"I bought it. Twenty-nine ninety-five on sale at Goldbaum's TV and Radio.  Well, that just about takes care of it, I guess. You'll be able to watch the ball games. You know, as a little break from your work.",0.32038834951456313,communication
1990,1995,smoke,tv,communication,"I bought it. Twenty-nine ninety-five on sale at Goldbaum's TV and Radio.  Well, that just about takes care of it, I guess. You'll be able to watch the ball games. You know, as a little break from your work.",0.32038834951456313,communication
1990,1995,smoke,radio,communication,"I listen on the radio. I can see the games just fine that way.  The world is in your head, remember?",0.16,communication
1990,1995,smoke,tv,communication,This is the first house I've been in without a TV.,0.94,communication
1990,1999,snow falling on cedars,phone,communication,"And when he came home.  Did he write you about this?  Or phone, perhaps.",0.7916666666666666,communication
1990,1999,snow falling on cedars,radio,communication,"Course, if Carl lost both batteries, dead in the water, his radio wouldn't work.  So how would he signal for help?",0.5263157894736842,communication
1990,1999,snow falling on cedars,signal,communication,"Course, if Carl lost both batteries, dead in the water, his radio wouldn't work.  So how would he signal for help?",0.5263157894736842,communication
1990,1999,snow falling on cedars,radio,communication,"Shorthard the radio transmis- sions, write 'em up, file 'em in a cabinet.  Nobody ever looks. Just take up space.",0.12389380530973451,communication
1990,1999,snow falling on cedars,radio,communication,You have the night watch?  On the radio.,0.85,communication
1990,1999,snow falling on cedars,radio,communication,"Maybe Carl picks up something about the freighter on his radio, which is now working.  Same report Milholland heard.  And <u>that</u> makes him get the lantern fast.  Before the freighter's wake can bang it around.",0.26635514018691586,communication
1950,1959,some like it hot,telephone,communication,Telephone call?  Who's got time for that?,0.0,communication
1950,1959,some like it hot,phone,communication,I'm a push-over for whom?  What is it? Who's on the phone?,0.896551724137931,communication
1950,1959,some like it hot,machine,computational,Shave?  At a time like this?  Those guys got machine guns - they're going to blast our heads off - and you want to shave?,0.371900826446281,computational
1950,1959,some like it hot,radio,communication,"Look, it's terribly sweet of you to want to help out - but it's no use.  I think the light switch is over there -  - and that's the radio.  It's like taking somebody to a concert when he's tone deaf.",0.6633165829145728,communication
1950,1959,some like it hot,signal,communication,"Yes, you're in the way.  He's waiting for a signal from his yacht.",0.6666666666666666,communication
2000,2005,the wedding date,internet,computational,"She blames Tony Pee-Pants Pinterello for everything. The fall of the British Empire, the Cold War, the internet.",0.9196428571428571,computational
2000,2005,the wedding date,phone,communication,There was something in your voice on the phone that day.,0.7321428571428571,communication
2000,2005,the wedding date,phone,communication,"Well, happen, in the sense that I picked up the phone, tracked you down, flew you here and gave you six grand out of my 401K.",0.384,communication
1990,1999,south park: bigger longer & uncut,television,communication,"Can I finish? Hello? Can I finish? ...The United States has graphic images of violence on television all the time, what is that one show? COPS? And car crashes caught on tape? We can't believe that a movie with some foul language and fart jokes would piss you off so much.",0.33088235294117646,communication
1990,1999,south park: bigger longer & uncut,device,computational,Success!! Our device works perfectly! We will begin mass production immediately!,0.175,computational
1990,1999,south park: bigger longer & uncut,tv,communication,"Oh, I don't care, I was just asking cuz all my favorite TV shows have been replaced by news and it's pissing me off.",0.4827586206896552,communication
1990,1999,south park: bigger longer & uncut,television,communication,We already know what you did. We saw it on television.,0.7962962962962963,communication
1990,1999,south park: bigger longer & uncut,signal,communication,Well find out where that signal is coming from!  Then hunt them down like dogs! Any and all Canadian influence must be stopped at all cost!,0.17985611510791366,communication
1990,1999,south park: bigger longer & uncut,tv,communication,"Terrance and Phillip are two VERY untalented, unfunny actors from Canada. Their TV show is filled with toilet humor and bad language and is just complete garbage.  Now it appears they have a movie and I'm positive it's not suitable for children!",0.32653061224489793,communication
1990,1997,spacejacked,device,computational,The device has stopped responding.,0.11764705882352941,computational
1990,1997,spacejacked,robot,computational,Sure you do.  Sending Mac out on a little recon work.  How pathetic.  Problem is it seems Mac blew a few fuses.  Or maybe he's just a little drunk. Were you partying with a robot Taylor?,0.9301075268817204,computational
1990,1997,spacejacked,signal,communication,Will you transmit the distress signal?,0.8157894736842105,communication
1990,1997,spacejacked,signal,communication,Will do.  What about the distress signal?,0.8292682926829268,communication
1990,1997,spacejacked,signal,communication,How does the distress signal look?,0.6470588235294118,communication
1990,1997,spacejacked,signal,communication,Don't worry about me.  There's still a chance I can issue a distress signal.,0.9078947368421053,communication
1990,1997,spacejacked,signal,communication,If I could get to the bridge I could send the distress signal.,0.8870967741935484,communication
1990,1992,spare me,machine,computational,The pin machine?,0.5,computational
1990,1992,spare me,machine,computational,Did you hear about that bowler who got smeared? I saw them pull a body bag out of the alley. I heard he was kacked but good. They had to take apart the pin machine to get him out.,0.8715083798882681,computational
1990,1992,spare me,television,communication,Not for somebody who hit a man with his ball on national television.,0.8382352941176471,communication
1990,1992,spare me,machine,computational,"Come on, Junior. Everyone's waiting for you, son. The beam of light catches Junior's face. He is crouched inside the machine at lane six. Jr. His face is cut and bleeding and his straitjacket torn and filthy.",0.5625,computational
1990,1992,spare me,machine,computational,He stuck it in the ball return machine when he was a kid. Crushed all the nerve endings. Junior starts stroking the ketchup bottle with his dead hand.,0.20666666666666667,computational
1990,1992,spare me,tv,communication,I saw your eyes when you hit that guy with your ball on TV. THUNDER rumbles. Theo takes Sheila by the shoulders.,0.5,communication
1990,1998,sphere,phone,communication,A cyclone's on it's way in.  I thought they would have told you on the phone.,0.922077922077922,communication
1990,1998,sphere,tv,communication,"Let's say whoever made this thing is a thousand years ahead of us, just like we are to, say, medieval Europe.  Suppose you went back to medieval Europe with a TV set.  There wouldn't be any place to plug it in.",0.7571428571428571,communication
1990,1998,sphere,television,communication,"Captain, you know, I really appreciate you hauling us a thousand feet below sea level so we can watch this historical event on television.",0.9202898550724637,communication
1990,1998,sphere,radio,communication,"When you were in that sub -- and that squid was attacking you -- are you sure it was the squid that was attacking?  Do you know?  ""I can't get Beth on the radio.  I'm in this tiny sub on the bottom of the fucking ocean.  All alone.  Surrounded by all this water."" Was it really the squid that was attacking you, Norman -- or was it something else -- one of your fears?  You never really saw what it was, did you?",0.3762135922330097,communication
1990,1998,sphere,screen,computational,"Remember when we first spoke to Jerry, Barnes kept asking for Jerry's real name?  But Harry never would?  He didn't because he was afraid the screen would say ""Harry"", instead of Jerry.  We weren't talking to an alien intelligence when we talked to Jerry, we were talking to Harry... or a part of Harry.",0.46864686468646866,computational
1990,1998,sphere,phone,communication,"Yeah, he <u>told</u> you.  Think.  What was Barnes doing before they cut that cable loose?  He was on the phone. Except that cable is a thousand feet long, Norman.  They would've broken off communication with us four, five minutes before they cleared out.",0.41568627450980394,communication
1990,1998,sphere,computer,computational,Is it coming from our own computer?,0.7428571428571429,computational
1990,1998,sphere,computer,computational,"It's like showing Leonardo da Vinci a laptop computer.  He'd run screaming ""witchcraft"".  And you couldn't explain it to him, either. Modems, microchips, particle physics.",0.2631578947368421,computational
1990,1998,sphere,data,computational,"Don't gimme that psychology bullshit, Norman.  Psychology isn't a science, it's superstition.  It's a bunch of soft, subjective theories without any hard data to back it up. With an intellect like this, emotions don't mean shit.",0.6754385964912281,computational
1970,1977,star wars,data,computational,Check your data banks for all the information you have on Imperial procedures.  Both of you will have to learn...,0.09734513274336283,computational
1970,1977,star wars,robot,computational,"A million at least... If this robot has information related to the destruction of Organa Major, you'll be able to name the reward...",0.22727272727272727,computational
1970,1977,star wars,data,computational,"We captured the plans in a raid on the Imperial shipyards, but we fell under attack before I could get the data to safety, so I hid it in this Artoo unit and sent him off.",0.6257309941520468,computational
1970,1977,star wars,data,computational,"The plans and specifications to a battle station with enough fire power to destroy an entire system... Our only hope in destroying it is to find its weakness, which we will determine from the data I stored in Artoo.",0.8930232558139535,computational
1970,1977,star wars,data,computational,All the data banks in Artoo are still secure.,0.17777777777777778,computational
1970,1977,star wars,data,computational,It's too late... We already tested it on Organa Major.  It appears your data never got through.,0.7578947368421053,computational
1970,1977,star wars,data,computational,"Enough!  I already know about the data you've intercepted, but its' too late.  Whatever information you've gathered will be destroyed... You will come to know such suffering as only the Master of the Bogan Force can provide...",0.1504424778761062,computational
1990,1997,starship troopers,radio,communication,"Rico, you're acting Sergeant now. My last Sergeant lost the com pack. Put together a search team and find the radio shack. We need retrieval.",0.7801418439716312,communication
1970,1979,star trek: the motion picture,data,computational,Our data is being prepared.,0.14814814814814814,computational
1970,1979,star trek: the motion picture,signal,communication,"It expects a return signal now, ordering it to transmit that information to the Creator.",0.22727272727272727,communication
1970,1979,star trek: the motion picture,data,computational,To learn all that is learnable; to deliver all collected data to the Creator on the third planet. That is the programming.,0.4672131147540984,computational
1970,1979,star trek: the motion picture,machine,computational,A machine...! Then it had to be programmed. By <U>whom</U>...?,0.03225806451612903,computational
1970,1979,star trek: the motion picture,data,computational,"When my examination is complete, the carbon units will be reduced to data patterns.",0.8313253012048193,computational
1970,1979,star trek: the motion picture,data,computational,More data concerning this functioning is necessary before carbon units can be patterned for data storage.,0.047619047619047616,computational
1970,1979,star trek: the motion picture,signal,communication,Mr. Scott... on my next signal.,0.7741935483870968,communication
1970,1979,star trek: the motion picture,signal,communication,"Enterprise, I want that signal again. Transmit!",0.5106382978723404,communication
1970,1979,star trek: the motion picture,signal,communication,"And plug the signal directly into the circuitry at this...  ... point here, Captain. It should pick up even a tricorder playback.",0.10077519379844961,communication
1970,1979,star trek: the motion picture,data,computational,"Capture God! In order to retrieve V'ger's data, the Creator has to physically come here!...",0.46153846153846156,computational
1970,1979,star trek: the motion picture,signal,communication,"The fault is here, sir, not in the transmission.  The antenna leads have been disconnected. V'ger never intended to accept a transmitted signal.",0.9513888888888888,communication
1970,1979,star trek: the motion picture,computer,computational,It's taken control of the computer...!,0.6842105263157895,computational
1970,1979,star trek: the motion picture,computer,computational,<U>Computer off</U>!,0.15,computational
1970,1979,star trek: the motion picture,machine,computational,Then V'ger believes the Creator to be a <U>machine</U> too.,0.7288135593220338,computational
1970,1979,star trek: the motion picture,computer,computational,We could have cut it off at the main computer...,0.7708333333333334,computational
1970,1979,star trek: the motion picture,signal,communication,"Starfleet, boost your matter gain; we need more signal!",0.8727272727272727,communication
1970,1979,star trek: the motion picture,machine,computational,There's no way to know. V'ger expected it to be a machine -- some single entity.  All of us here may be reduced into patterns...,0.390625,computational
1970,1979,star trek: the motion picture,device,computational,"Captain, the orbital device will      not be triggered for twenty-two       minutes...",0.2441860465116279,computational
1970,1979,star trek: the motion picture,machine,computational,Were you right? Spock? V'ger is a living machine...?,0.7884615384615384,computational
1970,1979,star trek: the motion picture,data,computational,"If this is their ship's data banks, where is the crew? Or is their entire ship automated?",0.2696629213483146,computational
1970,1979,star trek: the motion picture,data,computational,New crystals: they must contain the most recent data obtained --,0.75,computational
1970,1979,star trek: the motion picture,data,computational,"And these 'sensor-swarms' collect that data, carry it here.",0.6610169491525424,computational
1970,1979,star trek: the motion picture,signal,communication,"<U>Urgent</U> signal from Starfleet, Captain!  <U>All</U> Earth defense systems have gone dead.",0.14736842105263157,communication
2000,2000,state and main,phone,communication,Get him on the phone.,0.7142857142857143,communication
2000,2000,state and main,phone,communication,"Get Mitch Cohn on the phone in New York, tell him she's breaking her contract and we're very up...",0.22448979591836735,communication
2000,2000,state and main,phone,communication,"Grace, get on the other phone, call that girl: well, call her, and have whatsername send up some <u>nosh</u>...what do you like to drink...?",0.17142857142857143,communication
2000,2000,state and main,screen,computational,"Her tits!  Her tits!  How, that she signed IN HER CONTRACT, we hired her 'cause of ten years at the Actors Studio? The way she played <u>Medea</u>?...Her last two pictures laid there on the screen like my first <u>wife</u>...",0.8444444444444444,computational
2000,2000,state and main,computer,computational,I CAN'T PUT A COMPUTER IN A MOVIE SHOT IN 1895...you wanna tell me how I'm gonna' do that?,0.15555555555555556,computational
2000,2000,state and main,computer,computational,"IT'S A COMPUTER COMANY...IT'S A COMPUTER COMPANY, <u>BAZOOMER</u>-<u>COM</u>?",0.09090909090909091,computational
2000,2000,state and main,screen,computational,"Waal, what was the per-screen average...?",0.5609756097560976,computational
1990,1998,stepmom,phone,communication,Annabelle pick up the phone.,0.7857142857142857,communication
1990,1998,stepmom,phone,communication,Annabelle pick up the phone.,0.7857142857142857,communication
1990,1998,stepmom,telephone,communication,&quot;In the great green room there was a telephone and a red balloon...&quot;,0.5384615384615384,communication
1990,1998,stepmom,telephone,communication,&quot;In the great green room there was a telephone and a red balloon...&quot;,0.5384615384615384,communication
1990,1998,stepmom,phone,communication,I didn't think a phone call was appropriate...,0.3695652173913043,communication
1990,1998,stepmom,phone,communication,I just want to spend time with them when I'm not rushing or on the phone or tired or...,0.7701149425287356,communication
1990,1998,stepmom,machine,computational,Hey.  At least it's not an editing machine.,0.813953488372093,computational
1990,1998,stepmom,machine,computational,"She's been talking about this little editing machine, it's only...",0.6818181818181818,computational
2000,2001,storytelling,tv,communication,"TV talk-show host, OK. You were at sidekick eight seconds ago, then TV talk-show host. You'll be a Latin dictator in a bout a minute.",0.0,communication
2000,2001,storytelling,tv,communication,"Be your sidekick, you know, and maybe eventually become a TV talk- show host.",0.7532467532467533,communication
2000,2001,storytelling,television,communication,"Really? Well, all right! Let's take a look at the television and see how we look.",0.6172839506172839,communication
2000,2001,storytelling,screen,computational,"OK, you're right, you're right  You know, we need to screen what we've gotinvite some regular people, just some random off-the- street typesand see what real people think of this.",0.2967032967032967,computational
2000,2001,storytelling,tv,communication,"Well, I mean...I wanna be on TV. Maybe have a talk show or something. Like Conan. Or early Letterman.",0.2871287128712871,communication
2000,2001,storytelling,tv,communication,"I'm not an idiot, man. I watch TV.",0.9117647058823529,communication
2000,2001,storytelling,tv,communication,It's my Dad's He hides it under some old TV Guides in his closet.,0.6307692307692307,communication
2000,2001,storytelling,tv,communication,"Uh, Scooby, now I understand how you want to be a TV talk-show host and all, like Conan O'Brien, but did you know even he went to college?",0.36231884057971014,communication
2000,2001,storytelling,tv,communication,"I dunno. I'd like to be good at something. It doesn't have to be TV. I mean, it could be movies...Anything. I'd be willing to direct.",0.48872180451127817,communication
2000,2007,stranglehold,tv,communication,"Hey now!  No cussing on TV!  Well in closing I'd like to say that there are two reasons to have that money outside in an hour.  One is my perky co-anchor here, and the second is the lives of tens of thousands of people--people just like you and me!",0.0967741935483871,communication
2000,2007,stranglehold,tv,communication,"Something tells me you don't want to be on TV, friend.",0.7962962962962963,communication
1960,1964,dr. strangelove or: how i learned to stop worrying and love the bomb,radio,communication,"Our scientists calculated that the detonation of fifty of our biggest nuclear devices, jacketed in Cobalt-Thorium-G would enshroud the earth in a hundred years of lethal radio- activity from which no human life could escape. In ten months the Earth would be as dead as the Moon.",0.6115107913669064,communication
1960,1964,dr. strangelove or: how i learned to stop worrying and love the bomb,radio,communication,"Well, it has been explained to me that, if you add a thick Cobalt-Thorium-G jacket to a nuclear device, the radio- activity resulting from such a nuclear explosion will retain its lethal power for a hundred years.",0.5070422535211268,communication
1960,1964,dr. strangelove or: how i learned to stop worrying and love the bomb,device,computational,"Well, it has been explained to me that, if you add a thick Cobalt-Thorium-G jacket to a nuclear device, the radio- activity resulting from such a nuclear explosion will retain its lethal power for a hundred years.",0.5070422535211268,communication
1960,1964,dr. strangelove or: how i learned to stop worrying and love the bomb,phone,communication,"Now, Mister Ambassador.  In a very few moments we should have Premier Belch on the phone.  I intend to tell him exactly what has happened.  I merely want you to authenticate certain facts for him.",0.42346938775510207,communication
1960,1964,dr. strangelove or: how i learned to stop worrying and love the bomb,machine,computational,"Ah, but if we were able to untrigger it, that would be defeating its purpose.  All our enemies would have to do, would be to warn us in advance that they were going to violate one of our unalterable triggering conditions. We would bluff, naturally, but in the end we would be insane not to untrigger it. Now we can say: There is no point trying to intimidate us, we don't control the Doomsday Machine.",0.9800498753117207,computational
1960,1964,dr. strangelove or: how i learned to stop worrying and love the bomb,machine,computational,"Operator...How much would the call be station-to-station?...Thirty-five cents cheaper?...I'd still be short twenty cents ...Just a second, operator...  Colonel, shoot the lock off the Coke machine.  There's bound to be enough change in there.",0.78099173553719,computational
1960,1964,dr. strangelove or: how i learned to stop worrying and love the bomb,phone,communication,"Okay, Colonel.  But look, there's a pay phone just outside in the hall.  Maybe that works, huh?  Maybe it'll work?  What do you think?",0.29850746268656714,communication
1960,1964,dr. strangelove or: how i learned to stop worrying and love the bomb,telephone,communication,"Now look, I'm picking up this ordinary telephone.  See?...Hello?...Hello?... Nuts, the lines must still be disconnected.  The General had us disconnect...",0.2532467532467532,communication
1960,1964,dr. strangelove or: how i learned to stop worrying and love the bomb,phone,communication,"Sure...sure, Colonel.  Now look, I'm picking up the phone...nice and slow.  Right?...Hello? ...Hello?  Hello?...Hello?...Gee, it must be edad. Probably the lines were hit during the fighting.",0.27225130890052357,communication
1960,1964,dr. strangelove or: how i learned to stop worrying and love the bomb,telephone,communication,"Look, Colonel.  You keep me covered, but let me just pick up this red telephone that connects to Air Command headquarters. Okay?...I won't play any tricks on you... Okay?",0.4117647058823529,communication
1960,1964,dr. strangelove or: how i learned to stop worrying and love the bomb,phone,communication,"I did that for your own good, fella.  Now I'm not going to pull rank on you.  When this is over, I'll be happy to step outside with you and settle this thing.  Right now my orders are to locate General Ripper and put him on the phone with the President.",0.9011857707509882,communication
1960,1964,dr. strangelove or: how i learned to stop worrying and love the bomb,phone,communication,"Well, that's ridiculous.  If the teleprinter and radio links are out of order, just pick up a phone and pay for a call.",0.7899159663865546,communication
1960,1964,dr. strangelove or: how i learned to stop worrying and love the bomb,radio,communication,"Well, that's ridiculous.  If the teleprinter and radio links are out of order, just pick up a phone and pay for a call.",0.7899159663865546,communication
1960,1964,dr. strangelove or: how i learned to stop worrying and love the bomb,radio,communication,"General Ripper, if I shut down the communi- cations center, there'll be no radio or teleprinter contact with Air Command head- quarters or anyone, for that matter.",0.4601226993865031,communication
1960,1964,dr. strangelove or: how i learned to stop worrying and love the bomb,phone,communication,"Major, that's all I've been told.  Just got it on the red phone.  The base is to be sealed tight.  And I mean tight.",0.5,communication
1960,1964,dr. strangelove or: how i learned to stop worrying and love the bomb,radio,communication,"Well, sir, I was thinking, if an enemy attack is in progress, how come the radio's still playing music?  It's supposed to go off, and all we should hear are Civil Defense broadcasts.",0.41208791208791207,communication
1960,1964,dr. strangelove or: how i learned to stop worrying and love the bomb,radio,communication,"I didn't mean for anyone to play anyone else's radio either, Major.",0.7014925373134329,communication
1960,1964,dr. strangelove or: how i learned to stop worrying and love the bomb,radio,communication,"Oh, it's not my radio, sir.  I picked it up in the communications center.",0.2191780821917808,communication
1960,1964,dr. strangelove or: how i learned to stop worrying and love the bomb,radio,communication,"I see you're playing your radio, Major. Isn't that contrary to my instructions for the personnel of this base?",0.23636363636363636,communication
1960,1964,dr. strangelove or: how i learned to stop worrying and love the bomb,machine,computational,"If I can speak freely, sir -- look, these guys talk big, but frankly, we think they're short of know-how.  You can't just take a bunch of ignorant peasants and expect them to understand a machine like one of our boys, and I don't mean that as an insult, Mister Ambassador.  Hell, we all know what kind of guts your people have.  Why just look how many millions of 'em those Nazis  killed and, hell, they still wouldn't quit.",0.44339622641509435,computational
1960,1964,dr. strangelove or: how i learned to stop worrying and love the bomb,computer,computational,Missile and plane flight path computer showing four greens.,0.5084745762711864,computational
1960,1964,dr. strangelove or: how i learned to stop worrying and love the bomb,radio,communication,"Okay.  Check these points.  Complete radio silence.  To ensure that the enemy can't plant false transmissions and fake orders, the CRM-114 is to be switched into all receiver circuits.  The three code letters of the period are to be set on the alphabet dials of the CRM-114, which will in turn block any transmissions other than those preceded by the code letters. You got it?",0.09840425531914894,communication
1960,1964,dr. strangelove or: how i learned to stop worrying and love the bomb,machine,computational,"When they emerge, a good deal of present real estate and machine tools will still be recoverable, if they are moth-balled in advance.  I would guess they could then work their way back to our present gross national product within twenty years.",0.2345679012345679,computational
1990,1996,suburbia,tv,communication,"You know, like, like, I would always think, uh, you know, what if I make the wrong move? But maybe there isn't any right move. You know? I mean, look at us. You know, we all dress the same, we all talk the same, we all fuck the same, we all watch the same TV. Nobody's really different, even if they think they're different. ""Oh, boy, look at my tattoo, you know?"" And see, that's what makes me freak. Because I can do anything I want, as long as I don't care about the result.",0.5366876310272537,communication
1990,1996,suburbia,machine,computational,"Yeah, but, when I was walking, I realized that he's stuck in that limo all the time. He's stuck with his interviews, he's stuck with his autograph, he has to do whatever his manager tells him to do, you know? He's not free. He's just part of the machine, and if you think about it, freedom's all that there really is.",0.7760252365930599,computational
1990,1996,suburbia,tv,communication,"So you came by to see how the other half lives, huh? Well, here we are, What do you think? Pretty fucking pathetic huh? Kind of like one of those documentaries on educational TV?",0.9831460674157303,communication
1990,1996,suburbia,radio,communication,He says we got to be at the radio station at seven a.m. Can you handle that?,0.3684210526315789,communication
2000,2001,sugar & spice,machine,computational,Ah!  I almost forgot gas for the baby machine.  I'll grab your Snickers and get a place in line.,0.3958333333333333,computational
2000,2001,sugar & spice,machine,computational,But we agreed your job is running the baby machine...,0.8113207547169812,computational
2000,2001,sugar & spice,phone,communication,"Oh thank Buddha it's you, Kim-Lo, I'm being held against my will, my civil rights have been violated and it took four days to make this one phone call...",0.9150326797385621,communication
1950,1950,sunset blvd.,screen,computational,"I almost reported you to the Bureau of Missing Persons.  Fans, you all know Joe Gillis, the well-known screen writer, opium smuggler and Black Dahlia suspect.",0.6518987341772152,computational
1950,1950,sunset blvd.,telephone,communication,"No, no! I haven't heard any of this.  I never got those telephone calls.  I've never been in this house ... Get your things together. Let's get out of here.",0.358974358974359,communication
1950,1950,sunset blvd.,phone,communication,That was Norma Desmond on the phone?,0.8333333333333334,communication
1950,1950,sunset blvd.,screen,computational,I called your agent.  I called the Screen Writers Guild.  Finally your old apartment gave me some Crestview number.  There was always somebody with an accent growling at me.  You were not there.  You were not to be spoken to.  They never heard of you.,0.1394422310756972,computational
1950,1950,sunset blvd.,phone,communication,"No, Phillip, no.  We must be strong.  You're still wearing the uniform of the Coldstream Guards!  Furthermore, you can have the phone now.",0.927536231884058,communication
1950,1950,sunset blvd.,phone,communication,About that luggage.  Where's the phone?,0.8461538461538461,communication
1950,1950,sunset blvd.,phone,communication,"And if you hadn't been pretty darned interested in that script, he wouldn't have tried to get me on the phone ten times.",0.8666666666666667,communication
1950,1950,sunset blvd.,phone,communication,Then you could have picked up the phone yourself instead of leaving it to one of your assistants.,0.35051546391752575,communication
1950,1950,sunset blvd.,screen,computational,I hate that word.  It is a return. A return to the millions of people who have never forgiven me for deserting the screen.,0.9426229508196722,computational
1950,1950,sunset blvd.,phone,communication,I just found out why all those tele- phone calls.  It is not Miss Desmond they want.  It is the car they want to rent.,0.3135593220338983,communication
1950,1950,sunset blvd.,telephone,communication,Madame is wanted on the telephone.,0.7058823529411765,communication
1980,1984,supergirl,signal,communication,"Oh, yes. Knocking. The pre-entry signal. I forgot.",0.66,communication
1980,1983,superman iii,screen,computational,"Well, it was one of them little bitty two-inch screen Japanese jobs.",0.6911764705882353,computational
1980,1983,superman iii,television,communication,A television set?,0.11764705882352941,communication
1980,1983,superman iii,computer,computational,They're just . . . floating around out there. The computer knows where.,0.704225352112676,computational
1980,1983,superman iii,machine,computational,"Man, all it got to do is find their weak spot.  You bet on the machine in any fight you name, you gonna win your bet.",0.5384615384615384,computational
1980,1983,superman iii,machine,computational,"Remember, Gus. A machine doesn't want anything except to keep on being a machine. You've got to make sure it can figure out how to beat any opponent.",0.11409395973154363,computational
1980,1983,superman iii,machine,computational,Ain't nobody gonna mess with my machine! I'll...I'll... what will I do?  I'll build in a counter-punch! Anything attacks it gets counter- attacked! And wiped out!,0.19753086419753085,computational
1980,1983,superman iii,machine,computational,But a machine this powerful is going to make powerful enemies. People who will want to destroy it.,0.061224489795918366,computational
1980,1983,superman iii,computer,computational,"I invented it, man. In my head. It's a stone killer-diller get-down get-it-on and twice-on-Sunday super mutha computer.",0.9243697478991597,computational
1980,1983,superman iii,computer,computational,A computer.,0.18181818181818182,computational
1980,1983,superman iii,computer,computational,"Not ""What."" Don't need a genius to figure out ""what."" Need a genius to figure out ""where.""  He says I'm a genius, your don --  Brother! Bubba! Your Bubba!  See, if y'all don't want them to trace it back, you got to punch this in from someplace nobody'd ever think off. Some little rinky- dink operation with a little mickey- mouse computer. ROSS It's got to be someplace you can sneak into.",0.8487179487179487,computational
1980,1983,superman iii,computer,computational,"Suit yourself, Gus.  Say, does your boss use a computer in this operation?",0.6351351351351351,computational
1980,1983,superman iii,telephone,communication,"Through the telephone line terminal, that ain't nothin'.",0.21428571428571427,communication
1980,1983,superman iii,machine,computational,"It's modern. It's up-to-date. It's state-of-the art.  People, I am in love with this machine.  Go ahead, Mr. White.",0.7391304347826086,computational
1980,1983,superman iii,computer,computational,Couldn't we just get a computer to do this?,0.5348837209302325,computational
1980,1983,superman iii,machine,computational,"It's your genius, pal! You built a machine that can find anybody's weak spot, just like you said.",0.36082474226804123,computational
1980,1983,superman iii,computer,computational,"Well, Webco has a hundred and twelve subsidiaries and every one of them is tied to our central computer system. How about...hmmmm, someplace small...",0.6375838926174496,computational
1980,1983,superman iii,computer,computational,Somehow your twisted little mind should be able to figure out how to tap into the main computer at the Aerospace Center and reach Vulcan.,0.635036496350365,computational
1980,1980,superman ii,machine,computational,"See what happens when I don't have my orange juice?  The human body is only a workable, fairly fragile machine when you treat it with the same respect you'd show to ----  . . . gee . . .",0.553763440860215,computational
1980,1980,superman ii,radio,communication,Don't you watch television? Don't you listen to the radio?,0.896551724137931,communication
1980,1980,superman ii,television,communication,Don't you watch television? Don't you listen to the radio?,0.896551724137931,communication
1980,1980,superman ii,machine,computational,"Look, they need a machine to fly.",0.5454545454545454,computational
1980,1987,superman iv: the quest for peace,device,computational,"You've broken all the laws of man, Luthor. And now you've broken the laws of nature! . . .  I assume you must have hidden a device in one of the missiles I hurled into the sun!",0.7045454545454546,computational
1970,1978,superman,device,computational,"Yes, Mr. Luthor. The XK101 can travel anywhere in the world undetected. It also has a sensory device built into it so that it can detect any obstacle in its path and avoid it. It just goes around it or over it.  The XK101 never quits! It will not stop until it reaches its pre-targeted target!",0.32081911262798635,computational
1970,1978,superman,tv,communication,"Oh, not really. I guess I'll just watch a little TV and --  --  unless...would you be interested in dinner?",0.45794392523364486,communication
1970,1978,superman,radio,communication,"In a way  -- oh, it'll be a relief. I'm a wreck. No rest for the wicked, y'know. It wasn't enough, the radio frequencies, then I had to worry about getting to the missile and adjusting the aiming. So that if I could have activated the launch  -- well, Lex Luthor would've hit the spot.  There's a little place on Route 190. Dead on the practice optimum stress point of the San Andreas Fault. It wouldn't mean much to you, Superman, but I call it...target zero.  Pancho's Taco Palace...",0.21237113402061855,communication
1970,1978,superman,radio,communication,"Well, that's their problem, T.S. But  --  but the XK 101 also works on a radio wave control system. The problem was to find out the frequency. Problems, problems, I've had so many...",0.4010989010989011,communication
1970,1978,superman,signal,communication,"You guessed it!  You're always one step ahead of me.  Aren't you Superman?  Yes, right. There was a police helicopter buzzing the area and transmitting on the same frequency as the garage doors. The minute the signal went out --  Zip!  Zip!  Zip!",0.8536585365853658,communication
1970,1978,superman,radio,communication,On radio waves?,0.2,communication
1970,1978,superman,radio,communication,"The XK 101. Luthor, that operates on radio waves. And with our fail-safe system, only the President himself can push that button.",0.2868217054263566,communication
1990,1997,the sweet hereafter,phone,communication,No.  From Mr. Stephens.  That was him on the phone just now.  He was calling to see how you were.,0.4639175257731959,communication
1990,1997,the sweet hereafter,phone,communication,That was Billy Ansel on the phone. He wants to come over to talk to us.,0.39436619718309857,communication
1950,1957,sweet smell of success,phone,communication,"If it were that easy, you wouldn't find an empty phone booth for the next two hours...",0.5697674418604651,communication
1950,1957,sweet smell of success,phone,communication,"Awright, that brings us up to five weeks ago. ""Sidney, I got a nasty little problem here."" Did I say no? I'm frank to admit - it don't jell as fast as we like... But all of a sudden I CAN'T GET YOU ON THE PHONE NO MORE!  WHY?... And why, as of this date, am I frozen out of the column...",0.7142857142857143,communication
1950,1957,sweet smell of success,machine,computational,May I rent you out as an adding machine.,0.8,computational
1990,1991,terminator 2: judgment day,computer,computational,"I know.  You told me.  It's a neural-net processor.  It thinks and learns like we do. It's superconducting at room temperature. Other computer are pocket calculators by comparison.  But why is that so goddamn important, Miles? I really need to know, 'cause I feel like I'm going crazy here, sometimes.",0.44518272425249167,computational
1990,1991,terminator 2: judgment day,data,computational,I sense injuries.  The data could be called pain.,0.46938775510204084,computational
1990,1991,terminator 2: judgment day,machine,computational,"Holy shit... you're really real!  I mean... whoah!  You're, uh... like a machine underneath, right... but sort of alive outside?",0.5703125,computational
1990,1991,terminator 2: judgment day,computer,computational,"Actually, no, she's a complete psycho.  That's why she's up at Pescedero.  She tries to blow up a computer factory, but she got shot and arrested.",0.6712328767123288,computational
1990,1991,terminator 2: judgment day,computer,computational,"Uh huh, great.  Then those fat fucks in Washington figure, what the hell, let a computer run the whole show, right?",0.6956521739130435,computational
1990,1991,terminator 2: judgment day,computer,computational,"In three years Cyberdyne will become the largest supplier of military computer systems.  All stealth bombers are upgraded with Cyberdyne computers, becoming fully unmanned,  Afterward, the fly with a perfect operational record.",0.30837004405286345,computational
1990,1991,terminator 2: judgment day,computer,computational,"My CPU is a neural-net processor... a learning computer.  But Skynet presets the switch to ""read-only"" when we are sent out alone.",0.36153846153846153,computational
2000,2001,taking sides,signal,communication,"And when did you first learn that - when you sent the telegram? Was that the surrender signal, the waving of the white flag?",0.7016129032258065,communication
2000,2001,taking sides,phone,communication,"Let me me help you, then. You picked up the phone and made a call -  'Hello, Adolf? Wilhelm speaking. Listen, old pal, there's a Jew-boy musician I want you to help. He needs a permit to get to Paris.'",0.21890547263681592,communication
1980,1984,the terminator,computer,computational,Whatever...they become the hotshot computer guys so they get the job to build El Computer Grande...Skynet...for the government.  Right?,0.25925925925925924,computational
1980,1984,the terminator,computer,computational,"Defense network computer. New. Powerful.  Hooked into everything. Trusted to run it all.  They say it got smart...a new order of intelli- gence.  Then it saw all people as a threat, not just the ones on the other side.  Decided out fate in a microsecond...extermination.",0.05925925925925926,computational
1980,1984,the terminator,network,computational,"Defense network computer. New. Powerful.  Hooked into everything. Trusted to run it all.  They say it got smart...a new order of intelli- gence.  Then it saw all people as a threat, not just the ones on the other side.  Decided out fate in a microsecond...extermination.",0.05925925925925926,computational
1980,1984,the terminator,computer,computational,"Most official records were lost in the war.  The computer knew almost nothing about Connor's mother.  Her name. Where she lived, just the city. No scanner pictures.  The Terminator was just being systematic.",0.23671497584541062,computational
1980,1984,the terminator,computer,computational,"I see.  And this...computer, thinks it can win by killing the mother of its enemy, kill- ing him, in effect, before he is even conceived?  A sort of retroactive abortion?",0.11176470588235295,computational
1980,1984,the terminator,computer,computational,SKYNET.  A computer defense system built for SAC-NORAD by Cyber Dynamics.  A modified Series 4800.,0.11224489795918367,computational
1980,1984,the terminator,phone,communication,"I can hear it now, it's gonna be the goddamned 'Phone Book Killer'.",0.7164179104477612,communication
1980,1984,the terminator,machine,computational,No.  Keep getting an answer- ing machine.,0.8048780487804879,computational
1990,1997,the game,phone,communication,The phone's dead.,0.23529411764705882,communication
1990,1997,the game,phone,communication,"I told you, they hired me over the phone.  I never met anyone.",0.5645161290322581,communication
1990,1997,the game,data,computational,"Jim Feingold, V.P., E.D.A. Engineering and Data Analysis.",0.7543859649122807,computational
1990,1999,the haunting,phone,communication,"Because it's my phone.  Yes... Mrs. Dudley, just leave the boxes inside, thank you.  See you soon.  Thank you.",0.14545454545454545,communication
1990,1999,the limey,phone,communication,"She used to tell me she'd turn me in.  Little kid.  Ten year old.  ""If you're naughty, Dad, I'll tell on ya.""  She didn't want me sent down again, see. When I was planning some job.  ""I'll tell 'em, Dad, I promise I will.  Here, look, I'm calling the Old Bill right now"" -- picking up the telephone.  I can see her, the phone in her hand.  Became a sort of joke between us.  Only it wasn't a joke.",0.8060453400503779,communication
1990,1999,the limey,telephone,communication,"She used to tell me she'd turn me in.  Little kid.  Ten year old.  ""If you're naughty, Dad, I'll tell on ya.""  She didn't want me sent down again, see. When I was planning some job.  ""I'll tell 'em, Dad, I promise I will.  Here, look, I'm calling the Old Bill right now"" -- picking up the telephone.  I can see her, the phone in her hand.  Became a sort of joke between us.  Only it wasn't a joke.",0.8060453400503779,communication
1990,1999,the limey,screen,computational,"It's too involved; a lifetime of non- involvement.  Anywhere else I'd be an interesting little number, here I'm just SAG number forty-eight thousand and one.  SAG meaning Screen Actor's Guild.",0.890625,computational
1990,1999,the limey,machine,computational,She'd never called me like that before. She sounded more ... pissed off -- angry -- than upset or afraid.  But she never turned up.  I called the house but only got the answer machine.  When they found her ... she'd been going the wrong way. Not the direction she'd have gone if she'd been coming to see me.  Or coming <u>straight</u> to see me.  Who knows.  Maybe she just wanted to drive.,0.4512820512820513,computational
1990,1999,the limey,phone,communication,There's the phone.  You want his number.,0.3,communication
1990,1999,the limey,television,communication,When I'm not honing my craft in episodic television I do double-duty as a voice coach.  Not that her accent would have hobbled her progress.  Not with that look.,0.2546583850931677,communication
1990,1999,the limey,television,communication,Weren't you on a television series?,0.4857142857142857,communication
1990,1999,the limey,tv,communication,Why don't they have TV shows about people whose daily lives you'd be interested in watching.  Y'know.  Like SKINNY LITTLE WEAKLING.  Or BIG FAT GUY.  SICK OLD MAN. FAMILY OF LOSERS.  Wouldn't that be good?,0.0975609756097561,communication
2000,2001,the man who wasn't there,phone,communication,"I speak to you on ze phone, non? You have a special interest in music?",0.3,communication
1990,1997,the relic,phone,communication,My office is on the third floor! There's a walk-in safe and a portable phone!  We can lock ourselves in the safe and call for help!,0.5419847328244275,communication
1990,1997,the relic,phone,communication,I'll do it.  Just let me find my portable phone.,0.875,communication
1990,1997,the relic,computer,computational,"That would leave one exit for hundreds of people.  You'd be violating every fire regulation on the books.  We'll guard the perimeter with my men and engage the motion detectors in the other cells.  One more question.  I see a big hole.  If this entire thing is run by computer, what happens if the power fails?",0.864516129032258,computational
1990,1997,the relic,machine,computational,"Margo, what you've just described is a killing machine.",0.8545454545454545,computational
1990,1997,the relic,computer,computational,Look at this.  An ambyloid reovirus protein.  That explains why the computer's confused.  The plant's infected with a virus.,0.5483870967741935,computational
1990,1997,the relic,telephone,communication,"I'm sorry to be the bearer of bad tidings, but you know me.  Telegraph. Telephone.  Tell Kawakita.  I got the definitive word from Cuthbert's secretary.  This is Dr. Frock's last week.",0.391304347826087,communication
1990,1997,the relic,internet,computational,I ran an internet search on Dr. Whittlesley.  Got a list of his scholarly articles and the engagement announcement in the Times.  I also found a record of your restraining order.,0.05056179775280899,computational
1990,1997,the relic,computer,computational,An invention of mine.  It's a computer program designed to describe the characteristics of a given species from a reading of its DNA.  I call it the Genetic Sequence Extrapolator.,0.16759776536312848,computational
1990,1998,the truman show,radio,communication,"There's no point in trying to explain it, but a lot of strange things have been happening - elevators that don't go anywhere, people talking about me on the radio, you know what I mean?",0.8486486486486486,communication
1990,1998,the x files,computer,computational,Selling naked pictures of little kids over his computer.,0.8392857142857143,computational
1990,1998,the x files,device,computational,"Mulder... when a terrorist bomb threat is called in, the logical purpose of providing this information is to allow us to find the bomb. The rational object of terrorism is to promote terror. If you'd study model behavioral pattern in virtually every case where a threat has turned up an explosive device. If we don't act in accordance with that data -- if you ignore it as we have done -- the chances are great that if here actually is a bomb we might not find it. Lives could be lost --",0.6098562628336756,computational
1990,1998,the x files,data,computational,"Mulder... when a terrorist bomb threat is called in, the logical purpose of providing this information is to allow us to find the bomb. The rational object of terrorism is to promote terror. If you'd study model behavioral pattern in virtually every case where a threat has turned up an explosive device. If we don't act in accordance with that data -- if you ignore it as we have done -- the chances are great that if here actually is a bomb we might not find it. Lives could be lost --",0.6098562628336756,computational
1990,1998,the x files,machine,computational,"I know.  Agent Scully reported your suspicions to OPR. On the basis of her report, I sent techs over to S.A.C. Michaud's apartment. They picked up PSTN residues on his personal effects consistent with the construction of the vending machine device in Dallas.",0.9031007751937985,computational
1990,1998,the x files,device,computational,"I know.  Agent Scully reported your suspicions to OPR. On the basis of her report, I sent techs over to S.A.C. Michaud's apartment. They picked up PSTN residues on his personal effects consistent with the construction of the vending machine device in Dallas.",0.9031007751937985,computational
1990,1998,the x files,device,computational,I breached protocol. I broke contact with the S.A.C. I ignored a primary tactical rule and left him alone with the device.,0.9426229508196722,computational
2000,2000,the cell,television,communication,"Good.  We need you healthy and relaxed. You're going to eat well, meditate, exercise, and watch mindless television.",0.9051724137931034,communication
2000,2000,the cell,machine,computational,Lattimer sold the hoist to a guy named Bainbridge who tired to build a machine works out near Delano.  Bainbridge ends up in bankruptcy court and the state winds up with the land - it's just sitting there.,0.3463414634146341,computational
1940,1949,the third man,telephone,communication,In one of his letters he asked you to telephone - a good friend of his called Joseph. He gave you the number of the Casanova Club. That is where a lot of friends of Lime used to go.,0.20994475138121546,communication
1940,1949,the third man,telephone,communication,Please hurry up - just get him on the telephone.,0.7916666666666666,communication
1940,1949,the third man,phone,communication,Get me Major Callaghan on the phone.,0.8333333333333334,communication
2000,2001,the believer,television,communication,"No, but deep down, beneath the ""tolerance"" they learn on television, nothing's changed. The very word makes their skin crawl.  It isn't even hate, really. It's more the way we feel when a rat runs across the floor. We want to step on it. Crush it. We don't even know why. It's a physical reaction. Everyone feels it.",0.18037974683544303,communication
2000,2001,the believer,device,computational,So what do we do with the device?,0.7878787878787878,computational
2000,2001,the believer,device,computational,This will be a different kind of device.,0.825,computational
2000,2001,the believer,phone,communication,"Do you have a suit?  Let's get him one.... And a cell phone too.  And if you insist on blowing up a synagogue, make it that big one on Fifth Avenue, would you?",0.33962264150943394,communication
1980,1988,le grand bleu,machine,computational,... When you dive... with that machine... What does it feel like?,0.47692307692307695,computational
1980,1988,le grand bleu,telephone,communication,I'm going to put a lock on the telephone.  Did you bring the cassettes?,0.43661971830985913,communication
1980,1988,le grand bleu,machine,computational,What's that little air bottle on the machine?,0.8222222222222222,computational
2000,2003,the hebrew hammer,television,communication,"No. No. We're gonna argue. And you know what mom? I'm going to save Hanukkah just to spite you. And when my face is all over the television. When your friends are opening their Hanukkah gifts next year, don't mention it to them, okay? I wouldn't want you to have to show my picture.",0.4574468085106383,communication
2000,2003,the hebrew hammer,computer,computational,"But wait, there's more. With a few swift clicks of this hand-computer interface, commonly referred to as a mouse, I can download illicit pornographic material and even send it along to a friend via a cyber postal route known as e-mail.",0.25957446808510637,computational
2000,2003,the hebrew hammer,internet,computational,"Now this might get a bit technical, but try and stay with me. Using a highly sophisticated connection of other computators, called the Internet, I can access surveillance maps, villian biographical information, and even sports scores with a few simple keystrokes of this electronic typewriter.",0.46075085324232085,computational
1990,1999,the lost son,telephone,communication,"Dial O-O-O on the telephone if you change your mind about the drink, sir.",0.2465753424657534,communication
1990,1999,the lost son,telephone,communication,"Your brother got mixed up with child procurers  and tried to make this world a better place, Mrs De Moraes. And having rescued one little life he unwisely set out to repeat the exercise.  You dont mess around with child procurers. Right now my guess is hes either on the run, held captive, or dead.  I understand your misgivings, Mrs De Moraes. But Ive seen the boy and made telephone contact with the man Leon bought him from. If anyone knows what happened to your brother it will be that man. Which leads me to why Im here at such a late hour. I need £20,000, in cash, by 11 this morning.",0.6363636363636364,communication
1990,1999,the lost son,phone,communication,"Did you call me up here to enjoy yourself, Emily, or to let me use your phone? Because we seem to have a slight problem...",0.5901639344262295,communication
1990,1999,the lost son,telephone,communication,"A small loan would be welcome. More urgently, I need access to a telephone and an address where things can be sent to me.",0.5371900826446281,communication
1990,1999,the lost son,phone,communication,May I have your phone number?,0.5517241379310345,communication
1990,1999,the lost son,phone,communication,No... I told you on the phone. Whoever broke in messed-up all your papers. I put everything back where I thought it ought to be.  Maybe its there with...,0.15584415584415584,communication
1990,1999,the lost son,tv,communication,La collectionoose. Its about a young girl in the south of France who seduces a different man every night and then meets one who resists her. Its on TV tonight and as Im in I thought we could perhaps look at your accounts and... The review says its about the conflict between intellect and instinct. And witty. The directors supposed to be famous. Rommel or something. French. You must know him?,0.3790523690773067,communication
1990,1999,the lost son,telephone,communication,"Spitz. We spoke on the telephone.  My husband...  My daughter, Deborah, whose house this is.  My son-in-law, Carlos...  The gentleman is a business partner of his.",0.1411042944785276,communication
1990,1999,the lost son,phone,communication,Is she on the phone?,0.7,communication
1990,1999,the lost son,machine,computational,"Havent you? Then why the worried messages on his answering machine, Rhian? Id have sworn you expect him to be in trouble.",0.4878048780487805,computational
1990,1999,the lost son,phone,communication,Id appreciate it if I could use your phone.,0.8636363636363636,communication
1990,1999,the lost son,ai,computational,Jai bien peur quil te faudra attendre.  Pas avant la matinée.,0.031746031746031744,computational
2000,2002,the pianist,radio,communication,Warsaw's not the only radio station.,0.6111111111111112,communication
2000,2002,the pianist,radio,communication,Warsaw Radio. I was a technician. I saw you almost every day.,0.11475409836065574,communication
2000,2002,the pianist,radio,communication,I'll play the piano again. On Polish radio.,0.8604651162790697,communication
1930,1934,the thin man,telephone,communication,Dorothy told me you were here.  I was going to telephone but....,0.734375,communication
1990,1999,three kings,signal,communication,"We need something:  A flare, a signal mirror.",0.6888888888888889,communication
1990,1999,three kings,tv,communication,"This is so weird.  It's happening, but it's not.  It's like a TV show, and we're part of it.",0.6739130434782609,communication
2000,2001,ticker,data,computational,"One partial from the handle matches the suspect from last night. Name's Carl Taylor. Long record of arson, assault, the works. The other print - we got nothing from our data base or the FBI or CIA... still waiting for Interpol.",0.7444933920704846,computational
2000,2001,ticker,device,computational,"No, ninety-ninety percent of them are full of baloney. They're into the power trip, not the damage. What scares me is that this guy is so sophisticated he could blow up whatever he wants, then disappear. The worst of the bunch, they love the challenge of creating the wildest device ever... and they love the carnage.",0.8706624605678234,computational
2000,2001,ticker,phone,communication,"Typical profile, usually losers, nobodies that're afraid to confront their victims. They like scaring people. That's why they call in their threats. Same mentality as obscene phone callers.",0.9259259259259259,communication
2000,2001,ticker,device,computational,Just how easy is it to build a... device?,0.8292682926829268,computational
2000,2001,ticker,machine,computational,"An abandoned machine shop... nice place to build devices. Low rent, too. But, you and Rice ruined their perfect hideout.",0.10833333333333334,computational
2000,2001,ticker,device,computational,"I.R.A. device. Deadliest class of tickers in existence. Computerized, multiple sensors, booby traps, the works. First showed up in a series of I.R.A. bombings in London couple years ago. One of their boys tripped it on himself and they went back to a less complicated timers. The Girl, is she Irish?",0.023411371237458192,computational
2000,2001,ticker,device,computational,"So you're the ""Device Squad""... and you defuse ""devices""?",0.2631578947368421,computational
2000,2001,ticker,computer,computational,Computer device?,0.0,computational
2000,2001,ticker,device,computational,Computer device?,0.0,computational
2000,2001,ticker,machine,computational,"There is a motel downtown, near the Machine Shop... the Suncrest. Room 138.",0.48,computational
2000,2001,ticker,device,computational,Device.,0.0,computational
1930,1932,trouble in paradise,telephone,communication,"A man in love, completely shaken. He sits on bed, thinks, then takes telephone slowly, decisively.",0.7040816326530612,communication
1930,1932,trouble in paradise,phone,communication,"You'd better not. He's really very dull. But anyhow, when the king tells the marquis he saw me, the marquis will tell the marchesa. And the marchesa is the best friend of the Duchess of Chambro. And <u>she</u> will phone the Princess de Costa. The princess doesn't like me--but I don't care!",0.738831615120275,communication
1930,1934,transatlantic merry-go-round,radio,communication,You're the President. Come in! Your brother was just telling me a few jokes I can use on the radio--,0.93,communication
1990,1993,tombstone,signal,communication,"Actually, you know, that's not a Bad idea, send a signal we're Growing up.",0.6756756756756757,communication
1990,1997,tomorrow never dies,device,computational,"Precisely, Mr. Bond. In a matter of minutes, the boring device will arrive at the core of the reactor...  And when the radioactive blades cut into the plutonium -",0.345679012345679,computational
1990,1997,tomorrow never dies,signal,communication,"Or disinformation... If you wanted to, say, beam down a signal to send a ship off course? Maybe one degree a minute?",0.4827586206896552,communication
1990,1997,tomorrow never dies,tv,communication,"Welcome to the new world order, Mr. Bond.  Churchill had his armies; Caesar had his legions; I have my divisions:  News, sports, business, entertainment. And these are my foot soldiers:  2000 people working on 14 floors to feed 300 newspapers, 4 cable news networks, 87 magazines, and 29 different cable TV channels - in 35 languages.",0.9101796407185628,communication
1990,1997,tomorrow never dies,radio,communication,"Because it's a dying city. Since the Chinese take-over, who knows what can happen tomorrow?  In any case, this is my father, Charles: A royal bastard who started the first radio and television stations. Said I'd never amount to anything, but...  I turned it into this",0.6441947565543071,communication
1990,1997,tomorrow never dies,television,communication,"Because it's a dying city. Since the Chinese take-over, who knows what can happen tomorrow?  In any case, this is my father, Charles: A royal bastard who started the first radio and television stations. Said I'd never amount to anything, but...  I turned it into this",0.6441947565543071,communication
1990,1997,tomorrow never dies,phone,communication,"Oh, please, Mr. Bond. We live in the information age! Information is currency - and with the right currency, you can have any piece of information.  Besides I own the phone company. What do you say? Twenty minutes?",0.780373831775701,communication
1990,1997,tomorrow never dies,computer,computational,Next morning. Both boats. Nothing wrong.  My 90 year old grandfather thinks 'Ghost in the computer - Silicon Dragon.',0.7692307692307693,computational
1990,1997,tomorrow never dies,machine,computational,"Yes. And do try to keep all four of them on the road.  All the usual refinements: Smoke, missiles, machine guns -  Fully operational remote control. Drives forward, reverse -  Stop that!  Plus infrared thermal imaging radar, heads up instrumentation, and 17 beverage cup holders.",0.3548387096774194,computational
1990,1997,tomorrow never dies,phone,communication,"Not a clue. I didn't lose the ship.  Next, your new personal communicator.  Picture-phone, fax, beeper.",0.8155339805825242,communication
1990,1997,tomorrow never dies,computer,computational,"That hardly makes up for the imposition.  Now, for what I hope will be the very last time - pay attention, 007.  First, computer generated retrograde analysis map. Body here, meteorolog- ical influences here, likely vector- ing of the ship's coordinates here.",0.46332046332046334,computational
1990,1997,tomorrow never dies,radio,communication,"Occasionally, yes.  British media mogul. Born in Hong Kong; controls newspapers, TV, radio, cable, satellites; books, magazines, movies, computer software. Theme parks.",0.5059523809523809,communication
1990,1997,tomorrow never dies,tv,communication,"Occasionally, yes.  British media mogul. Born in Hong Kong; controls newspapers, TV, radio, cable, satellites; books, magazines, movies, computer software. Theme parks.",0.5059523809523809,communication
1990,1997,tomorrow never dies,computer,computational,"Occasionally, yes.  British media mogul. Born in Hong Kong; controls newspapers, TV, radio, cable, satellites; books, magazines, movies, computer software. Theme parks.",0.5059523809523809,communication
1990,1997,tomorrow never dies,device,computational,"Oh. I almost forgot. There is one last thing: Before Q retired, he asked that I give you one other protective device.",0.9401709401709402,computational
1990,1997,tomorrow never dies,machine,computational,"Okay, Saunders. What is it this time? Rocket in the leg? Machine pistol in the arm?",0.6867469879518072,computational
1990,1997,tomorrow never dies,computer,computational,Seized it from a guy smuggling computer chips out of Bangkok.  Should have seen his rose garden: Blooms the size of hand grenades.,0.23846153846153847,computational
1990,1997,tomorrow never dies,phone,communication,"Here. I gave you my assistant's phone number. If it's urgent, she knows where to reach me.",0.35555555555555557,communication
1990,1997,tomorrow never dies,radio,communication,"If it's radio controlled, it'll break the code.",0.1702127659574468,communication
1990,1997,tomorrow never dies,tv,communication,Your bankers want an answer about the Brazilian TV stations,0.8135593220338984,communication
1990,1997,tomorrow never dies,signal,communication,Check it again. What about the global positioning satellite? Could there be something wrong with the signal?,0.9351851851851852,communication
1990,1995,toy story,computer,computational,"According to my nava-computer, the --",0.5675675675675675,computational
1990,1995,toy story,device,computational,Why is that soldier strapped to an explosive device?,0.8653846153846154,computational
2000,2000,traffic,telephone,communication,Got it?  Good.  Do not discuss anything over the telephone.  Do not talk to the neighbors.  Stay out of your yard.,0.4298245614035088,communication
2000,2000,traffic,telephone,communication,If you start in on the war metaphors I'm going to drive this car into a fucking telephone pole.,0.8421052631578947,communication
2000,2000,traffic,phone,communication,"I'm on a special phone, may I speak freely?",0.3953488372093023,communication
2000,2000,traffic,telephone,communication,She's nosy.  She hears me on the telephone.,0.7674418604651163,communication
1990,1996,trainspotting,machine,computational,I'll put the sheets in the washing machine just now.,0.6730769230769231,computational
1990,1996,trainspotting,television,communication,It was my fucking television.,0.6206896551724138,communication
1980,1989,star trek v: the final frontier,signal,communication,If we could send a distress signal...,0.7567567567567568,communication
1980,1989,star trek v: the final frontier,screen,computational,Put it on the screen.,0.6666666666666666,computational
1980,1989,star trek v: the final frontier,signal,communication,"The lyrics are - are very simple. It's, er, ""Row, row, row your boat, gently down the stream. Merrily, merrily, merrily, merrily, life is but a dream.."" The Doctor and I will start it off, and then when we give you the signal, you jump in.  Doctor, if you please.",0.8326996197718631,communication
1980,1982,tron,phone,communication,"And Dillinger's instructions to divert them -- it's all there - look, even his home phone number, when he logged on.",0.7241379310344828,communication
1980,1982,tron,machine,computational,"Sherman, set the Wayback Machine for...oh, 1973. Kevin Flynn  is one of the brightest young software engineers at ICOM. He's so bright that he starts going in there at night, and sets up a private memory file, and begins writing a program for a video game he is inventing, called...  ...Space Paranoids.",0.08250825082508251,computational
1980,1982,tron,data,computational,"Yes, won't that be grand -- the computers will start thinking, and people will stop. Lora, I'm going to stay and run some data through. See you tomorrow.",0.7973856209150327,computational
1980,1982,tron,computer,computational,"Not disintegrating, Alan -- digitizing. While the laser is dismantling the molecular structure of the object, the computer maps out a holographic model of it. The molecules themselves are suspended in the laser beam. Then the computer reads the model back out, the molecules go back into place, and...  voila.",0.36893203883495146,computational
1980,1982,tron,data,computational,"Walter, I sympathize, but I have data coming out of the Master Control Program saying there is something screwy --",0.2894736842105263,computational
1980,1982,tron,data,computational,"A little ...  Over there, the Mountains of Data... and I think that's the Silicon Valley...",0.4725274725274725,computational
1990,1994,true lies,phone,communication,Helen's phone.  Her office line and the line at my house.,0.14035087719298245,communication
1990,1994,true lies,phone,communication,Put a tap on her phone.,0.7391304347826086,communication
1990,1994,true lies,signal,communication,That's it.  Get 'im Harry  We'll teach that little puke not to signal.,0.9,communication
1990,1994,true lies,computer,computational,Harry?  What can I say about Harry?  He's a sales rep for a computer company.,0.7792207792207793,computational
1990,1994,true lies,phone,communication,"...and I'm troubleshooting it with them over the phone... talking to a translator, right, who's getting half of it wrong... it was unbelievable...  really wild.",0.30625,communication
1990,1994,true lies,phone,communication,"I couldn't believe it.  I go back to get this report I need, right, and the phone is ringing, so like a bonehead I answer it--",0.6031746031746031,communication
1990,1994,true lies,computer,computational,"Yeah.  You should have seen it. We were the hit of the show with the new model ordering system, the one for the 680... how you can write up an order and the second the customer's name goes into the computer, it starts checking their credit, and if they've ordered anything in the past, and if they get a discount...",0.6285714285714286,computational
1990,1994,true lies,signal,communication,"Okay.  It's just, things are a bit hot for me right now.  If I get a signal...  I may have to leave suddenly.",0.6330275229357798,communication
1990,1993,true romance,tv,communication,"Yeah, my room-mate leaves it on the TV.",0.9230769230769231,communication
1990,1993,true romance,tv,communication,"I been in America all my life. I'm due for a change. I wanna see what TV in other countries is like. Besides, it's more dramatic. Where should we fly off to, my little turtledove?",0.39106145251396646,communication
1990,1993,true romance,tv,communication,"It's over on the TV. All it says is: ""Dear Clarence."" I couldn't write anymore. I didn't not want to ever see you again. In fact, it's stupid not to ever see you again. Las night... I don't know... I felt... I hadn't had that much fun since Girl Scouts. So I just said, ""Alabama, come clean, Let him know what's what, and if he tells you to go fuck yourself then go back to Drexl and fuck yourself.""",0.042606516290726815,communication
1990,1993,true romance,tv,communication,"No thanks? What does that mean? Means you ate before you came down here? All full. Is that it? Naw, I don't think so. I think you're too scared to be eatin'. Now, see we're sittin' down here, ready to negotiate, and you've already given up your shit. I'm still a mystery to you. But I know exactly where your ass is comin' from. See, if I asked you if you wanted some dinner and you grabbed an egg roll and started to chow down, I'd say to myself, ""This motherfucker's carryin' on like he ain't got a care in the world. Who know? Maybe he don't. Maybe this fool's such a bad motherfucker, he don't got to worry about nothin', he just sit down, eat my Chinese, watch my TV."" See? You ain't even sat down yet. On that TV there, since you been in the room, is a woman with her titties hangin' out, and you ain't even bothered to look. You just been starin' at me. Now, I know I'm pretty, but I ain't as pretty as a couple of titties.",0.7193548387096774,communication
1990,1995,twelve monkeys,tv,communication,"In a few weeks, it will have started or it won't.  If there are still baseball games and traffic jams, armed robberies and boring TV shows -- we'll be so happy, we'll be glad to turn ourselves in to the police.",0.6190476190476191,communication
1990,1995,twelve monkeys,tv,communication,I think I've seen this movie before. When I was a kid.  It was on TV.,0.9565217391304348,communication
1990,1995,twelve monkeys,phone,communication,James...do you remember...six years ago...you had a phone number!  You tried to call and...,0.5714285714285714,communication
1990,1995,twelve monkeys,tv,communication,IT WASN'T A TV SHOW!  IT WAS REAL!,0.35294117647058826,communication
1990,1995,twelve monkeys,tv,communication,I think I saw a TV show like that when I was a kid.  Where a boy...,0.23880597014925373,communication
1990,1995,twelve monkeys,radio,communication,"It's the next step.  I checked out the Baltimore information, it was nothing. It's Philadelphia, that's where they are, the ones who killed everyone.  Zs that a radio?  Does it play music?",0.8563829787234043,communication
1990,1995,twelve monkeys,telephone,communication,"No!  Look, I don't belong here!  What I need to do is make a telephone call to straighten everything out.",0.580952380952381,communication
1990,1995,twelve monkeys,tv,communication,"Remember?  We were in the dayroom, watching TV, and you were all upset about the...desecration of the planet. And you said to me, ""Wouldn't it be great if there was a germ or a virus that could wipe out mankind and leave the plants and animals just as they are?""  You do remember that, don't you?",0.14864864864864866,communication
1990,1995,twelve monkeys,phone,communication,"A telephone call?  That's communication with the outside world!  Doctor's discretion.  Hey, if alla these nuts could just make phone calls, it could spread.  Insanity oozing through telephone cables, oozing into the ears of all those poor sane people, infecting them!  Whackos everywhere!  A plague of madness.  In fact, very few of us here are actually mentally ill.  I'm not saying you're not mentally ill, for all I know you're crazy as a loon.  But that's not why you're here.  Why you're here is because of the system, because of the economy.  There's the TV.  It's all right there. Commercials.  We are not productive anymore, they don't need us to make things anymore, it's all automated.  What are we for then?  We're consumers.  Okay, buy a lot of stuff, you're a good citizen. But if you don't buy a lot of stuff, you know what?  You're mentally ill! That's a fact!  If you don't buy things...toilet paper, new cars, computerized blenders, electrically operated sexual devices...  SCREWDRIVERS WITH MINIATURE BUILT-IN RADAR DEVICES, STEREO SYSTEMS WITH BRAIN IMPLANTED HEADPHONES, VOICE- ACTIVATED COMPUTERS, AND...",0.11288888888888889,communication
1990,1995,twelve monkeys,telephone,communication,"A telephone call?  That's communication with the outside world!  Doctor's discretion.  Hey, if alla these nuts could just make phone calls, it could spread.  Insanity oozing through telephone cables, oozing into the ears of all those poor sane people, infecting them!  Whackos everywhere!  A plague of madness.  In fact, very few of us here are actually mentally ill.  I'm not saying you're not mentally ill, for all I know you're crazy as a loon.  But that's not why you're here.  Why you're here is because of the system, because of the economy.  There's the TV.  It's all right there. Commercials.  We are not productive anymore, they don't need us to make things anymore, it's all automated.  What are we for then?  We're consumers.  Okay, buy a lot of stuff, you're a good citizen. But if you don't buy a lot of stuff, you know what?  You're mentally ill! That's a fact!  If you don't buy things...toilet paper, new cars, computerized blenders, electrically operated sexual devices...  SCREWDRIVERS WITH MINIATURE BUILT-IN RADAR DEVICES, STEREO SYSTEMS WITH BRAIN IMPLANTED HEADPHONES, VOICE- ACTIVATED COMPUTERS, AND...",0.11288888888888889,communication
1990,1995,twelve monkeys,tv,communication,"A telephone call?  That's communication with the outside world!  Doctor's discretion.  Hey, if alla these nuts could just make phone calls, it could spread.  Insanity oozing through telephone cables, oozing into the ears of all those poor sane people, infecting them!  Whackos everywhere!  A plague of madness.  In fact, very few of us here are actually mentally ill.  I'm not saying you're not mentally ill, for all I know you're crazy as a loon.  But that's not why you're here.  Why you're here is because of the system, because of the economy.  There's the TV.  It's all right there. Commercials.  We are not productive anymore, they don't need us to make things anymore, it's all automated.  What are we for then?  We're consumers.  Okay, buy a lot of stuff, you're a good citizen. But if you don't buy a lot of stuff, you know what?  You're mentally ill! That's a fact!  If you don't buy things...toilet paper, new cars, computerized blenders, electrically operated sexual devices...  SCREWDRIVERS WITH MINIATURE BUILT-IN RADAR DEVICES, STEREO SYSTEMS WITH BRAIN IMPLANTED HEADPHONES, VOICE- ACTIVATED COMPUTERS, AND...",0.11288888888888889,communication
1990,1995,twelve monkeys,telephone,communication,I need to make a telephone call.,0.53125,communication
1990,1995,twelve monkeys,phone,communication,"Hey, five minutes ago, thirty years ago! Yes, that phone call.  I been in training for this a couple a months now -- ever since I got back from that... ""weird"" war we were in.  You remember that?  Here, take it, man!  You could still be a hero if you'd cooperate!",0.19391634980988592,communication
1990,1995,twelve monkeys,phone,communication,"The phone call, man.  The phone call.",0.10810810810810811,communication
1990,1995,twelve monkeys,signal,communication,"It's a digital reconstruction of a message, Cole, from a weak signal on our contact number.  Did you make that call?",0.5344827586206896,communication
1990,1995,twelve monkeys,digital,computational,"It's a digital reconstruction of a message, Cole, from a weak signal on our contact number.  Did you make that call?",0.5344827586206896,communication
1990,1995,twelve monkeys,computer,computational,"James Cole.  That's everything we got.  None of the James Coles on the computer match him. No license, no prints, no warrants.  Nothing. You want me to go in with you?",0.4251497005988024,computational
1990,1995,twelve monkeys,radio,communication,"Twelve Monkeys, honey.  Guess you folks didn't turn on your radio this morning.",0.759493670886076,communication
1970,1973,u-turn,machine,computational,Yeah I want something.  I want you to run over to that machine and get me a pop.,0.6875,computational
1970,1973,u-turn,phone,communication,Who was that on the phone?,0.7692307692307693,communication
1970,1973,u-turn,phone,communication,"John, what a surprise.  I expected to be seeing you, not talking to you over the phone.",0.9310344827586207,communication
1990,1997,u turn,machine,computational,Yeah I want something.  I want you to run over to that machine and get me a pop.,0.6875,computational
1990,1997,u turn,tv,communication,"Then you're only a hundred-forty-five in the hole.  You can keep that dollar. Now why don't you just take your American Express Gold Card, and call that guy with the big schnooz on TV and have him send you the money lickity split.",0.7869565217391304,communication
1990,1997,u turn,phone,communication,Who was that on the phone?,0.7692307692307693,communication
2000,2000,unbreakable,internet,computational,"You could have poured coffee in Starbucks, you could have learned to install track lighting in office buildings, you could have told people their horoscopes on the internet... You could have been one of ten thousand things... but in the end, you chose to protect people. You made that decision... and I find that very, very interesting.  Now all I need is your credit card number.",0.43157894736842106,computational
2000,2000,unbreakable,phone,communication,"Football wasn't the kind of life I wanted... For ten years I'd be by the phone waiting for a call telling me he broke his neck in a practice game. And if it wasn't that call, it would be a call telling me he blew out his knee or suffered his third concussion. I've seen way too much of it in my job... I can barely take it when my clients are in pain.  I don't hate the game. I admire the amount of skill it involved and, like everyone else, I was in awe of how he could play it, but I couldn't give him my heart and then have something happen to him. And it always does with that game.  It's not a thing many people would understand.",0.11514195583596215,communication
2000,2000,unbreakable,television,communication,"You can't do anything about that. You might fall between that chair and this television. If that's what God has planned for you, that's what's going to happen. You can't hide from it in your room.",0.39285714285714285,communication
1990,1995,the usual suspects,phone,communication,You think I don't know you held out on the D.A.? What did you leave out of that testimony? I can be on the phone to Ruby Deemer in ten minutes.,0.7482517482517482,communication
1970,1974,verdict,machine,computational,"That that poor girl put her trust in the hands of two men who took her life, she's in a coma, her life is gone.  She has no family, she has no home, she's tied to a machine, she has no friends --and the people who should care for her:  her Doctors, and you, and me, have been bought off to look the other way.  We have been paid to look the other way.  I came in here to take your money.   I brought snapshots to show you. So I could get your money.   I can't take it.  If I take it. If I take that money I'm lost. I'm just going to be a rich ambulance chaser.    I can't do it. I can't take it.",0.2773109243697479,computational
1970,1974,verdict,phone,communication,... yes.  Get her on the phone ...,0.7352941176470589,communication
1970,1974,verdict,phone,communication,"He's the Assistant Chief of Anesthesiology, Massachusetts Commonwealth.  He says your doctors, Towler and Marx, put my girl in the hospital for life.  And we can prove that.  What we don't know is why.  What went on in there?  In the O.R.  That's what we'd like to know.  Something went wrong.  And you know what it was.  They gave her the wrong anesthetic.  What happened?  The phone rang...someone got distracted...what?",0.8981042654028436,communication
1970,1974,verdict,tv,communication,The TV didn't work.,0.21052631578947367,communication
1970,1974,verdict,phone,communication,"He's...you can't reach him, Sir. He's in the, on some island in the Caribbean, they don't have a phone.   He'll be back in a week...  If you'd like Dr. Halpern's number...",0.5672514619883041,communication
1970,1974,verdict,tv,communication,So what...?  The best is yet to come.  Check the TV Guide.  They got our Dr. Towler on a panel on GBH on Friday: 'The Healing Hand. The Experts Speak.',0.32450331125827814,communication
1950,1958,vertigo,phone,communication,"I suppose I could phone the store in the morning, and say I'm sick.",0.26865671641791045,communication
1950,1958,vertigo,phone,communication,"Since I stopped being able to get them on the phone. For a man who has nothing to do, you're certainly a busy little bee. Where do you go, these days?",0.30666666666666664,communication
1990,1998,very bad things,phone,communication,So help me God you touch that phone and I bury you with them.  Surrender is no longer an option. I repeat - It is not an option. Is there anyone who does not understand that?,0.1724137931034483,communication
1990,1998,very bad things,television,communication,I've seen it on television.,0.5925925925925926,communication
1990,1998,very bad things,phone,communication,Can't we do it on the phone?,0.7857142857142857,communication
1990,1995,virtuosity,machine,computational,I've discovered something about Lindenmeyer'5 Maestro teaching tool I thought you should know...  The harm done to the music students who used the device  it was not by accident. The machine was designed explicitly for that purpose. Lindenmeyer intended to hurt the kids using it.,0.6560283687943262,computational
1990,1995,virtuosity,device,computational,I've discovered something about Lindenmeyer'5 Maestro teaching tool I thought you should know...  The harm done to the music students who used the device  it was not by accident. The machine was designed explicitly for that purpose. Lindenmeyer intended to hurt the kids using it.,0.6560283687943262,computational
1990,1995,virtuosity,computer,computational,He was a computer program for crissake.,0.23076923076923078,computational
1990,1995,virtuosity,device,computational,"Sid is smart enough to know you'd check everywhere in the immediate area. Whatever the device is, he's probably got it timed to move into position just before it detonates.  Have the demo teams check every subway tunnel, water pipe, gas pipe, and sewer pipe that goes under, over, or into the arena.",0.2909698996655518,computational
1990,1995,virtuosity,machine,computational,It's better than real. It's synthetic flesh. Synthetic blood. Synthetic organs...  It's a physiological machine.,0.9285714285714286,computational
1990,1995,virtuosity,television,communication,"I've spent over 50 hours interviewing him.  Charlie killed Leno and Rosemary LaBianca because of the ugly way the members of his family had butchered Sharon Tate. After seeing the blood bath on television, he wanted to show them how it should be done.  The question is, what does Charlie have to do with Sid 6.7?",0.6217948717948718,communication
1990,1995,virtuosity,computer,computational,Not much. He was just a computer program. Nothing more.,0.43636363636363634,computational
1990,1997,wag the dog,phone,communication,"Well, get on the phone, and <u>get</u> it...",0.38636363636363635,communication
1990,1997,wag the dog,phone,communication,"You gotta give me a day.  I need a day.  He's sick, get it out <u>now</u>.  Get him on the phone'n tell him how sick he is.  We got to get it out before the story breaks, so we aren't quote, responding to it. Issue is as a bulletin.  He's got some rare strain of...",0.3433962264150943,communication
1990,1997,wag the dog,television,communication,THE GROUP WATCHING TELEVISION.,0.6333333333333333,communication
1990,1997,wag the dog,telephone,communication,"THE PLANE, IN A VIOLENT RAINSTORM, BUCKING WILDLY.  AMES, ON HIS KNEES, GATHERING UP THE PILLS, REPLACES THEM IN THE VIAL, SHAKES OUT TWO, AND GIVES THEM TO SCHUMANN.  WHO TAKES THEM.  MOSS THEN STRAPS HIMSELF BACK IN AND BREAN CONTINUES TALKING ON THE TELEPHONE.",0.9619771863117871,communication
1990,1997,wag the dog,tv,communication,"ON LIZ, AS SHE WALKS THROUGH THE H.Q., ON A BOARD WE SEE ""DAYS TILL ELECTION 6"" AND % IN FAVOR 82%.  A HUGE TV SHOWS THE PRESIDENT.",0.8244274809160306,communication
1990,1997,wag the dog,tv,communication,"BREAN, SHAKING HIS HEAD.  IN THE B.G., MOSS, DRINKING. THE TV COMES TO LIFE.",0.7763157894736842,communication
1990,1997,wag the dog,television,communication,Course there's a war.  I'm watching it on Television.,0.7924528301886793,communication
1990,1997,wag the dog,computer,computational,"That's what I'm telling you.  The two things:  the two things:  Rare strain of flu, No Cause to Be Alarmed.  And the B-2 Bomber...  Clear me a space.  Get me a copy, go rob one, get it off the computer, Wash Post, N.Y. <u>TIMES</u>,",0.8318965517241379,computational
1990,1997,wag the dog,phone,communication,I'm looking for a phone...,0.6923076923076923,communication
1990,1997,wag the dog,phone,communication,"Get on the phone, have'em fly in a ...whaddaya need to be a citizen?  A Judge?  Whaddaya need?  A Judge...? Call in a <u>Judge</u>, call in a Federal <u>Judge</u>, and...  If you're concerned about him, being an ...""immigrant."" Make him a <u>citizen</u>... Eh?  <u>Guys</u> ... what's all this <u>mopery</u>, we...",0.03503184713375796,communication
1990,1997,wag the dog,phone,communication,Pals:  Get on the <u>phone</u>... r'they flying it?,0.4117647058823529,communication
1990,1997,wag the dog,television,communication,"Leav't alone.  Wha'd television ever do to you?  Ate your <u>life</u>, ruin'd your <u>Culture</u>, but...",0.2,communication
1990,1997,wag the dog,tv,communication,Haven't had so much fun since Live TV.,0.9210526315789473,communication
1990,1997,wag the dog,tv,communication,I saw it on TV.,0.8,communication
1980,1987,wall street,phone,communication,"Give me that phone.  Yes, sir, this is the manager. What seems to be the problem?",0.16049382716049382,communication
1980,1987,wall street,phone,communication,"Buddy, buddy, when ya gonna realize it's big game hunters that bag the elephants, not retail brokers. I heard this story about Gekko... he was on the phone 30 seconds after the Challenger blew up selling NASA stocks short.",0.6756756756756757,communication
1980,1987,wall street,phone,communication,"Thanks Marv, I'll make it good to you.  You know what my dream is? One day to be on the other end of that phone...",0.9298245614035088,communication
1980,1987,wall street,machine,computational,"Yeah, where's your machine gun.",0.6129032258064516,computational
1980,1987,wall street,phone,communication,"You get on the phone and ask strangers for their money, right? You're a salesman.",0.18518518518518517,communication
1980,1987,wall street,phone,communication,Teldar's shooting up. Buy any for yourself? Bet you were on the phone two minutes after you got out of my office.,0.5663716814159292,communication
1980,1987,wall street,screen,computational,See this? Can you believe it? Two inch screen...,0.8125,computational
1980,1987,wall street,phone,communication,"...Janet get my father on the phone and the two other union reps, urgent...",0.4,communication
2000,2000,what lies beneath,radio,communication,She finished my solitaire game and turned on the radio...she likes rock and roll. Angry rock and roll.,0.4803921568627451,communication
1990,1996,the witching hour,tv,communication,'Freak at the week.'   That's what the TV crew. call it-  people come right to the house.  They have a husband or wife who skipped town - or a missing kid-  They bring a sweater or a toy - and ask me to touch it. so I can teel them where they are..,0.15725806451612903,communication
1990,1994,white angel,computer,computational,"I thought someone was following me - I - er -  I just needed my computer and some things...Listen, I'd like to work from home for a few weeks - is that OK?",0.4129032258064516,computational
1990,1994,white angel,tv,communication,"You know everyone accuses me of being sick - the press, the TV - but I'm not you know - they are - I don't watch it for entertainment every night - I don't sit and watch it whilst eating my dinner - they all say, how could he cut her up? She was dead - I can't hurt something dead - And all this whilst they slobber down their processed beef burgers by the dozen - I couldn't eat one of those burgers, you don't know what has gone in them!",0.1366742596810934,communication
2000,2003,who's your daddy?,phone,communication,I had a Portuguese boyfriend who could read the phone book and melt me.,0.676056338028169,communication
2000,2003,who's your daddy?,phone,communication,"Save it, honey.  We want to hear every detail when you get back, but we don't want you to run up Mr. Zukerman's phone bill.",0.9105691056910569,communication
1990,1998,wild things,tv,communication,I'm fine.  Nice TV.,0.8421052631578947,communication
1990,1998,wild things,phone,communication,"You heard Kelly say ""Sam.""  That was Lombardo on the phone.  And you saw the girls...",0.6235294117647059,communication
1990,1998,wild things,phone,communication,"So if they're tapping your phone, we're dead.  Stay in the guest house.  Skip the graduation parties.  You'll never see Duquette.  Okay?  I love you.",0.18120805369127516,communication
1990,1998,wild things,machine,computational,Shit.  I was afraid of that.  She left this garbled message on my machine.  Can you calm her down?,0.673469387755102,computational
1990,1999,wild wild west,machine,computational,The machine was stopped!  It seemed like a perfect time to disable it! Why'd you have to throw it into full throttle?!,0.03389830508474576,computational
1990,1999,wild wild west,device,computational,Sorry.  Didn't mean that.  Just a little device of mine...,0.7068965517241379,computational
1980,1985,witness,phone,communication,No. I'd want a public phone.,0.7857142857142857,communication
1980,1985,witness,telephone,communication,Telephone? The Gunthers across the valley. They're Mennonite. They have cars and refrigerators and telephones in the houses even.,0.0,communication
1980,1985,witness,telephone,communication,Where's the nearest telephone?,0.6666666666666666,communication
1990,1999,the world is not enough,signal,communication,They wont get far. Every warhead has a locator card.  A Miratom device.  Emits a high-pitched signal on Russian emergency frequencies. We can track the bomb.,0.6012658227848101,communication
1990,1999,the world is not enough,device,computational,They wont get far. Every warhead has a locator card.  A Miratom device.  Emits a high-pitched signal on Russian emergency frequencies. We can track the bomb.,0.6012658227848101,communication
1990,1999,the world is not enough,radio,communication,The report King bought. Its a manual. Renards men used it to remove this radio tracking device from the warhead.,0.6578947368421053,communication
1990,1999,the world is not enough,device,computational,The report King bought. Its a manual. Renards men used it to remove this radio tracking device from the warhead.,0.6578947368421053,communication
2000,2009,watchmen,phone,communication,Ohh.  I could use some dinner.  Who was that on the phone?,0.896551724137931,communication
2000,2009,watchmen,telephone,communication,Too important for telephone.  Comedian -- Dr. Manhattan.  All linked up.,0.25,communication
2000,2002,xxx,data,computational,"Jesus Christ. You're going to have to go out the back. The data that you copied with your toy. Tomorrow, at six o'clock. Look it up. We're taking a trip. Be there at six and you'll have plenty to tell your people.",0.27699530516431925,computational
2000,2000,x-men,machine,computational,Yes -- Only there's a problem.  The mutator gene is not responding to the radiation the way it would in mother nature.  It's forcing the body's cells to replicate thousands of times faster than they're accustomed to.  The Senator's body is literally burning itself out.  Scott -- this machine kills people and I don't think Magneto realizes it.,0.8284883720930233,computational
2000,2000,x-men,machine,computational,"Correct...  Apparently, Adamantium is the only metal strong enough to hold the energy this machine produces.  He used the Adamantium in Logan's dog tag to test it on the Senator.  And I assume now he plans to use the rest of Logan's skeleton for a larger demonstration.",0.3382899628252788,computational
2000,2000,x-men,machine,computational,It appears as though Magneto has built a machine which somehow triggers the mutator gene in normal human beings. And he is using Adamantium as its core.,0.26973684210526316,computational
